-- Filling of admin login
-- password is encode value of admin123
INSERT INTO cr_admin_login(user_id, user_name, password)
VALUES (1, 'riteadmin', '$2a$10$GgfH96h8aHa2YBfYtw8EqOj3yJPzrJ4TKEvizDhyVvolEM1VEbwGi');

-- Filling modules table

INSERT INTO cr_modules
(module_id, module_name, module_code, user_module_name, creation_date, created_by, last_update_date, last_update_by)
VALUES(2, 'Financial Management', 'FIN', 'Financial Management', '2024-03-02', 'ConvertRiteAdmin', '2024-03-02', 'ConvertRiteAdmin');
INSERT INTO cr_modules
(module_id, module_name, module_code, user_module_name, creation_date, created_by, last_update_date, last_update_by)
VALUES(4, 'Supply Chain Management', 'SCM', 'Supply Chain Management', '2024-03-02', 'ConvertRiteAdmin', '2024-03-02', 'ConvertRiteAdmin');
INSERT INTO cr_modules
(module_id, module_name, module_code, user_module_name, creation_date, created_by, last_update_date, last_update_by)
VALUES(5, 'Manufacturing', 'MFG', 'Manufacturing', '2024-03-02', 'ConvertRiteAdmin', '2024-03-02', 'ConvertRiteAdmin');
INSERT INTO cr_modules
(module_id, module_name, module_code, user_module_name, creation_date, created_by, last_update_date, last_update_by)
VALUES(6, 'Human Capital Management', 'HCM', 'Human Capital Management', '2024-03-02', 'ConvertRiteAdmin', '2024-03-02', 'ConvertRiteAdmin');
INSERT INTO cr_modules
(module_id, module_name, module_code, user_module_name, creation_date, created_by, last_update_date, last_update_by)
VALUES(7, 'Project portfolio management', 'PPM', 'Project portfolio management', '2024-03-02', 'ConvertRiteAdmin', '2024-03-02', 'ConvertRiteAdmin');

-- Filling objects table

-- RECEIVABLES_STANDARD_RECEIPT
INSERT INTO cr_objects (object_id,object_name,object_code,user_object_name,module_code,parent_object_id,fbdi_sheet,hdl_sheet,loader_endpoint,re_con_query,sequence_in_parent,interface_table_name,rejection_table_name,ctl_file_name,xlsm_file_name,immediate_parent,batch_size,base_tables,creation_date,created_by,last_update_date,last_update_by,attribute1,attribute2,attribute3,attribute4,attribute5,attribute6,attribute7,attribute8,attribute9,attribute10,attribute11,attribute12,attribute13,attribute14,attribute15,conversion_type,cld_template_code,cld_metadata_table_name,cld_template_name) VALUES
	 (1,'Receivables Standard Receipt','RECEIVABLES_STANDARD_RECEIPT','Receivables Standard Receipt','FIN',NULL,'',NULL,'FBDI',NULL,NULL,'','','','ReceivablesStandardReceiptImportTemplate',NULL,30000,NULL,current_date,'riteadmin',current_date,'riteadmin',NULL,NULL,NULL,NULL,NULL,NULL,NULL,NULL,NULL,NULL,NULL,NULL,NULL,NULL,NULL,'DATA_MIGRATION',NULL,NULL,NULL),
	 (2,'Receivables Standard Receipt Import','RECEIVABLES_STANDARD_RECEIPT_IMPORT','Receivables Standard Receipt Import','FIN',1,'AR_PAYMENTS_INTERFACE_ALL',NULL,'FBDI',NULL,1,'AR_PAYMENTS_INTERFACE_ALL','AR_PAYMENTS_INTERFACE_ALL','arlockboximportc','ReceivablesStandardReceiptImportTemplate',NULL,30000,'AR_CASH_RECEIPTS_ALL',current_date,'riteadmin',current_date,'riteadmin',NULL,NULL,NULL,NULL,NULL,NULL,NULL,NULL,NULL,NULL,NULL,NULL,NULL,NULL,NULL,'DATA_MIGRATION','RECEIVABLES_STD_RECEIPT_IMP','CR_RECEIVABLES_STD_RECEIPT_IMP_C','CR_RECEIVABLES_STD_RECEIPT_IMP_CLD');

INSERT INTO cr_object_information (object_id,info_type,info_value,info_description,additional_information1,additional_information2,additional_information3,additional_information4,additional_information5,creation_date,created_by,last_update_date,last_update_by,attribute1,attribute2,attribute3,attribute4,attribute5,attribute6,attribute7,attribute8,attribute9,attribute10,attribute11,attribute12,attribute13,attribute14,attribute15) VALUES
	(2,'DocumentAccount','fin/receivablesStandardReceipt/import','','',NULL,NULL,NULL,NULL,current_date,'riteadmin',current_date,'riteadmin',NULL,NULL,NULL,NULL,NULL,NULL,NULL,NULL,NULL,NULL,NULL,NULL,NULL,NULL,NULL),
	(2,'JobName','/oracle/apps/ess/financials/receivables/receipts/lockboxes/,ProcessLockboxesMasterEss','','',NULL,NULL,NULL,NULL,current_date,'riteadmin',current_date,'riteadmin',NULL,NULL,NULL,NULL,NULL,NULL,NULL,NULL,NULL,NULL,NULL,NULL,NULL,NULL,NULL),
	(2,'DocumentSecurityGroup','FAFusionImportExport','','',NULL,NULL,NULL,NULL,current_date,'riteadmin',current_date,'riteadmin',NULL,NULL,NULL,NULL,NULL,NULL,NULL,NULL,NULL,NULL,NULL,NULL,NULL,NULL,NULL),
	(2,'Sequence','1','','',NULL,NULL,NULL,NULL,current_date,'riteadmin',current_date,'riteadmin',NULL,NULL,NULL,NULL,NULL,NULL,NULL,NULL,NULL,NULL,NULL,NULL,NULL,NULL,NULL);

-- BLANKET_PURCHASE_AGREEMENTS
INSERT INTO cr_objects (object_id,object_name,object_code,user_object_name,module_code,parent_object_id,fbdi_sheet,hdl_sheet,loader_endpoint,re_con_query,sequence_in_parent,interface_table_name,rejection_table_name,ctl_file_name,xlsm_file_name,immediate_parent,batch_size,base_tables,creation_date,created_by,last_update_date,last_update_by,attribute1,attribute2,attribute3,attribute4,attribute5,attribute6,attribute7,attribute8,attribute9,attribute10,attribute11,attribute12,attribute13,attribute14,attribute15,conversion_type,cld_template_code,cld_metadata_table_name,cld_template_name) VALUES	 
	 (3,'Blanket Purchase Agreements','BLANKET_PURCHASE_AGREEMENTS','Blanket Purchase Agreements','SCM',NULL,'',NULL,'FBDI',NULL,NULL,'','','','',NULL,30000,NULL,current_date,'riteadmin',current_date,'riteadmin',NULL,NULL,NULL,NULL,NULL,NULL,NULL,NULL,NULL,NULL,NULL,NULL,NULL,NULL,NULL,'DATA_MIGRATION',NULL,NULL,NULL),
	 (4,'Blanket Agreement Headers Import','BLANKET_AGREEMENT_HEADERS_IMPORT','Blanket Agreement Headers Import','SCM',3,'PO_HEADERS_INTERFACE','','FBDI',NULL,NULL,'PO_HEADERS_INTERFACE','PO_INTERFACE_ERRORS','PoHeadersInterfaceBlanket','POBlanketPurchaseAgreementImportTemplate',NULL,30000,'PO_HEADERS_ALL',current_date,'riteadmin',current_date,'riteadmin',NULL,NULL,NULL,NULL,NULL,NULL,NULL,NULL,NULL,NULL,NULL,NULL,NULL,NULL,NULL,'DATA_MIGRATION','BLANKET_AGREEMENT_HEADERS_IMP','CR_BLANKET_AGREEMENT_HEADERS_IMP_C','CR_BLANKET_AGREEMENT_HEADERS_IMP_CLD'),
	 (5,'Blanket Agreement Lines Import','BLANKET_AGREEMENT_LINES_IMPORT','Blanket Agreement Lines Import ','SCM',3,'PO_LINES_INTERFACE','','FBDI',NULL,NULL,'PO_LINES_INTERFACE','PO_INTERFACE_ERRORS','PoLinesInterfaceBlanket','POBlanketPurchaseAgreementImportTemplate',NULL,30000,'PO_LINES_ALL',current_date,'riteadmin',current_date,'riteadmin',NULL,NULL,NULL,NULL,NULL,NULL,NULL,NULL,NULL,NULL,NULL,NULL,NULL,NULL,NULL,'DATA_MIGRATION','BLANKET_AGREEMENT_LINES_IMP','CR_BLANKET_AGREEMENT_LINES_IMP_C','CR_BLANKET_AGREEMENT_LINES_IMP_CLD'),
	 (6,'Blanket Agreement Price Breaks Import ','BLANKET_AGREEMENT_PRICE_BREAKS_IMPORT ','Blanket Agreement Price Breaks Import ','SCM',3,'PO_LINE_LOCATIONS_INTERFACE','','FBDI',NULL,NULL,'PO_LINE_LOCATIONS_INTERFACE','PO_INTERFACE_ERRORS','PoLineLocationsInterfaceBlanket','POBlanketPurchaseAgreementImportTemplate',NULL,30000,'PO_LINE_LOCATIONS_ALL',current_date,'riteadmin',current_date,'riteadmin',NULL,NULL,NULL,NULL,NULL,NULL,NULL,NULL,NULL,NULL,NULL,NULL,NULL,NULL,NULL,'DATA_MIGRATION','BLANKET_AGREEM_PRICE_BREAKS','CR_BLANKET_AGREEM_PRICE_BREAKS_C','CR_BLANKET_AGREEM_PRICE_BREAKS_CLD'),
	 (7,'Blanket Agreement BU Assignments Import','BLANKET_AGREEMENT_BU_ASSIGNMENTS_IMPORT','Blanket Agreement BU Assignments Import','SCM',3,'PO_GA_ORG_ASSIGN_INTERFACE','','FBDI',NULL,NULL,'PO_GA_ORG_ASSIGN_INTERFACE','PO_INTERFACE_ERRORS','PoGAOrgAssignInterfaceBlanket','POBlanketPurchaseAgreementImportTemplate',NULL,30000,'PO_GA_ORG_ASSIGNMENTS',current_date,'riteadmin',current_date,'riteadmin',NULL,NULL,NULL,NULL,NULL,NULL,NULL,NULL,NULL,NULL,NULL,NULL,NULL,NULL,NULL,'DATA_MIGRATION','BLANKET_AGREEM_BU_ASSIGN_IMP','CR_BLANKET_AGREEM_BU_ASSIGN_IMP_C','CR_BLANKET_AGREEM_BU_ASSIGN_IMP_CLD'),
	 (8,'Blanket Agreement Item Attributes Import','BLANKET_AGREEMENT_ITEM_ATTRIBUTES_IMPORT','Blanket Agreement Item Attributes Import','SCM',3,'PO_ATTR_VALUES_INTERFACE',NULL,'FBDI',NULL,5,'PO_ATTR_VALUES_INTERFACE','PO_INTERFACE_ERRORS','PoAttrValuesInterfaceBlanket','POBlanketPurchaseAgreementImportTemplate',NULL,30000,'PO_ATTRIBUTE_VALUES',current_date,'riteadmin',current_date,'riteadmin',NULL,NULL,NULL,NULL,NULL,NULL,NULL,NULL,NULL,NULL,NULL,NULL,NULL,NULL,NULL,'DATA_MIGRATION','BLANKET_AGREEM_ITEM_ATTR_IMP','CR_BLANKET_AGREEM_ITEM_ATTR_IMP_C','CR_BLANKET_AGREEM_ITEM_ATTR_IMP_CLD'),
	 (9,'Blanket Agreement Item Attribute Translations Import','BLANKET_AGREEMENT_ITEM_ATTRIBUTE_TRANSLATIONS_IMPORT','Blanket Agreement Item Attribute Translations Import','SCM',3,'PO_ATTR_VALUES_TLP_INTERFACE',NULL,'FBDI',NULL,6,'PO_ATTR_VALUES_TLP_INTERFACE','PO_INTERFACE_ERRORS','PoAttrValuesTlpInterfaceBlanket','POBlanketPurchaseAgreementImportTemplate',NULL,30000,'PO_ATTRIBUTE_VALUES_TLP',current_date,'riteadmin',current_date,'riteadmin',NULL,NULL,NULL,NULL,NULL,NULL,NULL,NULL,NULL,NULL,NULL,NULL,NULL,NULL,NULL,'DATA_MIGRATION','BLANKET_AGREEM_ITEM_ATTR_TRANS','CR_BLANKET_AGREEM_ITEM_ATTR_TRANS_C','CR_BLANKET_AGREEM_ITEM_ATTR_TRANS_CLD');

INSERT INTO cr_object_information (object_id,info_type,info_value,info_description,additional_information1,additional_information2,additional_information3,additional_information4,additional_information5,creation_date,created_by,last_update_date,last_update_by,attribute1,attribute2,attribute3,attribute4,attribute5,attribute6,attribute7,attribute8,attribute9,attribute10,attribute11,attribute12,attribute13,attribute14,attribute15) VALUES
	 (4,'InterfaceDetails','23','','',NULL,NULL,NULL,NULL,current_date,'riteadmin',current_date,'riteadmin',NULL,NULL,NULL,NULL,NULL,NULL,NULL,NULL,NULL,NULL,NULL,NULL,NULL,NULL,NULL),
	 (4,'DocumentAccount','prc/blanketPurchaseAgreement/import','','',NULL,NULL,NULL,NULL,current_date,'riteadmin',current_date,'riteadmin',NULL,NULL,NULL,NULL,NULL,NULL,NULL,NULL,NULL,NULL,NULL,NULL,NULL,NULL,NULL),
	 (4,'RECON_CLOUD_SUCCESS','SELECT :src_cols from      PO_HEADERS_ALL base,     PO_HEADERS_INTERFACE INT,     :cld_stg_table cld_stg,      :src_stg_table src_stg where     1=1     and INT.po_header_id = BASE.po_header_id     and int.DOCUMENT_NUM = base.segment1     AND INT.DOCUMENT_NUM= cld_stg.DOCUMENT_NUM     and INT.PROCESS_CODE = ''ACCEPTED''      and INT.load_request_id ='':load_request_id''     and cld_stg.cr_batch_name = '':cr_batch_name''     and cld_stg.cr_batch_name = src_stg.cr_batch_name     and src_stg.ORIG_TRANS_ID = cld_stg.ORIG_TRANS_ID','','base.po_header_id base_po_header_id,     base.billto_bu_id base_billto_bu_id,     base.soldto_le_id base_soldto_le_id,     base.document_status base_document_status,     base.prc_bu_id base_prc_bu_id,     base.req_bu_id base_req_bu_id,     base.segment1 base_segment1,     base.vendor_id base_vendor_id,     base.vendor_site_id base_vendor_site_id,     base.vendor_contact_id base_vendor_contact_id,     base.ship_to_location_id base_ship_to_location_id,     base.bill_to_location_id base_bill_to_location_id,     base.terms_id base_terms_id',NULL,NULL,NULL,NULL,current_date,'riteadmin',current_date,'riteadmin',NULL,NULL,NULL,NULL,NULL,NULL,NULL,NULL,NULL,NULL,NULL,NULL,NULL,NULL,NULL),
	 (4,'RECON_CLOUD_FAIL','SELECT     :src_cols     || '',''     || ''"''     ||     (         SELECT               listagg (error_message,'','') WITHIN GROUP (ORDER BY interface_header_id)  error_msg         FROM             po_interface_errors         where                 interface_header_id = int.interface_header_id         GROUP BY              interface_header_id || ''"''     ) Error_Message FROM     PO_HEADERS_INTERFACE INT,     :cld_stg_table cld_stg,      :src_stg_table src_stg WHERE     1=1     and INT.load_request_id = '':load_request_id''     and cld_stg.cr_batch_name = '':cr_batch_name''  AND INT.DOCUMENT_NUM= cld_stg.DOCUMENT_NUM     and cld_stg.cr_batch_name = src_stg.cr_batch_name     and src_stg.ORIG_TRANS_ID = cld_stg.ORIG_TRANS_ID','','',NULL,NULL,NULL,NULL,current_date,'riteadmin',current_date,'riteadmin',NULL,NULL,NULL,NULL,NULL,NULL,NULL,NULL,NULL,NULL,NULL,NULL,NULL,NULL,NULL),
	 (4,'JobName','/oracle/apps/ess/prc/po/pdoi/,ImportBPAJob','','',NULL,NULL,NULL,NULL,current_date,'riteadmin',current_date,'riteadmin',NULL,NULL,NULL,NULL,NULL,NULL,NULL,NULL,NULL,NULL,NULL,NULL,NULL,NULL,NULL),
	 (4,'RECON_CLOUD_FAIL_COUNT','SELECT      count(1)  FROM 	     PO_HEADERS_INTERFACE  WHERE 	     1=1     AND PROCESS_CODE <>''ACCEPTED''      AND DOCUMENT_TYPE_CODE = ''BLANKET''     AND load_request_id = '':load_request_id''','','',NULL,NULL,NULL,NULL,current_date,'riteadmin',current_date,'riteadmin',NULL,NULL,NULL,NULL,NULL,NULL,NULL,NULL,NULL,NULL,NULL,NULL,NULL,NULL,NULL),
	 (4,'SQL_EXTRACTION_QUERY','SELECT
    poh.po_header_id                                              interface_header_key,
    ''ORIGINAL''                                                    action,
    NULL                                                          batch_id,
    poh.interface_source_code                                     interface_source_code,
    poh.authorization_status                                      approval_action,
    poh.segment1                                                  document_num,
    ''BLANKET''                                                     document_type_code,
    NULL                                                          style_display_name,
    (
        SELECT
            bill_hou.name
        FROM
            hr_operating_units bill_hou
        WHERE
            bill_hou.organization_id = poh.org_id
    )                                                             Procurement_BU,
    (
        SELECT
            papf.last_name
            || '', ''
            || papf.first_name
        FROM
            per_all_people_f papf
        WHERE
                papf.person_id = poh.agent_id
            AND nvl(trunc(papf.effective_end_date),
                    trunc(sysdate)) >= trunc(sysdate)
    )                                                             agent_name,
    poh.currency_code,
    poh.comments,
    pv.vendor_name                                                vendor_name,
    pv.segment1                                                   vendor_number,
    pvs.vendor_site_code                                          vendor_site_code,
    (
       pvc.first_name
            || '' ''
            || pvc.last_name
    )                                                             vendor_contact,
    poh.vendor_order_num                                          vendor_doc_num,
    poh.fob_lookup_code                                           fob,
    NULL                                                          freight_carrier,
    poh.freight_terms_lookup_code                                 freight_terms,
    poh.pay_on_code                                               pay_on_code,
    att.name                                                      payment_terms,
    ''BUYER''                                                       originator_role,
    NULL                                                          change_order_desc,
    poh.acceptance_required_flag                                  acceptance_required_flag,
    ( trunc(poh.acceptance_due_date) - trunc(poh.approved_date) ) acceptance_within_days,
    --poh.supplier_notif_method                                     supplier_notif_method,
    --poh.fax                                                       fax,
   (SELECT
            ppf.email_address
        FROM
            apps.per_all_people_f ppf
        WHERE
            ppf.person_id = poh.agent_id
            AND SYSDATE BETWEEN ppf.effective_start_date AND ppf.effective_end_date) email_address,
    poh.confirming_order_flag,
    poh.blanket_total_amount                                      amount_agreed,
    poh.amount_limit,
    poh.min_release_amount,
    poh.start_date,
    poh.end_date,
    poh.note_to_vendor,
    poh.note_to_receiver,
    NULL                                                          generate_orders_automatic,
    NULL                                                          submit_approval_automatic,
    NULL                                                          group_requisitions,
    NULL                                                          group_requisition_lines,
    NULL                                                          use_ship_to,
    NULL                                                          use_need_by_date,
    NULL                                                          cat_admin_auth_enabled_flag,
    NULL                                                          retro_price_apply_updates_flag,
    NULL                                                          retro_price_comm_updates_flag,
    poh.attribute_category                                        attribute_category,
    poh.attribute1                                                attribute1,
    poh.attribute2                                                attribute2,
    poh.attribute3                                                attribute3,
    poh.attribute4                                                attribute4,
    poh.attribute5                                                attribute5,
    poh.attribute6                                                attribute6,
    poh.attribute7                                                attribute7,
    poh.attribute8                                                attribute8,
    poh.attribute9                                                attribute9,
    poh.attribute10                                               attribute10,
    poh.attribute11                                               attribute11,
    poh.attribute12                                               attribute12,
    poh.attribute13                                               attribute13,
    poh.attribute14                                               attribute14,
    poh.attribute15                                               attribute15,
    NULL                                                          attribute16,
    NULL                                                          attribute17,
    NULL                                                          attribute18,
    NULL                                                          attribute19,
    NULL                                                          attribute20,
    NULL                                                          attribute_date1,
    NULL                                                          attribute_date2,
    NULL                                                          attribute_date3,
    NULL                                                          attribute_date4,
    NULL                                                          attribute_date5,
    NULL                                                          attribute_date6,
    NULL                                                          attribute_date7,
    NULL                                                          attribute_date8,
    NULL                                                          attribute_date9,
    NULL                                                          attribute_date10,
    NULL                                                          attribute_number1,
    NULL                                                          attribute_number2,
    NULL                                                          attribute_number3,
    NULL                                                          attribute_number4,
    NULL                                                          attribute_number5,
    NULL                                                          attribute_number6,
    NULL                                                          attribute_number7,
    NULL                                                          attribute_number8,
    NULL                                                          attribute_number9,
    NULL                                                          attribute_number10,
    NULL                                                          attribute_timestamp1,
    NULL                                                          attribute_timestamp2,
    NULL                                                          attribute_timestamp3,
    NULL                                                          attribute_timestamp4,
    NULL                                                          attribute_timestamp5,
    NULL                                                          attribute_timestamp6,
    NULL                                                          attribute_timestamp7,
    NULL                                                          attribute_timestamp8,
    NULL                                                          attribute_timestamp9,
    NULL                                                          attribute_timestamp10,
    (
        SELECT
            papf.email_address
        FROM
            per_all_people_f papf
        WHERE
                papf.person_id = poh.agent_id
            AND current_employee_flag = ''Y''
            AND nvl(trunc(papf.effective_end_date),
                    trunc(sysdate)) >= trunc(sysdate)
    )                                                             agent_email_address,
    NULL                                                          mode_of_transport,
    NULL                                                          service_level,
    NULL                                                          aging_period_days,
    NULL                                                          aging_onset_point,
    NULL                                                          consumption_advice_frequency,
    NULL                                                          consumption_advice_summary,
    NULL                                                          default_consignment_line_flag,
    NULL                                                          pay_on_use_flag,
    NULL                                                          billing_cycle_closing_date,
    NULL                                                          configured_item_flag,
    NULL                                                          use_sales_order_number_flag,
    NULL                                                          buyer_managed_transport_flag,
    NULL                                                          allow_multiple_sites_flag,
    NULL                                                          outside_process_enabled_flag,
    NULL                                                          master_contract_number,
    NULL                                                          master_contract_type,
    NULL                                                          use_order_date_in_pricing_flag
FROM
    apps.po_headers_all      poh,
    apps.po_vendors          pv,
    apps.po_vendor_sites_all pvs,
    apps.po_vendor_contacts  pvc,
    apps.ap_terms_tl         att,
	hr_operating_units hou
WHERE
        1 = 1
    AND poh.vendor_id = pv.vendor_id(+)
    AND poh.vendor_site_id = pvs.vendor_site_id(+)
    AND poh.vendor_contact_id = pvc.vendor_contact_id (+)
    AND pv.vendor_id = pvs.vendor_id
    --AND pvs.vendor_site_id(+) = pvc.vendor_site_id 
    AND poh.type_lookup_code = ''BLANKET''
    AND poh.authorization_status IN ( ''APPROVED'' )
	AND poh.enabled_flag = ''Y''
    AND nvl(poh.closed_code, ''OPEN'') = ''OPEN''
    AND poh.terms_id = att.term_id (+)
    AND att.language (+) = userenv(''lang'')
	AND hou.ORGANIZATION_ID = poh.org_id
     and  hou.name in (''Biomet 3i Canada'',
													''Zimmer Dental SAS'',
													''JP OU'',
													''3i US'',
													''Biomet 3i Dental Iberica SLU'')
    AND nvl(
            poh.end_date,
            SYSDATE + 1
        ) > SYSDATE
    AND EXISTS (
            SELECT
                ''x''
            FROM
                apps.po_lines_all pl
            WHERE
                pl.po_header_id = poh.po_header_id
                AND nvl(
                    pl.closed_code,
                    ''OPEN''
                ) = ''OPEN''
                AND nvl(
                    pl.cancel_flag,
                    ''N''
                ) = ''N''
                AND nvl(
                    pl.expiration_date,
                    SYSDATE + 1
                ) > SYSDATE
        ) 
        order by poh.segment1','',NULL,NULL,NULL,NULL,NULL,'2025-01-02','riteadmin',current_date,'riteadmin',NULL,NULL,NULL,NULL,NULL,NULL,NULL,NULL,NULL,NULL,NULL,NULL,NULL,NULL,NULL),
	 (4,'DocumentSecurityGroup','FAFusionImportExport','','',NULL,NULL,NULL,NULL,current_date,'riteadmin',current_date,'riteadmin',NULL,NULL,NULL,NULL,NULL,NULL,NULL,NULL,NULL,NULL,NULL,NULL,NULL,NULL,NULL),
	 (4,'Sequence','1','','',NULL,NULL,NULL,NULL,current_date,'riteadmin',current_date,'riteadmin',NULL,NULL,NULL,NULL,NULL,NULL,NULL,NULL,NULL,NULL,NULL,NULL,NULL,NULL,NULL),
	 (5,'InterfaceDetails','23','','',NULL,NULL,NULL,NULL,current_date,'riteadmin',current_date,'riteadmin',NULL,NULL,NULL,NULL,NULL,NULL,NULL,NULL,NULL,NULL,NULL,NULL,NULL,NULL,NULL);
INSERT INTO cr_object_information (object_id,info_type,info_value,info_description,additional_information1,additional_information2,additional_information3,additional_information4,additional_information5,creation_date,created_by,last_update_date,last_update_by,attribute1,attribute2,attribute3,attribute4,attribute5,attribute6,attribute7,attribute8,attribute9,attribute10,attribute11,attribute12,attribute13,attribute14,attribute15) VALUES
	 (5,'RECON_CLOUD_FAIL_COUNT','SELECT count(1)  FROM     PO_HEADERS_INTERFACE INT_H,     PO_LINES_INTERFACE INT_L WHERE 	     1=1     AND INT_L.PROCESS_CODE <>''ACCEPTED''      AND INT_H.PROCESS_CODE <>''ACCEPTED''     AND INT_H.DOCUMENT_TYPE_CODE = ''BLANKET''     AND INT_L.INTERFACE_HEADER_ID = INT_H.INTERFACE_HEADER_ID       AND INT_H.load_request_id ='':load_request_id''','','',NULL,NULL,NULL,NULL,current_date,'riteadmin',current_date,'riteadmin',NULL,NULL,NULL,NULL,NULL,NULL,NULL,NULL,NULL,NULL,NULL,NULL,NULL,NULL,NULL),
	 (5,'Sequence','2','','',NULL,NULL,NULL,NULL,current_date,'riteadmin',current_date,'riteadmin',NULL,NULL,NULL,NULL,NULL,NULL,NULL,NULL,NULL,NULL,NULL,NULL,NULL,NULL,NULL),
	 (5,'DocumentAccount','prc/blanketPurchaseAgreement/import','','',NULL,NULL,NULL,NULL,current_date,'riteadmin',current_date,'riteadmin',NULL,NULL,NULL,NULL,NULL,NULL,NULL,NULL,NULL,NULL,NULL,NULL,NULL,NULL,NULL),
	 (5,'DocumentSecurityGroup','FAFusionImportExport','','',NULL,NULL,NULL,NULL,current_date,'riteadmin',current_date,'riteadmin',NULL,NULL,NULL,NULL,NULL,NULL,NULL,NULL,NULL,NULL,NULL,NULL,NULL,NULL,NULL),
	 (5,'JobName','/oracle/apps/ess/prc/po/pdoi/,ImportBPAJob','','',NULL,NULL,NULL,NULL,current_date,'riteadmin',current_date,'riteadmin',NULL,NULL,NULL,NULL,NULL,NULL,NULL,NULL,NULL,NULL,NULL,NULL,NULL,NULL,NULL),
	 (5,'RECON_CLOUD_FAIL','SELECT     :src_cols     ||      '',''     || ''"''     ||     (         SELECT               listagg (error_message,'','') WITHIN GROUP (ORDER BY interface_header_id)  error_msg         FROM             po_interface_errors         where                 interface_header_id = int.interface_header_id         GROUP BY              interface_header_id || ''"''     ) Error_Message FROM     PO_LINES_INTERFACE INT,       :cld_stg_table cld_stg,      :src_stg_table src_stg WHERE     1=1     and INT.load_request_id = '':load_request_id''     and cld_stg.cr_batch_name ='':cr_batch_name''     AND INT.PROCESS_CODE <>''ACCEPTED''      AND INT.CATEGORY= cld_stg.CATEGORY     AND INT.ITEM= cld_stg.ITEM     AND INT.INTERFACE_LINE_KEY = cld_stg.INTERFACE_LINE_KEY     AND INT.INTERFACE_HEADER_KEY = cld_stg.INTERFACE_HEADER_KEY     AND INT.Item_description = cld_stg.Item_description     and cld_stg.cr_batch_name = src_stg.cr_batch_name     and src_stg.ORIG_TRANS_ID = cld_stg.ORIG_TRANS_ID','','',NULL,NULL,NULL,NULL,current_date,'riteadmin',current_date,'riteadmin',NULL,NULL,NULL,NULL,NULL,NULL,NULL,NULL,NULL,NULL,NULL,NULL,NULL,NULL,NULL),
	 (5,'RECON_CLOUD_SUCCESS','SELECT     :src_cols from      PO_LINES_ALL base,     PO_LINES_INTERFACE INT ,     PO_HEADERS_INTERFACE INT_H,     :cld_stg_table cld_stg,      :src_stg_table src_stg where     1=1     and INT.po_line_id = BASE.po_line_id     AND INT.CATEGORY= cld_stg.CATEGORY     AND INT.ITEM= cld_stg.ITEM     AND INT.INTERFACE_LINE_KEY = cld_stg.INTERFACE_LINE_KEY     AND INT.INTERFACE_HEADER_KEY = cld_stg.INTERFACE_HEADER_KEY     AND INT.Item_description = cld_stg.Item_description     and INT.PROCESS_CODE = ''ACCEPTED''     AND INT_H.DOCUMENT_TYPE_CODE = ''BLANKET''     AND INT.INTERFACE_HEADER_ID = INT_H.INTERFACE_HEADER_ID     and INT.load_request_id = '':load_request_id''     and cld_stg.cr_batch_name = '':cr_batch_name'' AND INT_H.INTERFACE_HEADER_KEY = cld_stg.INTERFACE_HEADER_KEY     and cld_stg.cr_batch_name = src_stg.cr_batch_name     and src_stg.ORIG_TRANS_ID = cld_stg.ORIG_TRANS_ID','','base.PO_LINE_ID base_PO_LINE_ID, base.LINE_NUM base_LINE_NUM, base.ITEM_DESCRIPTION base_ITEM_DESCRIPTION, base.LIST_PRICE base_LIST_PRICE, base.AMOUNT_RELEASED base_AMOUNT_RELEASED, base.LINE_STATUS base_LINE_STATUS, base.PO_HEADER_ID  base_PO_HEADER_ID',NULL,NULL,NULL,NULL,current_date,'riteadmin','2024-11-21','riteadmin',NULL,NULL,NULL,NULL,NULL,NULL,NULL,NULL,NULL,NULL,NULL,NULL,NULL,NULL,NULL),
	 (5,'SQL_EXTRACTION_QUERY','SELECT                       
                             pol.po_line_id                                              interface_line_key
							,poh.po_header_id                                            interface_header_key
							--,NULL                                                        action
							,''ADD''                                                       action    --Added by Sarala
							,pol.line_num                                                line_num
							,(SELECT plt.line_type
										FROM po_line_types plt
									WHERE plt.line_type_id = pol.line_type_id)                 line_type
							,(SELECT msib.segment1
											FROM mtl_system_items_b msib
										WHERE  msib.inventory_item_id = pol.item_id
												AND ROWNUM = 1)                                         item
							,REGEXP_REPLACE(to_char(pol.item_description),CHR(9)     
																																													||''|''||CHR(10)
																																													||''|''||CHR(13), '''')    item_description
							,pol.item_revision                                           item_revision
							,(SELECT category_concat_segs
											FROM mtl_categories_v mcb
										WHERE mcb.category_id = pol.category_id)                  category
							,pol.amount                                                  committed_amount
							,( SELECT SUM(pll1.quantity - pll1.quantity_received)     
												FROM po_line_locations_all  pll1
											WHERE pol.po_line_id              = pll1.po_line_id 
													AND pol.org_id                  = pll1.org_id  
													AND NVL(pll1.closed_code,''OPEN'') = ''OPEN''
													AND NVL(pll1.cancel_flag,''#'')    != ''Y'')               quantity
							,pol.unit_meas_lookup_code                                   unit_of_measure
							,pol.unit_price                                              unit_price
							,pol.secondary_quantity                                      secondary_quantity
							,pol.secondary_unit_of_measure                               secondary_unit_of_measure
							,pol.vendor_product_num                                      vendor_product_num
							,pol.negotiated_by_preparer_flag                             negotiated_by_preparer_flag
							,(SELECT phct.hazard_class
											FROM po_hazard_classes_vl phct
										WHERE phct.hazard_class_id = pol.hazard_class_id )        hazard_class
							,NULL                                                        un_number
							,pol.note_to_vendor                                          note_to_vendor
							,NULL                                                        note_to_receiver
                            ,NULL                                                        Min_Release_Amount
                            ,NULL                                                       Expiration_Date
                            ,NULL                                                       Supplier_Part_Auxid 
                            ,NULL                                                       Supplier_Ref_Number
                            ,NULL                                                        line_attribute_category_lines
							,pol.attribute1                                              line_attribute1
							,pol.attribute2                                              line_attribute2
							,pol.attribute3                                              line_attribute3
							,pol.attribute4                                              line_attribute4
							,pol.attribute5                                              line_attribute5
							,pol.attribute6                                              line_attribute6
							,pol.attribute7                                              line_attribute7
							,pol.attribute8                                              line_attribute8
							,pol.attribute9                                              line_attribute9
							,pol.attribute10                                             line_attribute10
							,pol.attribute11                                             line_attribute11
							,pol.attribute12                                             line_attribute12
							,pol.attribute13                                             line_attribute13
							,pol.attribute14                                             line_attribute14
							,pol.attribute15                                             line_attribute15
							,NULL                                                        attribute16
							,NULL                                                        attribute17
							,NULL                                                        attribute18
							,NULL                                                        attribute19
							,NULL                                                        attribute20
							,NULL                                                        attribute_date1
							,NULL                                                        attribute_date2
							,NULL                                                        attribute_date3
							,NULL                                                        attribute_date4
							,NULL                                                        attribute_date5
							,NULL                                                        attribute_date6
							,NULL                                                        attribute_date7
							,NULL                                                        attribute_date8
							,NULL                                                        attribute_date9
							,NULL                                                        attribute_date10
							,NULL                                                        attribute_number1
							,NULL                                                        attribute_number2
							,NULL                                                        attribute_number3
							,NULL                                                        attribute_number4
							,NULL                                                        attribute_number5
							,NULL                                                        attribute_number6
							,NULL                                                        attribute_number7
							,NULL                                                        attribute_number8
							,NULL                                                        attribute_number9
							,NULL                                                        attribute_number10
							,NULL                                                        attribute_timestamp1
							,NULL                                                        attribute_timestamp2
							,NULL                                                        attribute_timestamp3
							,NULL                                                        attribute_timestamp4
							,NULL                                                        attribute_timestamp5
							,NULL                                                        attribute_timestamp6
							,NULL                                                        attribute_timestamp7
							,NULL                                                        attribute_timestamp8
							,NULL                                                        attribute_timestamp9
							,NULL                                                        attribute_timestamp10
							,NULL                                                        unit_weight
							,NULL                                                        weight_uom_code
							,NULL                                                        weight_unit_of_measure
							,NULL                                                        unit_volume
							,NULL                                                        volume_uom_code
							,NULL                                                        volume_unit_of_measure
							,NULL                                                        template_name																
							,NULL                                                        item_attribute_category
							,NULL                                                        item_attribute1
							,NULL                                                        item_attribute2
							,NULL                                                        item_attribute3
							,NULL                                                        item_attribute4
							,NULL                                                        item_attribute5
							,NULL                                                        item_attribute6
							,NULL                                                        item_attribute7
							,NULL                                                        item_attribute8
							,NULL                                                        item_attribute9
							,NULL                                                        item_attribute10
							,NULL                                                        item_attribute11
							,NULL                                                        item_attribute12
							,NULL                                                        item_attribute13
							,NULL                                                        item_attribute14
							,NULL                                                        item_attribute15
                            ,NULL                                                        parent_item
                            ,NULL                                                        top_model
                            ,null                                                        supplier_parent_item
                            ,null                                                        supplier_top_model
                            ,pol.amount                                                  amount
                            ,NULL                                                        price_braekup_lookup_code
                            ,NULL                                                        QUANTITY_COMMITTED
                            ,NULL                                                        Allow_Description_Update_Flag

			FROM apps.po_headers_all               poh
			    ,apps.po_lines_all               pol
                ,hr_operating_units hou
		WHERE 1 = 1
		  -- AND poh.po_header_id               = :po_header_id
		        -- AND poh.po_header_id =3628
				AND poh.type_lookup_code              = ''BLANKET''
                --''STANDARD''
				AND NVL(poh.closed_code,''OPEN'')       = ''OPEN''                 -- STATUS OF PO OPEN IN HEADER				
				AND NVL(pol.closed_code,''OPEN'')       = ''OPEN''                 -- STATUS OF PO OPEN IN LINE
				AND poh.po_header_id                  = pol.po_header_id
				AND poh.org_id                        = pol.org_id
				AND poh.org_id = hou.ORGANIZATION_ID
	            AND  hou.name in	(''Biomet 3i Canada'',
													''Zimmer Dental SAS'',
													''JP OU'',
													''3i US'',
													''Biomet 3i Dental Iberica SLU'')
                 AND poh.authorization_status IN ( ''APPROVED'' )
	            AND poh.enabled_flag = ''Y''
				 AND nvl(
                                poh.cancel_flag,
                                ''N''
                            ) = ''N''                 --  CANCEL FLAG <> Y
				 AND nvl(
                                pol.cancel_flag,
                                ''N''
                            ) = ''N''                --  CANCEL FLAG <> Y
                AND nvl(
                                    pol.expiration_date,
                                    SYSDATE + 1
                                ) > SYSDATE
                 AND nvl(
                            poh.end_date,
                            SYSDATE + 1
                        ) > SYSDATE
                        order by poh.po_header_id','',NULL,NULL,NULL,NULL,NULL,'2025-01-02','riteadmin',current_date,'riteadmin',NULL,NULL,NULL,NULL,NULL,NULL,NULL,NULL,NULL,NULL,NULL,NULL,NULL,NULL,NULL),
	 (6,'InterfaceDetails','23','','',NULL,NULL,NULL,NULL,current_date,'riteadmin',current_date,'riteadmin',NULL,NULL,NULL,NULL,NULL,NULL,NULL,NULL,NULL,NULL,NULL,NULL,NULL,NULL,NULL),
	 (6,'RECON_CLOUD_FAIL_COUNT','SELECT     count(1)  FROM 	     PO_LINE_LOCATIONS_INTERFACE  WHERE 	     1=1     AND PROCESS_CODE <>''ACCEPTED''      AND load_request_id ='':load_request_id''','','',NULL,NULL,NULL,NULL,current_date,'riteadmin',current_date,'riteadmin',NULL,NULL,NULL,NULL,NULL,NULL,NULL,NULL,NULL,NULL,NULL,NULL,NULL,NULL,NULL);
INSERT INTO cr_object_information (object_id,info_type,info_value,info_description,additional_information1,additional_information2,additional_information3,additional_information4,additional_information5,creation_date,created_by,last_update_date,last_update_by,attribute1,attribute2,attribute3,attribute4,attribute5,attribute6,attribute7,attribute8,attribute9,attribute10,attribute11,attribute12,attribute13,attribute14,attribute15) VALUES
	 (6,'Sequence','3','','',NULL,NULL,NULL,NULL,current_date,'riteadmin',current_date,'riteadmin',NULL,NULL,NULL,NULL,NULL,NULL,NULL,NULL,NULL,NULL,NULL,NULL,NULL,NULL,NULL),
	 (6,'DocumentAccount','prc/blanketPurchaseAgreement/import','','',NULL,NULL,NULL,NULL,current_date,'riteadmin',current_date,'riteadmin',NULL,NULL,NULL,NULL,NULL,NULL,NULL,NULL,NULL,NULL,NULL,NULL,NULL,NULL,NULL),
	 (6,'DocumentSecurityGroup','FAFusionImportExport','','',NULL,NULL,NULL,NULL,current_date,'riteadmin',current_date,'riteadmin',NULL,NULL,NULL,NULL,NULL,NULL,NULL,NULL,NULL,NULL,NULL,NULL,NULL,NULL,NULL),
	 (6,'RECON_CLOUD_SUCCESS','SELECT     :src_cols from      PO_LINE_LOCATIONS_ALL base,     PO_LINE_LOCATIONS_INTERFACE INT,     :cld_stg_table cld_stg,      :src_stg_table src_stg where     1=1     and int.LINE_LOCATION_ID = base.LINE_LOCATION_ID     and Int.INTERFACE_LINE_LOCATION_KEY =cld_stg.INTERFACE_LINE_LOCATION_KEY     and INT.INTERFACE_LINE_KEY = cld_stg.INTERFACE_LINE_KEY     and INT.PROCESS_CODE = ''ACCEPTED''     and INT.load_request_id = '':load_request_id''     and cld_stg.cr_batch_name = '':cr_batch_name''     and cld_stg.cr_batch_name = src_stg.cr_batch_name     and src_stg.ORIG_TRANS_ID = cld_stg.ORIG_TRANS_ID','',' base.line_location_id      base_line_location_id,     base.mode_of_transport     base_mode_of_transport,     base.service_level         base_service_level,     base.destination_type_code base_destination_type_code,     base.schedule_status       base_schedule_status,     base.trx_business_category base_trx_business_category,     base.prc_bu_id             base_prc_bu_id,     base.req_bu_id             base_req_bu_id,     base.product_type          base_product_type,     base.assessable_value      base_assessable_value,     base.po_header_id          base_po_header_id,     base.po_line_id            base_po_line_id,     base.quantity              base_quantity,     base.quantity_received     base_quantity_received,     base.quantity_accepted     base_quantity_accepted,     base.quantity_rejected     base_quantity_rejected,     base.quantity_billed       base_quantity_billed,     base.quantity_cancelled    base_quantity_cancelled,     base.uom_code              base_uom_code',NULL,NULL,NULL,NULL,current_date,'riteadmin',current_date,'riteadmin',NULL,NULL,NULL,NULL,NULL,NULL,NULL,NULL,NULL,NULL,NULL,NULL,NULL,NULL,NULL),
	 (6,'SQL_EXTRACTION_QUERY','SELECT
        pll.line_location_id,
        pll.po_line_id,
        pll.ship_to_location_id,
        pll.ship_to_organization_id,
        pll.line_location_id     interface_line_location_key,
        pll.po_line_id           interface_line_key,
        pll.shipment_num         price_break,
        (SELECT
            location_code
        FROM
            apps.hr_locations_all hl
        WHERE
            hl.location_id = pll.ship_to_location_id) ship_to_location,
        ((
        SELECT
            bill_hou.name
        FROM
            hr_all_organization_units bill_hou
        WHERE
            bill_hou.organization_id = pll.ship_to_organization_id
    )  ) ship_to_organization,
        pll.quantity             quantity,
        pll.price_override       price,
        pll.price_discount       discount_pct,
        pll.start_date           start_date,
        pll.end_date             end_date,
        pll.attribute_category   attribute_category,
        pll.attribute1           attribute1,
        pll.attribute2           attribute2,
        pll.attribute3           attribute3,
        pll.attribute4           attribute4,
        pll.attribute5           attribute5,
        pll.attribute6           attribute6,
        pll.attribute7           attribute7,
        pll.attribute8           attribute8,
        pll.attribute9           attribute9,
        pll.attribute10          attribute10,
        pll.attribute11          attribute11,
        pll.attribute12          attribute12,
        pll.attribute13          attribute13,
        pll.attribute14          attribute14,
        pll.attribute15          attribute15,
        NULL attribute16,
        NULL attribute17,
        NULL attribute18,
        NULL attribute19,
        NULL attribute20,
        NULL attribute_date1,
        NULL attribute_date2,
        NULL attribute_date3,
        NULL attribute_date4,
        NULL attribute_date5,
        NULL attribute_date6,
        NULL attribute_date7,
        NULL attribute_date8,
        NULL attribute_date9,
        NULL attribute_date10,
        NULL attribute_number1,
        NULL attribute_number2,
        NULL attribute_number3,
        NULL attribute_number4,
        NULL attribute_number5,
        NULL attribute_number6,
        NULL attribute_number7,
        NULL attribute_number8,
        NULL attribute_number9,
        NULL attribute_number10,
        NULL attribute_timestamp1,
        NULL attribute_timestamp2,
        NULL attribute_timestamp3,
        NULL attribute_timestamp4,
        NULL attribute_timestamp5,
        NULL attribute_timestamp6,
        NULL attribute_timestamp7,
        NULL attribute_timestamp8,
        NULL attribute_timestamp9,
        NULL attribute_timestamp10,
        ''New'' conversion_status
    FROM
        apps.po_line_locations_all pll,
		apps.po_headers_all poh,
	    apps.po_lines_all   pol
    WHERE
        nvl(
            pll.closed_code,
            ''OPEN''
        ) = ''OPEN''
        AND pll.cancel_flag = ''N''
        AND pll.po_release_id IS NULL
		AND pll.po_header_id = poh.po_header_id
		AND pll.po_line_id   = pol.po_line_id
        AND poh.po_header_id = pol.po_header_id
	    AND poh.type_lookup_code = ''BLANKET''
		AND poh.authorization_status IN ( ''APPROVED'' )
		AND poh.enabled_flag = ''Y''
		AND nvl(poh.closed_code, ''OPEN'') = ''OPEN''
		AND nvl(pol.closed_code, ''OPEN'') = ''OPEN''
        AND pll.org_id in (select hou.ORGANIZATION_ID  from hr_operating_units hou
	                               where hou.name in
												(''Biomet 3i Canada'',
													''Zimmer Dental SAS'',
													''JP OU'',
													''3i US'',
													''Biomet 3i Dental Iberica SLU''))
		','',NULL,NULL,NULL,NULL,NULL,'2025-01-02','riteadmin',current_date,'riteadmin',NULL,NULL,NULL,NULL,NULL,NULL,NULL,NULL,NULL,NULL,NULL,NULL,NULL,NULL,NULL),
	 (6,'RECON_CLOUD_FAIL','SELECT     :src_cols     ||      '',''     || ''"''     ||     (         SELECT               listagg (error_message,'','') WITHIN GROUP (ORDER BY interface_header_id)  error_msg         FROM             po_interface_errors         where             1=1             and interface_header_id = int.interface_header_id             and INTERFACE_LINE_ID = int.INTERFACE_LINE_ID             and INTERFACE_LINE_LOCATION_ID =int.INTERFACE_LINE_LOCATION_ID                      GROUP BY              interface_header_id || ''"''     ) Error_Message FROM     PO_LINE_LOCATIONS_INTERFACE INT,     :cld_stg_table cld_stg,      :src_stg_table src_stg WHERE     1=1     and INT.load_request_id ='':load_request_id''     and cld_stg.cr_batch_name = '':cr_batch_name''     AND INT.PROCESS_CODE <>''ACCEPTED''      and Int.INTERFACE_LINE_LOCATION_KEY =cld_stg.INTERFACE_LINE_LOCATION_KEY     and INT.INTERFACE_LINE_KEY = cld_stg.INTERFACE_LINE_KEY     and cld_stg.cr_batch_name = src_stg.cr_batch_name     and src_stg.ORIG_TRANS_ID = cld_stg.ORIG_TRANS_ID','','',NULL,NULL,NULL,NULL,current_date,'riteadmin',current_date,'riteadmin',NULL,NULL,NULL,NULL,NULL,NULL,NULL,NULL,NULL,NULL,NULL,NULL,NULL,NULL,NULL),
	 (6,'JobName','/oracle/apps/ess/prc/po/pdoi/,ImportBPAJob','','',NULL,NULL,NULL,NULL,current_date,'riteadmin',current_date,'riteadmin',NULL,NULL,NULL,NULL,NULL,NULL,NULL,NULL,NULL,NULL,NULL,NULL,NULL,NULL,NULL),
	 (7,'InterfaceDetails','23','','',NULL,NULL,NULL,NULL,current_date,'riteadmin',current_date,'riteadmin',NULL,NULL,NULL,NULL,NULL,NULL,NULL,NULL,NULL,NULL,NULL,NULL,NULL,NULL,NULL),
	 (7,'SQL_EXTRACTION_QUERY','SELECT
        ph.po_header_id,
        ph.org_id,
        ph.vendor_site_id,
        ph.ship_to_location_id,
        ph.bill_to_location_id,
        ph.po_header_id   interface_bu_assignment_key,
        ph.po_header_id   interface_header_key,
        hou.name requisitioning_bu,
        NULL order_locally,
        pvs.vendor_site_code purchasing_site,
        shiphl.location_code ship_to_location,
        hou.name bill_to_bu,
        billhl.location_code bill_to_location,
        enabled_flag   enabled,
        ''New'' conversion_status
    FROM
        po_headers_all ph,
		po_vendor_sites_all pvs,
		hr_locations_all shiphl,
		hr_locations_all billhl,
		hr_operating_units hou
    WHERE
        1=1
		AND pvs.vendor_site_id = ph.vendor_site_id
		AND shiphl.location_id = ph.ship_to_location_id
		AND billhl.location_id = ph.ship_to_location_id
		AND hou.organization_id = ph.org_id
        AND ph.type_lookup_code = ''BLANKET''
		AND ph.authorization_status IN ( ''APPROVED'' )
		AND ph.enabled_flag = ''Y''
		AND nvl(ph.closed_code, ''OPEN'') = ''OPEN''
		AND hou.name in	(''Biomet 3i Canada'',
													''Zimmer Dental SAS'',
													''JP OU'',
													''3i US'',
													''Biomet 3i Dental Iberica SLU'')
		AND nvl(
					ph.end_date,
						SYSDATE + 1
					) > SYSDATE
        AND EXISTS (
						SELECT
							''x''
						FROM
							apps.po_lines_all pl
						WHERE
							pl.po_header_id = ph.po_header_id
							AND nvl(
								pl.closed_code,
								''OPEN''
							) = ''OPEN''
							AND nvl(
								pl.cancel_flag,
								''N''
							) = ''N''
							AND nvl(
								pl.expiration_date,
								SYSDATE + 1
							) > SYSDATE
					) 
        order by ph.segment1','',NULL,NULL,NULL,NULL,NULL,'2025-01-02','riteadmin',current_date,'riteadmin',NULL,NULL,NULL,NULL,NULL,NULL,NULL,NULL,NULL,NULL,NULL,NULL,NULL,NULL,NULL),
	 (7,'Sequence','4','','',NULL,NULL,NULL,NULL,current_date,'riteadmin',current_date,'riteadmin',NULL,NULL,NULL,NULL,NULL,NULL,NULL,NULL,NULL,NULL,NULL,NULL,NULL,NULL,NULL);
INSERT INTO cr_object_information (object_id,info_type,info_value,info_description,additional_information1,additional_information2,additional_information3,additional_information4,additional_information5,creation_date,created_by,last_update_date,last_update_by,attribute1,attribute2,attribute3,attribute4,attribute5,attribute6,attribute7,attribute8,attribute9,attribute10,attribute11,attribute12,attribute13,attribute14,attribute15) VALUES
	 (7,'DocumentAccount','prc/blanketPurchaseAgreement/import','','',NULL,NULL,NULL,NULL,current_date,'riteadmin',current_date,'riteadmin',NULL,NULL,NULL,NULL,NULL,NULL,NULL,NULL,NULL,NULL,NULL,NULL,NULL,NULL,NULL),
	 (7,'DocumentSecurityGroup','FAFusionImportExport','','',NULL,NULL,NULL,NULL,current_date,'riteadmin',current_date,'riteadmin',NULL,NULL,NULL,NULL,NULL,NULL,NULL,NULL,NULL,NULL,NULL,NULL,NULL,NULL,NULL),
	 (7,'JobName','/oracle/apps/ess/prc/po/pdoi/,ImportBPAJob','','',NULL,NULL,NULL,NULL,current_date,'riteadmin',current_date,'riteadmin',NULL,NULL,NULL,NULL,NULL,NULL,NULL,NULL,NULL,NULL,NULL,NULL,NULL,NULL,NULL),
	 (8,'InterfaceDetails','23','','',NULL,NULL,NULL,NULL,current_date,'riteadmin',current_date,'riteadmin',NULL,NULL,NULL,NULL,NULL,NULL,NULL,NULL,NULL,NULL,NULL,NULL,NULL,NULL,NULL),
	 (8,'Sequence','5','','',NULL,NULL,NULL,NULL,current_date,'riteadmin',current_date,'riteadmin',NULL,NULL,NULL,NULL,NULL,NULL,NULL,NULL,NULL,NULL,NULL,NULL,NULL,NULL,NULL),
	 (8,'DocumentAccount','prc/blanketPurchaseAgreement/import','','',NULL,NULL,NULL,NULL,current_date,'riteadmin',current_date,'riteadmin',NULL,NULL,NULL,NULL,NULL,NULL,NULL,NULL,NULL,NULL,NULL,NULL,NULL,NULL,NULL),
	 (8,'DocumentSecurityGroup','FAFusionImportExport','','',NULL,NULL,NULL,NULL,current_date,'riteadmin',current_date,'riteadmin',NULL,NULL,NULL,NULL,NULL,NULL,NULL,NULL,NULL,NULL,NULL,NULL,NULL,NULL,NULL),
	 (8,'JobName','/oracle/apps/ess/prc/po/pdoi/,ImportBPAJob','','',NULL,NULL,NULL,NULL,current_date,'riteadmin',current_date,'riteadmin',NULL,NULL,NULL,NULL,NULL,NULL,NULL,NULL,NULL,NULL,NULL,NULL,NULL,NULL,NULL),
	 (9,'JobName','/oracle/apps/ess/prc/po/pdoi/,ImportBPAJob','','',NULL,NULL,NULL,NULL,current_date,'riteadmin',current_date,'riteadmin',NULL,NULL,NULL,NULL,NULL,NULL,NULL,NULL,NULL,NULL,NULL,NULL,NULL,NULL,NULL),
	 (9,'Sequence','6','','',NULL,NULL,NULL,NULL,current_date,'riteadmin',current_date,'riteadmin',NULL,NULL,NULL,NULL,NULL,NULL,NULL,NULL,NULL,NULL,NULL,NULL,NULL,NULL,NULL);
INSERT INTO cr_object_information (object_id,info_type,info_value,info_description,additional_information1,additional_information2,additional_information3,additional_information4,additional_information5,creation_date,created_by,last_update_date,last_update_by,attribute1,attribute2,attribute3,attribute4,attribute5,attribute6,attribute7,attribute8,attribute9,attribute10,attribute11,attribute12,attribute13,attribute14,attribute15) VALUES
	 (9,'DocumentAccount','prc/blanketPurchaseAgreement/import','','',NULL,NULL,NULL,NULL,current_date,'riteadmin',current_date,'riteadmin',NULL,NULL,NULL,NULL,NULL,NULL,NULL,NULL,NULL,NULL,NULL,NULL,NULL,NULL,NULL),
	 (9,'DocumentSecurityGroup','FAFusionImportExport','','',NULL,NULL,NULL,NULL,current_date,'riteadmin',current_date,'riteadmin',NULL,NULL,NULL,NULL,NULL,NULL,NULL,NULL,NULL,NULL,NULL,NULL,NULL,NULL,NULL),
	 (9,'InterfaceDetails','23','','',NULL,NULL,NULL,NULL,current_date,'riteadmin',current_date,'riteadmin',NULL,NULL,NULL,NULL,NULL,NULL,NULL,NULL,NULL,NULL,NULL,NULL,NULL,NULL,NULL);
	 
-- CONTRACT_PURCHASE_AGREEMENTS
INSERT INTO cr_objects (object_id,object_name,object_code,user_object_name,module_code,parent_object_id,fbdi_sheet,hdl_sheet,loader_endpoint,re_con_query,sequence_in_parent,interface_table_name,rejection_table_name,ctl_file_name,xlsm_file_name,immediate_parent,batch_size,base_tables,creation_date,created_by,last_update_date,last_update_by,attribute1,attribute2,attribute3,attribute4,attribute5,attribute6,attribute7,attribute8,attribute9,attribute10,attribute11,attribute12,attribute13,attribute14,attribute15,conversion_type,cld_template_code,cld_metadata_table_name,cld_template_name) VALUES
	(10,'Contract Purchase Agreements','CONTRACT_PURCHASE_AGREEMENTS','Contract Purchase Agreements','SCM',NULL,'',NULL,'FBDI',NULL,NULL,'','','','',NULL,30000,NULL,current_date,'riteadmin',current_date,'riteadmin',NULL,NULL,NULL,NULL,NULL,NULL,NULL,NULL,NULL,NULL,NULL,NULL,NULL,NULL,NULL,'DATA_MIGRATION',NULL,NULL,NULL),
	 (11,'Contract Agreement Headers Import','CONTRACT_AGREEMENT_HEADERS_IMPORT','Contract Agreement Headers Import','SCM',10,'PO_HEADERS_INTERFACE','','FBDI',NULL,NULL,'PO_HEADERS_INTERFACE','PO_INTERFACE_ERRORS','PoHeadersInterfaceContract','POContractPurchaseAgreementImportTemplate',NULL,30000,NULL,current_date,'riteadmin',current_date,'riteadmin',NULL,NULL,NULL,NULL,NULL,NULL,NULL,NULL,NULL,NULL,NULL,NULL,NULL,NULL,NULL,'DATA_MIGRATION','CONTRACT_AGREEMENT_HEADERS_IMP','CR_CONTRACT_AGREEMENT_HEADERS_IMP_C','CR_CONTRACT_AGREEMENT_HEADERS_IMP_CLD'),
	 (12,'Contract Agreement BU Assignments Import','CONTRACT_AGREEMENT_BU_ASSIGNMENTS_IMPORT','Contract Agreement BU Assignments Import','SCM',10,'PO_GA_ORG_ASSIGN_INTERFACE',NULL,'FBDI',NULL,2,'PO_GA_ORG_ASSIGN_INTERFACE','PO_INTERFACE_ERRORS','PoGAOrgAssignInterfaceContract','POContractPurchaseAgreementImportTemplate',NULL,30000,NULL,current_date,'riteadmin',current_date,'riteadmin',NULL,NULL,NULL,NULL,NULL,NULL,NULL,NULL,NULL,NULL,NULL,NULL,NULL,NULL,NULL,'DATA_MIGRATION','CONTRACT_AGREEM_BU_ASSIGN_IMP','CR_CONTRACT_AGREEM_BU_ASSIGN_IMP_C','CR_CONTRACT_AGREEM_BU_ASSIGN_IMP_CLD');
	 
INSERT INTO cr_object_information (object_id,info_type,info_value,info_description,additional_information1,additional_information2,additional_information3,additional_information4,additional_information5,creation_date,created_by,last_update_date,last_update_by,attribute1,attribute2,attribute3,attribute4,attribute5,attribute6,attribute7,attribute8,attribute9,attribute10,attribute11,attribute12,attribute13,attribute14,attribute15) VALUES
(11,'SQL_EXTRACTION_QUERY','SELECT
    poh.po_header_id                                              interface_header_key,
    ''ORIGINAL''                                                    action,
    NULL                                                          batch_id,
    poh.interface_source_code                                     interface_source_code,
    poh.authorization_status                                      approval_action,
    poh.segment1                                                  document_num,
    ''CONTRACT''                                                     document_type_code,
    NULL                                                          style_display_name,
    (
        SELECT
            bill_hou.name
        FROM
            hr_operating_units bill_hou
        WHERE
            bill_hou.organization_id = poh.org_id
    )                                                             prc_bu_name,
    (
        SELECT
            papf.last_name
            || '', ''
            || papf.first_name
        FROM
            per_all_people_f papf
        WHERE
                papf.person_id = poh.agent_id
            AND nvl(trunc(papf.effective_end_date),
                    trunc(sysdate)) >= trunc(sysdate)
    )                                                             agent_name,
    poh.currency_code,
    poh.comments,
    pv.vendor_name                                                vendor_name,
    pv.segment1                                                   vendor_number,
    pvs.vendor_site_code                                          vendor_site_code,
        (
       pvc.first_name
            || '' ''
            || pvc.last_name
    )                                                             vendor_contact,
    poh.vendor_order_num                                          vendor_doc_num,
    poh.fob_lookup_code                                           fob,
    NULL                                                          freight_carrier,
    poh.freight_terms_lookup_code                                 freight_terms,
    poh.pay_on_code                                               pay_on_code,
    att.name                                                      payment_terms,
    ''BUYER''                                                       originator_role,
    NULL                                                          change_order_desc,
    poh.acceptance_required_flag                                  acceptance_required_flag,
    ( trunc(poh.acceptance_due_date) - trunc(poh.approved_date) ) acceptance_within_days,
   -- poh.supplier_notif_method                                     supplier_notif_method,
   -- poh.fax                                                       fax,
     (SELECT
            ppf.email_address
        FROM
            apps.per_all_people_f ppf
        WHERE
            ppf.person_id = poh.agent_id
            AND SYSDATE BETWEEN ppf.effective_start_date AND ppf.effective_end_date) email_address,
    poh.confirming_order_flag,
    poh.blanket_total_amount                                      amount_agreed,
    poh.amount_limit,
    poh.min_release_amount,
    poh.start_date,
    poh.end_date,
    poh.note_to_vendor,
    poh.note_to_receiver,
    NULL                                                          generate_orders_automatic,
    NULL                                                          submit_approval_automatic,
    NULL                                                          group_requisitions,
    NULL                                                          group_requisition_lines,
    NULL                                                          use_ship_to,
    NULL                                                          use_need_by_date,
    NULL                                                          cat_admin_auth_enabled_flag,
    NULL                                                          retro_price_apply_updates_flag,
    NULL                                                          retro_price_comm_updates_flag,
    poh.attribute_category                                        attribute_category,
    poh.attribute1                                                attribute1,
    poh.attribute2                                                attribute2,
    poh.attribute3                                                attribute3,
    poh.attribute4                                                attribute4,
    poh.attribute5                                                attribute5,
    poh.attribute6                                                attribute6,
    poh.attribute7                                                attribute7,
    poh.attribute8                                                attribute8,
    poh.attribute9                                                attribute9,
    poh.attribute10                                               attribute10,
    poh.attribute11                                               attribute11,
    poh.attribute12                                               attribute12,
    poh.attribute13                                               attribute13,
    poh.attribute14                                               attribute14,
    poh.attribute15                                               attribute15,
    NULL                                                          attribute16,
    NULL                                                          attribute17,
    NULL                                                          attribute18,
    NULL                                                          attribute19,
    NULL                                                          attribute20,
    NULL                                                          attribute_date1,
    NULL                                                          attribute_date2,
    NULL                                                          attribute_date3,
    NULL                                                          attribute_date4,
    NULL                                                          attribute_date5,
    NULL                                                          attribute_date6,
    NULL                                                          attribute_date7,
    NULL                                                          attribute_date8,
    NULL                                                          attribute_date9,
    NULL                                                          attribute_date10,
    NULL                                                          attribute_number1,
    NULL                                                          attribute_number2,
    NULL                                                          attribute_number3,
    NULL                                                          attribute_number4,
    NULL                                                          attribute_number5,
    NULL                                                          attribute_number6,
    NULL                                                          attribute_number7,
    NULL                                                          attribute_number8,
    NULL                                                          attribute_number9,
    NULL                                                          attribute_number10,
    NULL                                                          attribute_timestamp1,
    NULL                                                          attribute_timestamp2,
    NULL                                                          attribute_timestamp3,
    NULL                                                          attribute_timestamp4,
    NULL                                                          attribute_timestamp5,
    NULL                                                          attribute_timestamp6,
    NULL                                                          attribute_timestamp7,
    NULL                                                          attribute_timestamp8,
    NULL                                                          attribute_timestamp9,
    NULL                                                          attribute_timestamp10,
    (
        SELECT
            papf.email_address
        FROM
            per_all_people_f papf
        WHERE
                papf.person_id = poh.agent_id
            AND current_employee_flag = ''Y''
            AND nvl(trunc(papf.effective_end_date),
                    trunc(sysdate)) >= trunc(sysdate)
    )                                                             agent_email_address,
    NULL                                                          mode_of_transport,
    NULL                                                          service_level,
    NULL                                                          aging_period_days,
    NULL                                                          aging_onset_point,
    NULL                                                          consumption_advice_frequency,
    NULL                                                          consumption_advice_summary,
    NULL                                                          default_consignment_line_flag,
    NULL                                                          pay_on_use_flag,
    NULL                                                          billing_cycle_closing_date,
    NULL                                                          configured_item_flag,
    NULL                                                          use_sales_order_number_flag,
    NULL                                                          buyer_managed_transport_flag,
    NULL                                                          allow_multiple_sites_flag,
    NULL                                                          outside_process_enabled_flag,
    NULL                                                          master_contract_number,
    NULL                                                          master_contract_type,
    NULL                                                          use_order_date_in_pricing_flag
FROM
    apps.po_headers_all      poh,
    apps.po_vendors          pv,
    apps.po_vendor_sites_all pvs,
    apps.po_vendor_contacts  pvc,
    apps.ap_terms_tl         att
WHERE
        1 = 1
    AND poh.vendor_id = pv.vendor_id(+)
    AND poh.vendor_site_id = pvs.vendor_site_id(+)
    AND poh.vendor_contact_id = pvc.vendor_contact_id (+)
    AND pv.vendor_id = pvs.vendor_id
    --AND pvs.vendor_site_id(+) = pvc.vendor_site_id 
	AND poh.type_lookup_code = ''CONTRACT''
--    AND poh.authorization_status IN ( ''APPROVED'', ''REQUIRES REAPPROVAL'' )
--    AND nvl(poh.closed_code, ''OPEN'') = ''OPEN''
--	AND poh.enabled_flag = ''Y''
    AND poh.terms_id = att.term_id (+)
    AND att.language (+) = userenv(''lang'')
	AND nvl(
            poh.end_date,
            SYSDATE + 1
        ) > SYSDATE
','',NULL,NULL,NULL,NULL,NULL,'2024-12-30','riteadmin','2024-12-30','riteadmin',NULL,NULL,NULL,NULL,NULL,NULL,NULL,NULL,NULL,NULL,NULL,NULL,NULL,NULL,NULL),
	 (11,'RECON_CLOUD_FAIL_COUNT','SELECT      count(1)  FROM 	     PO_HEADERS_INTERFACE  WHERE 	     1=1     AND PROCESS_CODE <>''ACCEPTED''      AND DOCUMENT_TYPE_CODE = ''CONTRACT''     AND load_request_id = '':load_request_id''','','',NULL,NULL,NULL,NULL,current_date,'riteadmin',current_date,'riteadmin',NULL,NULL,NULL,NULL,NULL,NULL,NULL,NULL,NULL,NULL,NULL,NULL,NULL,NULL,NULL),
	 (11,'Sequence','1','','',NULL,NULL,NULL,NULL,current_date,'riteadmin',current_date,'riteadmin',NULL,NULL,NULL,NULL,NULL,NULL,NULL,NULL,NULL,NULL,NULL,NULL,NULL,NULL,NULL),
	 (11,'DocumentAccount','prc/contractPurchaseAgreement/import','','',NULL,NULL,NULL,NULL,current_date,'riteadmin',current_date,'riteadmin',NULL,NULL,NULL,NULL,NULL,NULL,NULL,NULL,NULL,NULL,NULL,NULL,NULL,NULL,NULL),
	 (11,'DocumentSecurityGroup','FAFusionImportExport','','',NULL,NULL,NULL,NULL,current_date,'riteadmin',current_date,'riteadmin',NULL,NULL,NULL,NULL,NULL,NULL,NULL,NULL,NULL,NULL,NULL,NULL,NULL,NULL,NULL),
	 (11,'InterfaceDetails','22','','',NULL,NULL,NULL,NULL,current_date,'riteadmin',current_date,'riteadmin',NULL,NULL,NULL,NULL,NULL,NULL,NULL,NULL,NULL,NULL,NULL,NULL,NULL,NULL,NULL),
	 (11,'JobName','/oracle/apps/ess/prc/po/pdoi/,ImportCPAJob','','',NULL,NULL,NULL,NULL,current_date,'riteadmin',current_date,'riteadmin',NULL,NULL,NULL,NULL,NULL,NULL,NULL,NULL,NULL,NULL,NULL,NULL,NULL,NULL,NULL);
INSERT INTO cr_object_information (object_id,info_type,info_value,info_description,additional_information1,additional_information2,additional_information3,additional_information4,additional_information5,creation_date,created_by,last_update_date,last_update_by,attribute1,attribute2,attribute3,attribute4,attribute5,attribute6,attribute7,attribute8,attribute9,attribute10,attribute11,attribute12,attribute13,attribute14,attribute15) VALUES
	 (11,'RECON_CLOUD_FAIL','SELECT     :src_cols     || '',''     || ''"''     ||     (         SELECT               listagg (error_message,'','') WITHIN GROUP (ORDER BY interface_header_id)  error_msg         FROM             po_interface_errors         where                 interface_header_id = int.interface_header_id             AND batch_id = int.batch_id         GROUP BY              interface_header_id || ''"''     ) Error_Message FROM     PO_HEADERS_INTERFACE INT,     :cld_stg_table cld_stg,      :src_stg_table src_stg WHERE     1=1     and INT.load_request_id = '':load_request_id''     and cld_stg.cr_batch_name = '':cr_batch_name''     AND INT.PROCESS_CODE <>''ACCEPTED''      AND INT.DOCUMENT_TYPE_CODE = ''BLANKET''     AND INT.DOCUMENT_NUM= cld_stg.DOCUMENT_NUM     and cld_stg.cr_batch_name = src_stg.cr_batch_name     and src_stg.ORIG_TRANS_ID = cld_stg.ORIG_TRANS_ID','','',NULL,NULL,NULL,NULL,current_date,'riteadmin',current_date,'riteadmin',NULL,NULL,NULL,NULL,NULL,NULL,NULL,NULL,NULL,NULL,NULL,NULL,NULL,NULL,NULL),
	 (11,'RECON_CLOUD_SUCCESS','SELECT      :src_cols from      PO_HEADERS_ALL base,     PO_HEADERS_INTERFACE INT,     :cld_stg_table cld_stg,      :src_stg_table src_stg where     1=1     and INT.po_header_id = BASE.po_header_id     AND base.TYPE_LOOKUP_CODE = ''CONTRACT''     and int.DOCUMENT_NUM = base.segment1     AND INT.DOCUMENT_NUM= cld_stg.DOCUMENT_NUM     and INT.PROCESS_CODE = ''ACCEPTED''      AND INT.DOCUMENT_TYPE_CODE = ''CONTRACT''     and INT.load_request_id ='':load_request_id''     and cld_stg.cr_batch_name = '':cr_batch_name''     and cld_stg.cr_batch_name = src_stg.cr_batch_name     and src_stg.ORIG_TRANS_ID = cld_stg.ORIG_TRANS_ID ','','base.po_header_id base_po_header_id,     base.billto_bu_id base_billto_bu_id,     base.soldto_le_id base_soldto_le_id,     base.document_status base_document_status,     base.prc_bu_id base_prc_bu_id,     base.req_bu_id base_req_bu_id,     base.segment1 base_segment1,     base.vendor_id base_vendor_id,     base.vendor_site_id base_vendor_site_id,     base.vendor_contact_id base_vendor_contact_id,     base.ship_to_location_id base_ship_to_location_id,     base.bill_to_location_id base_bill_to_location_id,     base.terms_id base_terms_id,     base.TYPE_LOOKUP_CODE base_TYPE_LOOKUP_CODE',NULL,NULL,NULL,NULL,current_date,'riteadmin',current_date,'riteadmin',NULL,NULL,NULL,NULL,NULL,NULL,NULL,NULL,NULL,NULL,NULL,NULL,NULL,NULL,NULL),
	 (12,'InterfaceDetails','22','','',NULL,NULL,NULL,NULL,current_date,'riteadmin',current_date,'riteadmin',NULL,NULL,NULL,NULL,NULL,NULL,NULL,NULL,NULL,NULL,NULL,NULL,NULL,NULL,NULL),
	 (12,'DocumentAccount','prc/contractPurchaseAgreement/import','','',NULL,NULL,NULL,NULL,current_date,'riteadmin',current_date,'riteadmin',NULL,NULL,NULL,NULL,NULL,NULL,NULL,NULL,NULL,NULL,NULL,NULL,NULL,NULL,NULL),
	 (12,'DocumentSecurityGroup','FAFusionImportExport','','',NULL,NULL,NULL,NULL,current_date,'riteadmin',current_date,'riteadmin',NULL,NULL,NULL,NULL,NULL,NULL,NULL,NULL,NULL,NULL,NULL,NULL,NULL,NULL,NULL),
	 (12,'JobName','/oracle/apps/ess/prc/po/pdoi/,ImportCPAJob','','',NULL,NULL,NULL,NULL,current_date,'riteadmin',current_date,'riteadmin',NULL,NULL,NULL,NULL,NULL,NULL,NULL,NULL,NULL,NULL,NULL,NULL,NULL,NULL,NULL),
	 (12,'Sequence','2','','',NULL,NULL,NULL,NULL,current_date,'riteadmin',current_date,'riteadmin',NULL,NULL,NULL,NULL,NULL,NULL,NULL,NULL,NULL,NULL,NULL,NULL,NULL,NULL,NULL);

	
--1.Customer


	--Customer Import
INSERT INTO cr_objects (object_id, object_name, object_code, user_object_name, module_code, parent_object_id, fbdi_sheet, loader_endpoint, re_con_query, sequence_in_parent, interface_table_name, rejection_table_name, ctl_file_name, xlsm_file_name, immediate_parent, batch_size, base_tables, creation_date, created_by, last_update_date, last_update_by, attribute1, attribute2, attribute3, attribute4, attribute5, attribute6, attribute7, attribute8, attribute9, attribute10, attribute11, attribute12, attribute13, attribute14, attribute15, conversion_type,cld_template_code,cld_metadata_table_name,cld_template_name)
VALUES (14,'Customer Import', 'CUSTOMER_IMPORT', 'Customer Import', 'FIN', NULL, 'NULL','FBDI', NULL, NULL, 'NULL','NULL',  'NULL', 'CustomerImportTemplate', NULL, 30000, 'NULL', current_date, 'riteadmin', current_date, 'riteadmin', NULL, NULL, NULL, NULL,NULL, NULL, NULL, NULL, NULL, NULL, NULL, NULL, NULL, NULL, NULL,'DATA_MIGRATION', 'Null', 'Null', 'Null');

    -- Cust parties

INSERT INTO cr_objects (object_id, object_name, object_code, user_object_name, module_code, parent_object_id, fbdi_sheet, loader_endpoint, re_con_query, sequence_in_parent, interface_table_name, rejection_table_name, ctl_file_name, xlsm_file_name, immediate_parent, batch_size, base_tables, creation_date, created_by, last_update_date, last_update_by, attribute1, attribute2, attribute3, attribute4, attribute5, attribute6, attribute7, attribute8, attribute9, attribute10, attribute11, attribute12, attribute13, attribute14, attribute15, conversion_type,cld_template_code,cld_metadata_table_name,cld_template_name) 
VALUES (15,'Customer Parties', 'CUSTOMER_PARTIES', 'Customer Parties', 'FIN', 14, 'HZ_IMP_PARTIES_T','FBDI', NULL, 1, 'HZ_IMP_PARTIES_T','HZ_IMP_ERRORS',  'HzImpPartiesT', 'CustomerImportTemplate', NULL, 30000, 'HZ_PARTIES', current_date, 'riteadmin', current_date, 'riteadmin', NULL, NULL, NULL, NULL,NULL, NULL, NULL, NULL, NULL, NULL, NULL, NULL, NULL, NULL, NULL,'DATA_MIGRATION', 'CUSTOMER_PARTIES', 'CR_CUSTOMER_PARTIES_C', 'CR_CUSTOMER_PARTIES_CLD');


INSERT INTO cr_object_information (object_id,info_type,info_value,info_description,additional_information1,additional_information2,additional_information3,additional_information4,additional_information5,creation_date,created_by,last_update_date,last_update_by,attribute1,attribute2,attribute3,attribute4,attribute5,attribute6,attribute7,attribute8,attribute9,attribute10,attribute11,attribute12,attribute13,attribute14,attribute15) VALUES
	 (15,'RECON_CLOUD_FAIL',' SELECT :cld_cols ||'',''||
     ''"''
   || SELECT
            LISTAGG( 
			MESSAGE_NAME, '','') WITHIN GROUP(
            ORDER BY
                ERROR_ID
            ) AS error_msg
        FROM
            hz_imp_errors
        WHERE
                interface_table_name = ''HZ_IMP_PARTIES_T''
            AND error_id = hip.error_id
        GROUP BY
            error_id
||''"''
Reject_lookup_codem  

FROM
          HZ_IMP_PARTIES_T hip,
		  :cld_stg_table cld_stg
        WHERE
            hip.interface_status<>''S''
		  and cld_stg.cr_batch_name='':cr_batch_name''
          and hip.load_request_id = '':load_request_id''
		  and cld_stg.CUSTOMER_ORIGINAL_SYSTEM_REF=hip.party_orig_system_reference
		  and hip.ATTRIBUTE20 = cld_stg.ORIG_TRANS_ID ',NULL,NULL,NULL,NULL,NULL,NULL,current_date,'riteadmin',current_date,'riteadmin',NULL,NULL,NULL,NULL,NULL,NULL,NULL,NULL,NULL,NULL,NULL,NULL,NULL,NULL,NULL),
	 (15,'DocumentAccount','fin/receivables/import',NULL,NULL,NULL,NULL,NULL,NULL,current_date,'riteadmin',current_date,'riteadmin',NULL,NULL,NULL,NULL,NULL,NULL,NULL,NULL,NULL,NULL,NULL,NULL,NULL,NULL,NULL),
	 (15,'DocumentSecurityGroup','FAFusionImportExport',NULL,NULL,NULL,NULL,NULL,NULL,current_date,'riteadmin',current_date,'riteadmin',NULL,NULL,NULL,NULL,NULL,NULL,NULL,NULL,NULL,NULL,NULL,NULL,NULL,NULL,NULL),
	 (15,'InterfaceDetails','4',NULL,NULL,NULL,NULL,NULL,NULL,current_date,'riteadmin',current_date,'riteadmin',NULL,NULL,NULL,NULL,NULL,NULL,NULL,NULL,NULL,NULL,NULL,NULL,NULL,NULL,NULL),
	 (15,'RECON_CLOUD_FAIL_COUNT',' SELECT  count(1)FROM    HZ_IMP_PARTIES_T hip WHERE   hip.interface_status<>''S''and hip.load_request_id='':load_request_id'' ','','',NULL,NULL,NULL,NULL,current_date,'riteadmin','2024-10-10','riteadmin',NULL,NULL,NULL,NULL,NULL,NULL,NULL,NULL,NULL,NULL,NULL,NULL,NULL,NULL,NULL),
	 (15,'RECON_CLOUD_SUCCESS',' SELECT  :cld_cols  from   HZ_IMP_PARTIES_T hip, hz_parties hp, :cld_stg_table cld_stg where hip.ATTRIBUTE20 = cld_stg.ORIG_TRANS_ID and  hp.orig_system_reference=hip.party_orig_system_reference AND hip.interface_status=''S'' and cld_stg.cr_batch_name='':cr_batch_name'' and hip.load_request_id = '':load_request_id''          and cld_stg.party_orig_system_reference=hip.party_orig_system_reference ','','base.PARTY_SITE_USE_ID base_PARTY_SITE_USE_ID, base.PARTY_SITE_ID base_PARTY_SITE_ID, base.SITE_USE_TYPE base_SITE_USE_TYPE, base.CREATED_BY_MODULE base_CREATED_BY_MODULE, base.STATUS base_STATUS',NULL,NULL,NULL,NULL,current_date,'riteadmin','2024-10-10','riteadmin',NULL,NULL,NULL,NULL,NULL,NULL,NULL,NULL,NULL,NULL,NULL,NULL,NULL,NULL,NULL),
	 (15,'JobName','/oracle/apps/ess/cdm/foundation/bulkImport,CDMAutoBulkImportJob','','',NULL,NULL,NULL,NULL,current_date,'riteadmin',current_date,'riteadmin',NULL,NULL,NULL,NULL,NULL,NULL,NULL,NULL,NULL,NULL,NULL,NULL,NULL,NULL,NULL),
	 (15,'SQL_EXTRACTION_QUERY','SELECT
    NULL                  batch_identifier,
    NULL                  party_original_system,
    orig_system_reference "Party_Original_system_ref",
    NULL                  insert_update_indicator,
    party_type            party_type,
    party_number          party_number,
    NULL                  salutation,
    NULL                  party_usage_code,
    jgzz_fiscal_code      taxpayer_identification_number,
    party_name            organization_name,
    duns_number_c         duns_number,
    person_first_name,
    person_last_name,
    NULL                  person_last_name_prefix,
    NULL                  person_second_last_name,
    person_middle_name,
    person_name_suffix,
    person_title,
    attribute_category    "User_Defined_Context_Prompt",
    attribute1            "Descriptive_Flexfield_Segment1",
    attribute2            "Descriptive_Flexfield_Segment2",
    attribute3            "Descriptive_Flexfield_Segment3",
    attribute4            "Descriptive_Flexfield_Segment4",
    attribute5            "Descriptive_Flexfield_Segment5",
    attribute6            "Descriptive_Flexfield_Segment6",
    attribute7            "Descriptive_Flexfield_Segment7",
    attribute8            "Descriptive_Flexfield_Segment8",
    attribute9            "Descriptive_Flexfield_Segment9",
    attribute10           "DFF_Segment10",
    attribute11           "DFF_Segment11",
    attribute12           "DFF_Segment12",
    attribute13           "DFF_Segment13",
    attribute14           "DFF_Segment14",
    attribute15           "DFF_Segment15",
    attribute16           "DFF_Segment16",
    attribute17           "DFF_Segment17",
    attribute18           "DFF_Segment18",
    attribute19           "DFF_Segment19",
    attribute20           "DFF_Segment20",
    attribute21           "DFF_Segment21",
    attribute22           "DFF_Segment22",
    attribute23           "DFF_Segment23",
    attribute24           "DFF_Segment24",
    NULL                  "DFF_Segment25",
    NULL                  "DFF_Segment26",
    NULL                  "DFF_Segment27",
    NULL                  "DFF_Segment28",
    NULL                  "DFF_Segment29",
    NULL                  "DFF_Segment30"
FROM
    hz_parties @{0}','',NULL,NULL,NULL,NULL,NULL,current_date,'riteadmin','2024-10-10','riteadmin',NULL,NULL,NULL,NULL,NULL,NULL,NULL,NULL,NULL,NULL,NULL,NULL,NULL,NULL,NULL),
	 (15,'Sequence','1','','',NULL,NULL,NULL,NULL,current_date,'riteadmin',current_date,'riteadmin',NULL,NULL,NULL,NULL,NULL,NULL,NULL,NULL,NULL,NULL,NULL,NULL,NULL,NULL,NULL);

    --CUSTOMER_PARTY_SITES
INSERT INTO cr_objects (object_id, object_name, object_code, user_object_name, module_code, parent_object_id, fbdi_sheet, loader_endpoint, re_con_query, sequence_in_parent, interface_table_name, rejection_table_name, ctl_file_name, xlsm_file_name, immediate_parent, batch_size, base_tables, creation_date, created_by, last_update_date, last_update_by, attribute1, attribute2, attribute3, attribute4, attribute5, attribute6, attribute7, attribute8, attribute9, attribute10, attribute11, attribute12, attribute13, attribute14, attribute15, conversion_type,cld_template_code,cld_metadata_table_name,cld_template_name) 
VALUES (16,'Customer Party Sites', 'CUSTOMER_PARTY_SITES', 'Customer Party Sites', 'FIN', 14, 'HZ_IMP_PARTYSITES_T','FBDI', NULL, 2, 'HZ_IMP_PARTYSITES_T','HZ_IMP_ERRORS',  'HzImpPartySitesT', 'CustomerImportTemplate', NULL, 30000, 'HZ_PARTY_SITES', current_date, 'riteadmin', current_date, 'riteadmin', NULL, NULL, NULL, NULL,NULL, NULL, NULL, NULL, NULL, NULL, NULL, NULL, NULL, NULL, NULL,'DATA_MIGRATION', 'CUSTOMER_PARTY_SITES', 'CR_CUSTOMER_PARTY_SITES_C', 'CR_CUSTOMER_PARTY_SITES_CLD');

INSERT INTO cr_object_information (object_id,info_type,info_value,info_description,additional_information1,additional_information2,additional_information3,additional_information4,additional_information5,creation_date,created_by,last_update_date,last_update_by,attribute1,attribute2,attribute3,attribute4,attribute5,attribute6,attribute7,attribute8,attribute9,attribute10,attribute11,attribute12,attribute13,attribute14,attribute15) VALUES
	 (16,'DocumentAccount','fin/receivables/import',NULL,NULL,NULL,NULL,NULL,NULL,current_date,'riteadmin',current_date,'riteadmin',NULL,NULL,NULL,NULL,NULL,NULL,NULL,NULL,NULL,NULL,NULL,NULL,NULL,NULL,NULL),
	 (16,'DocumentSecurityGroup','FAFusionImportExport',NULL,NULL,NULL,NULL,NULL,NULL,current_date,'riteadmin',current_date,'riteadmin',NULL,NULL,NULL,NULL,NULL,NULL,NULL,NULL,NULL,NULL,NULL,NULL,NULL,NULL,NULL),
	 (16,'JobName','/oracle/apps/ess/cdm/foundation/bulkImport,CDMAutoBulkImportJob',NULL,NULL,NULL,NULL,NULL,NULL,current_date,'riteadmin',current_date,'riteadmin',NULL,NULL,NULL,NULL,NULL,NULL,NULL,NULL,NULL,NULL,NULL,NULL,NULL,NULL,NULL),
	 (16,'InterfaceDetails','4',NULL,NULL,NULL,NULL,NULL,NULL,current_date,'riteadmin',current_date,'riteadmin',NULL,NULL,NULL,NULL,NULL,NULL,NULL,NULL,NULL,NULL,NULL,NULL,NULL,NULL,NULL),
	 (16,'RECON_CLOUD_FAIL_COUNT',' SELECT  count(1)
FROM    HZ_IMP_PARTYSITES_T hip
WHERE   hip.interface_status<>''S''
and hip.load_request_id='':load_request_id'' ',NULL,NULL,NULL,NULL,NULL,NULL,current_date,'riteadmin',current_date,'riteadmin',NULL,NULL,NULL,NULL,NULL,NULL,NULL,NULL,NULL,NULL,NULL,NULL,NULL,NULL,NULL),
	 (16,'RECON_CLOUD_SUCCESS',' SELECT  :cld_cols  from 
          HZ_IMP_PARTYSITES_T hip,
          hz_party_sites hp,
          :cld_stg_table cld_stg
          where 
              hip.interface_status=''S''
          and cld_stg.cr_batch_name='':cr_batch_name''
          and hip.load_request_id = '':load_request_id''
          and cld_stg.LOCATION_ORIG_SYSTEM_REFERENCE=hip.party_orig_system_reference
          and hp.PARTY_ID=hip.PARTY_ID
		  and hip.ATTRIBUTE20 = cld_stg.ORIG_TRANS_ID ',NULL,NULL,NULL,NULL,NULL,NULL,current_date,'riteadmin',current_date,'riteadmin',NULL,NULL,NULL,NULL,NULL,NULL,NULL,NULL,NULL,NULL,NULL,NULL,NULL,NULL,NULL),
	 (16,'SQL_EXTRACTION_QUERY','SELECT
    NULL                         batch_identifier,
    NULL                         party_original_system,
    hz.orig_system_reference     "Party_Original_system_ref",
    NULL                         party_site_original_system,
    hps.orig_system_reference    "Party_Site_Original_system_ref",
    NULL                         location_original_system,
    hl.orig_system_reference     "Location_Original_System_Ref",
    NULL                         insert_update_indicator,
    hps.party_site_name,
    hps.party_site_number,
    hps.start_date_active        party_site_from_date,
    hps.end_date_active          party_site_to_date,
    hps.mailstop,
    hps.identifying_address_flag identifying_address,
    hps.language                 site_language,
    hps.attribute_category       "User_Defined_Context_Prompt",
    hps.attribute1               "Descriptive_Flexfield_Segment1",
    hps.attribute2               "Descriptive_Flexfield_Segment2",
    hps.attribute3               "Descriptive_Flexfield_Segment3",
    hps.attribute4               "Descriptive_Flexfield_Segment4",
    hps.attribute5               "Descriptive_Flexfield_Segment5",
    hps.attribute6               "Descriptive_Flexfield_Segment6",
    hps.attribute7               "Descriptive_Flexfield_Segment7",
    hps.attribute8               "Descriptive_Flexfield_Segment8",
    hps.attribute9               "Descriptive_Flexfield_Segment9",
    hps.attribute10              "DFF_Segment10",
    hps.attribute11              "DFF_Segment11",
    hps.attribute12              "DFF_Segment12",
    hps.attribute13              "DFF_Segment13",
    hps.attribute14              "DFF_Segment14",
    hps.attribute15              "DFF_Segment15",
    hps.attribute16              "DFF_Segment16",
    hps.attribute17              "DFF_Segment17",
    hps.attribute18              "DFF_Segment18",
    hps.attribute19              "DFF_Segment19",
    hps.attribute20              "DFF_Segment20",
    NULL                         "DFF_Segment21",
    NULL                         "DFF_Segment22",
    NULL                         "DFF_Segment23",
    NULL                         "DFF_Segment24",
    NULL                         "DFF_Segment25",
    NULL                         "DFF_Segment26",
    NULL                         "DFF_Segment27",
    NULL                         "DFF_Segment28",
    NULL                         "DFF_Segment29",
    NULL                         "DFF_Segment30",
    NULL                         relationship_source_system,
    NULL                         "Relationship_Source_System_Ref"
    --,hps.party_site_id
FROM
    hz_parties     @{0} hz,
    hz_party_sites @{0} hps,
    hz_locations   @{0} hl
WHERE
        hz.party_id = hps.party_id
    AND hps.location_id = hl.location_id','',NULL,NULL,NULL,NULL,NULL,current_date,'riteadmin',current_date,'riteadmin',NULL,NULL,NULL,NULL,NULL,NULL,NULL,NULL,NULL,NULL,NULL,NULL,NULL,NULL,NULL),
	 (16,'RECON_CLOUD_FAIL','  SELECT :cld_cols ||'',''||     ''"''   ||    (        SELECT            LISTAGG( distinct			case when MESSAGE_NAME=''HZ_DUPLICATE_COMBINATION'' then  ''The combination of columns SITE_ORIG_SYSTEM and SITE_ORIG_SYSTEM_REFERENCE must be unique in table HZ_IMP_PARTYSITES_T.''			else MESSAGE_NAME			end, '','') WITHIN GROUP(            ORDER BY                ERROR_ID            ) AS error_msg        FROM            hz_imp_errors        WHERE                interface_table_name = ''HZ_IMP_PARTYSITES_T''            AND error_id = hip.error_id        GROUP BY            error_id )|| ''"''     reject_lookup_codemFROM    hz_imp_partysites_t                hip,    :cld_stg_table cld_stgWHERE        hip.attribute20 = cld_stg.orig_trans_id    AND hip.interface_status <> ''S''    AND cld_stg.cr_batch_name = '':cr_batch_name''    AND hip.load_request_id = '':load_request_id''    AND cld_stg.location_orig_system_reference = hip.party_orig_system_reference ','','',NULL,NULL,NULL,NULL,current_date,'riteadmin',current_date,'riteadmin',NULL,NULL,NULL,NULL,NULL,NULL,NULL,NULL,NULL,NULL,NULL,NULL,NULL,NULL,NULL),
	 (16,'Sequence','2','','',NULL,NULL,NULL,NULL,current_date,'riteadmin',current_date,'riteadmin',NULL,NULL,NULL,NULL,NULL,NULL,NULL,NULL,NULL,NULL,NULL,NULL,NULL,NULL,NULL);

    --CUSTOMER_PARTY_SITE_USES
INSERT INTO cr_objects (object_id, object_name, object_code, user_object_name, module_code, parent_object_id, fbdi_sheet, loader_endpoint, re_con_query, sequence_in_parent, interface_table_name, rejection_table_name, ctl_file_name, xlsm_file_name, immediate_parent, batch_size, base_tables, creation_date, created_by, last_update_date, last_update_by, attribute1, attribute2, attribute3, attribute4, attribute5, attribute6, attribute7, attribute8, attribute9, attribute10, attribute11, attribute12, attribute13, attribute14, attribute15, conversion_type,cld_template_code,cld_metadata_table_name,cld_template_name) 
VALUES (17,'Customer Party Site Uses', 'CUSTOMER_PARTY_SITE_USES', 'Customer Party Site Uses', 'FIN', 14, 'HZ_IMP_PARTYSITEUSES_T','FBDI', NULL, 3, 'HZ_IMP_PARTYSITEUSES_T','HZ_IMP_ERRORS',  'HzImpPartySiteUsesT', 'CustomerImportTemplate', NULL, 30000, 'HZ_PARTY_SITE_USES', current_date, 'riteadmin', current_date, 'riteadmin', NULL, NULL, NULL, NULL,NULL, NULL, NULL, NULL, NULL, NULL, NULL, NULL, NULL, NULL, NULL,'DATA_MIGRATION', 'CUSTOMER_PARTY_SITE_USES', 'CR_CUSTOMER_PARTY_SITE_USES_C', 'CR_CUSTOMER_PARTY_SITE_USES_CLD');
   
    INSERT INTO cr_object_information (object_id,info_type,info_value,info_description,additional_information1,additional_information2,additional_information3,additional_information4,additional_information5,creation_date,created_by,last_update_date,last_update_by,attribute1,attribute2,attribute3,attribute4,attribute5,attribute6,attribute7,attribute8,attribute9,attribute10,attribute11,attribute12,attribute13,attribute14,attribute15) VALUES
	 (17,'DocumentAccount','fin/receivables/import',NULL,NULL,NULL,NULL,NULL,NULL,current_date,'riteadmin',current_date,'riteadmin',NULL,NULL,NULL,NULL,NULL,NULL,NULL,NULL,NULL,NULL,NULL,NULL,NULL,NULL,NULL),
	 (17,'RECON_CLOUD_FAIL',' SELECT :cld_cols ||'',''||
     ''"''
   ||
    (
       SELECT
            LISTAGG( distinct
			case when MESSAGE_NAME=''HZ_DUPLICATE_COMBINATION'' then  ''The combination of columns SITE_ORIG_SYSTEM and SITE_ORIG_SYSTEM_REFERENCE must be unique in table HZ_IMP_PARTYSITEUSES_T.''
			else MESSAGE_NAME
			end, '','') WITHIN GROUP(
            ORDER BY
                ERROR_ID
            ) AS error_msg
        FROM
            hz_imp_errors
        WHERE
                interface_table_name = ''HZ_IMP_PARTYSITES_T''
            AND error_id = hip.error_id
        GROUP BY
            error_id )|| ''"''
     reject_lookup_codem
FROM
    hz_imp_partysites_t                hip,
    :cld_stg_table cld_stg
WHERE
         hip.interface_status <> ''S''
    AND cld_stg.cr_batch_name = '':cr_batch_name''
    AND hip.load_request_id = '':load_request_id''
    and cld_stg.PARTY_ORIG_SYSTEM_REFERENCE=hip.party_orig_system_reference
    and hp.PARTY_SITE_ID=hip.PARTY_SITE_ID
  and hip.ATTRIBUTE20 = cld_stg.ORIG_TRANS_ID ',NULL,NULL,NULL,NULL,NULL,NULL,current_date,'riteadmin',current_date,'riteadmin',NULL,NULL,NULL,NULL,NULL,NULL,NULL,NULL,NULL,NULL,NULL,NULL,NULL,NULL,NULL),
	 (17,'RECON_CLOUD_FAIL_COUNT',' SELECT  count(1)
FROM    hz_imp_partysiteuses_t hip
WHERE   hip.interface_status<>''S''
and hip.load_request_id='':load_request_id'' ',NULL,NULL,NULL,NULL,NULL,NULL,current_date,'riteadmin',current_date,'riteadmin',NULL,NULL,NULL,NULL,NULL,NULL,NULL,NULL,NULL,NULL,NULL,NULL,NULL,NULL,NULL),
	 (17,'DocumentSecurityGroup','FAFusionImportExport',NULL,NULL,NULL,NULL,NULL,NULL,current_date,'riteadmin',current_date,'riteadmin',NULL,NULL,NULL,NULL,NULL,NULL,NULL,NULL,NULL,NULL,NULL,NULL,NULL,NULL,NULL),
	 (17,'JobName','/oracle/apps/ess/cdm/foundation/bulkImport,CDMAutoBulkImportJob',NULL,NULL,NULL,NULL,NULL,NULL,current_date,'riteadmin',current_date,'riteadmin',NULL,NULL,NULL,NULL,NULL,NULL,NULL,NULL,NULL,NULL,NULL,NULL,NULL,NULL,NULL),
	 (17,'InterfaceDetails','4',NULL,NULL,NULL,NULL,NULL,NULL,current_date,'riteadmin',current_date,'riteadmin',NULL,NULL,NULL,NULL,NULL,NULL,NULL,NULL,NULL,NULL,NULL,NULL,NULL,NULL,NULL),
	 (17,'RECON_CLOUD_SUCCESS',' SELECT  :cld_cols  from 
          hz_imp_partysiteuses_t hip,
          hz_party_site_uses hp,
          :cld_stg_table cld_stg
          where 
              hip.interface_status=''S''
          and cld_stg.cr_batch_name='':cr_batch_name''
          and hip.load_request_id = '':load_request_id''
          and cld_stg.PARTY_ORIG_SYSTEM_REFERENCE=hip.party_orig_system_reference
          and hp.PARTY_SITE_ID=hip.PARTY_SITE_ID
		  and hip.ATTRIBUTE20 = cld_stg.ORIG_TRANS_ID ',NULL,NULL,NULL,NULL,NULL,NULL,current_date,'riteadmin',current_date,'riteadmin',NULL,NULL,NULL,NULL,NULL,NULL,NULL,NULL,NULL,NULL,NULL,NULL,NULL,NULL,NULL),
	 (17,'Sequence','3','','',NULL,NULL,NULL,NULL,current_date,'riteadmin',current_date,'riteadmin',NULL,NULL,NULL,NULL,NULL,NULL,NULL,NULL,NULL,NULL,NULL,NULL,NULL,NULL,NULL),
	 (17,'SQL_EXTRACTION_QUERY','SELECT
    NULL                       batch_identifier,
    NULL                       party_original_system,
    hz.orig_system_reference   "Party_Original_system_ref",
    NULL                       party_site_original_system,
    hps.orig_system_reference  "Party_Site_Original_system_ref",
    hpsu.site_use_type         part_site_use_type,
    hpsu.primary_per_type      primary_indicator,
    NULL                       insert_update_indicator,
    TO_DATE(to_char(TO_DATE(hpsu.begin_date, ''DD-MM-YY''),
                    ''YYYY/MM/DD''),
            ''YYYY/MM/DD'')      from_date,
    hpsu.end_date              to_date,
    NULL                       "User_Defined_Context_Prompt",
    NULL                       "Descriptive_Flexfield_Segment1",
    NULL                       "Descriptive_Flexfield_Segment2",
    NULL                       "Descriptive_Flexfield_Segment3",
    NULL                       "Descriptive_Flexfield_Segment4",
    NULL                       "Descriptive_Flexfield_Segment5",
    NULL                       "Descriptive_Flexfield_Segment6",
    NULL                       "Descriptive_Flexfield_Segment7",
    NULL                       "Descriptive_Flexfield_Segment8",
    NULL                       "Descriptive_Flexfield_Segment9",
    NULL                       "DFF_Segment10",
    NULL                       "DFF_Segment11",
    NULL                       "DFF_Segment12",
    NULL                       "DFF_Segment13",
    NULL                       "DFF_Segment14",
    NULL                       "DFF_Segment15",
    NULL                       "DFF_Segment16",
    NULL                       "DFF_Segment17",
    NULL                       "DFF_Segment18",
    NULL                       "DFF_Segment19",
    NULL                       "DFF_Segment20",
    NULL                       "DFF_Segment21",
    NULL                       "DFF_Segment22",
    NULL                       "DFF_Segment23",
    NULL                       "DFF_Segment24",
    NULL                       "DFF_Segment25",
    NULL                       "DFF_Segment26",
    NULL                       "DFF_Segment27",
    NULL                       "DFF_Segment28",
    NULL                       "DFF_Segment29",
    NULL                       "DFF_Segment30",
    NULL                       "Party_Site_Use_Original_System",
    hosr.orig_system_reference "Ori_Sys_Party_Site_Use_Ref"
FROM
    hz_parties             @{0} hz,
    hz_party_sites         @{0} hps,
    hz_party_site_uses     @{0} hpsu,
    hz_orig_sys_references @{0} hosr
WHERE
        hz.party_id = hps.party_id
    AND hps.party_site_id = hpsu.party_site_id
    AND hpsu.party_site_use_id = hosr.owner_table_id
    AND hosr.owner_table_name = ''HZ_PARTY_SITE_USES''','',NULL,NULL,NULL,NULL,NULL,current_date,'riteadmin',current_date,'riteadmin',NULL,NULL,NULL,NULL,NULL,NULL,NULL,NULL,NULL,NULL,NULL,NULL,NULL,NULL,NULL);

--CUSTOMER_ACCOUNTS
INSERT INTO cr_objects (object_id, object_name, object_code, user_object_name, module_code, parent_object_id, fbdi_sheet, loader_endpoint, re_con_query, sequence_in_parent, interface_table_name, rejection_table_name, ctl_file_name, xlsm_file_name, immediate_parent, batch_size, base_tables, creation_date, created_by, last_update_date, last_update_by, attribute1, attribute2, attribute3, attribute4, attribute5, attribute6, attribute7, attribute8, attribute9, attribute10, attribute11, attribute12, attribute13, attribute14, attribute15, conversion_type,cld_template_code,cld_metadata_table_name,cld_template_name) 
VALUES (18,'Customer Accounts', 'CUSTOMER_ACCOUNTS', 'Customer Accounts', 'FIN', 14, 'HZ_IMP_ACCOUNTS_T','FBDI', NULL, 4, 'HZ_IMP_ACCOUNTS_T','HZ_IMP_ERRORS',  'HzImpAccountsT', 'CustomerImportTemplate', NULL, 30000, 'HZ_CUST_ACCOUNTS', current_date, 'riteadmin', current_date, 'riteadmin', NULL, NULL, NULL, NULL,NULL, NULL, NULL, NULL, NULL, NULL, NULL, NULL, NULL, NULL, NULL,'DATA_MIGRATION', 'CUSTOMER_ACCOUNTS', 'CR_CUSTOMER_ACCOUNTS_C', 'CR_CUSTOMER_ACCOUNTS_CLD');

INSERT INTO cr_object_information (object_id,info_type,info_value,info_description,additional_information1,additional_information2,additional_information3,additional_information4,additional_information5,creation_date,created_by,last_update_date,last_update_by,attribute1,attribute2,attribute3,attribute4,attribute5,attribute6,attribute7,attribute8,attribute9,attribute10,attribute11,attribute12,attribute13,attribute14,attribute15) VALUES
	 (18,'InterfaceDetails','4',NULL,NULL,NULL,NULL,NULL,NULL,current_date,'riteadmin',current_date,'riteadmin',NULL,NULL,NULL,NULL,NULL,NULL,NULL,NULL,NULL,NULL,NULL,NULL,NULL,NULL,NULL),
	 (18,'DocumentAccount','fin/receivables/import',NULL,NULL,NULL,NULL,NULL,NULL,current_date,'riteadmin',current_date,'riteadmin',NULL,NULL,NULL,NULL,NULL,NULL,NULL,NULL,NULL,NULL,NULL,NULL,NULL,NULL,NULL),
	 (18,'DocumentSecurityGroup','FAFusionImportExport',NULL,NULL,NULL,NULL,NULL,NULL,current_date,'riteadmin',current_date,'riteadmin',NULL,NULL,NULL,NULL,NULL,NULL,NULL,NULL,NULL,NULL,NULL,NULL,NULL,NULL,NULL),
	 (18,'JobName','/oracle/apps/ess/cdm/foundation/bulkImport,CDMAutoBulkImportJob',NULL,NULL,NULL,NULL,NULL,NULL,current_date,'riteadmin',current_date,'riteadmin',NULL,NULL,NULL,NULL,NULL,NULL,NULL,NULL,NULL,NULL,NULL,NULL,NULL,NULL,NULL),
	 (18,'RECON_CLOUD_SUCCESS',' SELECT    :cld_cols  from 
          hz_imp_accounts_t hip,
          hz_cust_accounts hp,
          :cld_stg_table cld_stg
          where 
           hp.orig_system_reference=hip.cust_orig_system_reference
          AND hip.interface_status=''S''
          and cld_stg.cr_batch_name='':cr_batch_name''
          and hip.load_request_id = '':load_request_id''
          and cld_stg.CUST_ORIG_SYSTEM_REFERENCE=hip.cust_orig_system_reference
          and hip.ATTRIBUTE20 = cld_stg.ORIG_TRANS_ID ',NULL,NULL,NULL,NULL,NULL,NULL,current_date,'riteadmin',current_date,'riteadmin',NULL,NULL,NULL,NULL,NULL,NULL,NULL,NULL,NULL,NULL,NULL,NULL,NULL,NULL,NULL),
	 (18,'RECON_CLOUD_FAIL',' SELECT :cld_cols ||'',''||
     ''"''
   || SELECT
            LISTAGG( distinct
			case when MESSAGE_NAME=''HZ_DUPLICATE_COMBINATION'' then  ''The combination of columns CUST_ORIG_SYSTEM and CUST_ORIG_SYSTEM_REFERENCE must be unique in table HZ_IMP_ACCOUNTS_T.''
			else MESSAGE_NAME
			end, '','') WITHIN GROUP(
            ORDER BY
                ERROR_ID
            ) AS error_msg
        FROM
            hz_imp_errors
        WHERE
                interface_table_name = ''HZ_IMP_ACCOUNTS_T''
            AND error_id = hip.error_id
        GROUP BY
            error_id
||''"''
Reject_lookup_codem  

FROM
          hz_imp_accounts_t hip,
		  :cld_stg_table cld_stg
        WHERE
           
           hip.interface_status<>''S''
	  and cld_stg.cr_batch_name='':cr_batch_name''
          and hip.load_request_id = '':load_request_id''
	  and cld_stg.CUST_ORIG_SYSTEM_REFERENCE=hip.cust_orig_system_reference
      and hip.ATTRIBUTE20 = cld_stg.ORIG_TRANS_ID ',NULL,NULL,NULL,NULL,NULL,NULL,current_date,'riteadmin',current_date,'riteadmin',NULL,NULL,NULL,NULL,NULL,NULL,NULL,NULL,NULL,NULL,NULL,NULL,NULL,NULL,NULL),
	 (18,'RECON_CLOUD_FAIL_COUNT',' SELECT  count(1)
FROM    hz_imp_accounts_t hip
WHERE   hip.interface_status<>''S''
and hip.load_request_id='':load_request_id'' ',NULL,NULL,NULL,NULL,NULL,NULL,current_date,'riteadmin',current_date,'riteadmin',NULL,NULL,NULL,NULL,NULL,NULL,NULL,NULL,NULL,NULL,NULL,NULL,NULL,NULL,NULL),
	 (18,'Sequence','4','','',NULL,NULL,NULL,NULL,current_date,'riteadmin',current_date,'riteadmin',NULL,NULL,NULL,NULL,NULL,NULL,NULL,NULL,NULL,NULL,NULL,NULL,NULL,NULL,NULL),
	 (18,'SQL_EXTRACTION_QUERY','SELECT
  NULL batch_identifier,
  NULL customer_account_source_system,
  hca.orig_system_reference "Cust_Account_Source_System_Ref",
  NULL party_original_system,
  hz.orig_system_reference "Party_Original_system_ref",
  hca.account_number,
  NULL insert_update_indicator,
  hca.customer_type account_type,
  hca.customer_class_code customer_class,
  hca.account_name account_description,
  hca.account_established_date,
  hca.attribute_category "User_Defined_Context_Prompt",
  hca.attribute1 "Descriptive_Flexfield_Segment1",
  hca.attribute2 "Descriptive_Flexfield_Segment2",
  hca.attribute3 "Descriptive_Flexfield_Segment3",
  hca.attribute4 "Descriptive_Flexfield_Segment4",
  hca.attribute5 "Descriptive_Flexfield_Segment5",
  hca.attribute6 "Descriptive_Flexfield_Segment6",
  hca.attribute7 "Descriptive_Flexfield_Segment7",
  hca.attribute8 "Descriptive_Flexfield_Segment8",
  hca.attribute9 "Descriptive_Flexfield_Segment9",
  hca.attribute10 "DFF_Segment10",
  hca.attribute11 "DFF_Segment11",
  hca.attribute12 "DFF_Segment12",
  hca.attribute13 "DFF_Segment13",
  hca.attribute14 "DFF_Segment14",
  hca.attribute15 "DFF_Segment15",
  hca.attribute16 "DFF_Segment16",
  hca.attribute17 "DFF_Segment17",
  hca.attribute18 "DFF_Segment18",
  hca.attribute19 "DFF_Segment19",
  hca.attribute20 "DFF_Segment20",
  NULL "DFF_Segment21",
  NULL "DFF_Segment22",
  NULL "DFF_Segment23",
  NULL "DFF_Segment24",
  NULL "DFF_Segment25",
  NULL "DFF_Segment26",
  NULL "DFF_Segment27",
  NULL "DFF_Segment28",
  NULL "DFF_Segment29",
  NULL "DFF_Segment30",
  hca.account_termination_date
FROM
  hz_parties @{0} hz,
  hz_cust_accounts @ {0} hca
WHERE
  1 = 1
  AND hz.party_id = hca.party_id
  AND hz.party_id = 1000','',NULL,NULL,NULL,NULL,NULL,current_date,'riteadmin',current_date,'riteadmin',NULL,NULL,NULL,NULL,NULL,NULL,NULL,NULL,NULL,NULL,NULL,NULL,NULL,NULL,NULL);

--CUSTOMER_ACCOUNT_SITES
INSERT INTO cr_objects (object_id, object_name, object_code, user_object_name, module_code, parent_object_id, fbdi_sheet, loader_endpoint, re_con_query, sequence_in_parent, interface_table_name, rejection_table_name, ctl_file_name, xlsm_file_name, immediate_parent, batch_size, base_tables, creation_date, created_by, last_update_date, last_update_by, attribute1, attribute2, attribute3, attribute4, attribute5, attribute6, attribute7, attribute8, attribute9, attribute10, attribute11, attribute12, attribute13, attribute14, attribute15, conversion_type,cld_template_code,cld_metadata_table_name,cld_template_name)
 VALUES (19,'Customer Account Sites', 'CUSTOMER_ACCOUNT_SITES', 'Customer Account Sites', 'FIN', 14, 'HZ_IMP_ACCTSITES_T','FBDI', NULL, 5, 'HZ_IMP_ACCTSITES_T','HZ_IMP_ERRORS',  'HzImpAcctSitesT', 'CustomerImportTemplate', NULL, 30000, 'HZ_CUST_ACCT_SITES_ALL', current_date, 'riteadmin', current_date, 'riteadmin', NULL, NULL, NULL, NULL,NULL, NULL, NULL, NULL, NULL, NULL, NULL, NULL, NULL, NULL, NULL,'DATA_MIGRATION', 'CUSTOMER_ACCOUNT_SITES', 'CR_CUSTOMER_ACCOUNT_SITES_C', 'CR_CUSTOMER_ACCOUNT_SITES_CLD');

INSERT INTO cr_object_information (object_id,info_type,info_value,info_description,additional_information1,additional_information2,additional_information3,additional_information4,additional_information5,creation_date,created_by,last_update_date,last_update_by,attribute1,attribute2,attribute3,attribute4,attribute5,attribute6,attribute7,attribute8,attribute9,attribute10,attribute11,attribute12,attribute13,attribute14,attribute15) VALUES
	 (19,'DocumentAccount','fin/receivables/import',NULL,NULL,NULL,NULL,NULL,NULL,current_date,'riteadmin',current_date,'riteadmin',NULL,NULL,NULL,NULL,NULL,NULL,NULL,NULL,NULL,NULL,NULL,NULL,NULL,NULL,NULL),
	 (19,'DocumentSecurityGroup','FAFusionImportExport',NULL,NULL,NULL,NULL,NULL,NULL,current_date,'riteadmin',current_date,'riteadmin',NULL,NULL,NULL,NULL,NULL,NULL,NULL,NULL,NULL,NULL,NULL,NULL,NULL,NULL,NULL),
	 (19,'JobName','/oracle/apps/ess/cdm/foundation/bulkImport,CDMAutoBulkImportJob',NULL,NULL,NULL,NULL,NULL,NULL,current_date,'riteadmin',current_date,'riteadmin',NULL,NULL,NULL,NULL,NULL,NULL,NULL,NULL,NULL,NULL,NULL,NULL,NULL,NULL,NULL),
	 (19,'InterfaceDetails','4',NULL,NULL,NULL,NULL,NULL,NULL,current_date,'riteadmin',current_date,'riteadmin',NULL,NULL,NULL,NULL,NULL,NULL,NULL,NULL,NULL,NULL,NULL,NULL,NULL,NULL,NULL),
	 (19,'RECON_CLOUD_FAIL_COUNT',' SELECT  count(1)
FROM    hz_imp_acctsites_t hip
WHERE   hip.interface_status<>''S''
and hip.load_request_id='':load_request_id'' ',NULL,NULL,NULL,NULL,NULL,NULL,current_date,'riteadmin',current_date,'riteadmin',NULL,NULL,NULL,NULL,NULL,NULL,NULL,NULL,NULL,NULL,NULL,NULL,NULL,NULL,NULL),
	 (19,'RECON_CLOUD_SUCCESS',' SELECT    :cld_cols  from 
          hz_imp_acctsites_t hip,
          hz_cust_acct_sites_all hp,
          :cld_stg_table cld_stg
          where 
           hp.orig_system_reference=hip.cust_orig_system_reference
          AND hip.interface_status=''S''
          and cld_stg.cr_batch_name='':cr_batch_name''
          and hip.load_request_id = '':load_request_id''
          and cld_stg.SITE_ORIG_SYSTEM_REFERENCE=hip.cust_orig_system_reference
          and hip.ATTRIBUTE20 = cld_stg.ORIG_TRANS_ID ',NULL,NULL,NULL,NULL,NULL,NULL,current_date,'riteadmin',current_date,'riteadmin',NULL,NULL,NULL,NULL,NULL,NULL,NULL,NULL,NULL,NULL,NULL,NULL,NULL,NULL,NULL),
	 (19,'RECON_CLOUD_FAIL',' SELECT :cld_cols ||'',''||
     ''"''
   ||  SELECT
            LISTAGG( distinct
			case when MESSAGE_NAME=''HZ_DUPLICATE_COMBINATION'' then  ''The combination of columns CUST_SITE_ORIG_SYSTEM and CUST_SITE_ORIG_SYS_REF must be unique in table HZ_IMP_ACCTSITES_T.''
			else MESSAGE_NAME
			end, '','') WITHIN GROUP(
            ORDER BY
                ERROR_ID
            ) AS error_msg
        FROM
            hz_imp_errors
        WHERE
                interface_table_name = ''HZ_IMP_ACCTSITES_T''
            AND error_id = hip.error_id
        GROUP BY
            error_id
||''"''
Reject_lookup_codem  

FROM
          hz_imp_acctsites_t hip,
		  :cld_stg_table cld_stg
        WHERE
            hip.interface_status<>''S''
        and cld_stg.cr_batch_name='':cr_batch_name''
        and hip.load_request_id = '':load_request_id''
        and cld_stg.SITE_ORIG_SYSTEM_REFERENCE=hip.cust_orig_system_reference
        and hip.ATTRIBUTE20 = cld_stg.ORIG_TRANS_ID ',NULL,NULL,NULL,NULL,NULL,NULL,current_date,'riteadmin',current_date,'riteadmin',NULL,NULL,NULL,NULL,NULL,NULL,NULL,NULL,NULL,NULL,NULL,NULL,NULL,NULL,NULL),
	 (19,'Sequence','5','','',NULL,NULL,NULL,NULL,current_date,'riteadmin',current_date,'riteadmin',NULL,NULL,NULL,NULL,NULL,NULL,NULL,NULL,NULL,NULL,NULL,NULL,NULL,NULL,NULL),
	 (19,'SQL_EXTRACTION_QUERY','SELECT
    NULL                        batch_identifier,
    NULL                        customer_account_source_system,
    hca.orig_system_reference   "Cust_Account_Source_System_Ref",
    hca.account_number,
    NULL                        account_site_source_system,
    hcasa.orig_system_reference account_site_source_system_ref,
    NULL                        party_site_original_system,
    hps.orig_system_reference   "Party_Site_Original_system_ref",
    hps.party_site_number,
    hcasa.language              site_language,
    NULL                        insert_update_indicator,
    hcasa.customer_category_code,
    hcasa.translated_customer_name,
    NULL                        account_address_set,
    TO_DATE(to_char(TO_DATE(hcasa.wh_update_date, ''DD-MM-YY''),
                    ''YYYY/MM/DD''),
            ''YYYY/MM/DD'')                        from_date,
    NULL                        to_date,
    hcasa.key_account_flag      key_account,
    hcasa.attribute_category    "User_Defined_Context_Prompt",
    hcasa.attribute1            "Descriptive_Flexfield_Segment1",
    hcasa.attribute2            "Descriptive_Flexfield_Segment2",
    hcasa.attribute3            "Descriptive_Flexfield_Segment3",
    hcasa.attribute4            "Descriptive_Flexfield_Segment4",
    hcasa.attribute5            "Descriptive_Flexfield_Segment5",
    hcasa.attribute6            "Descriptive_Flexfield_Segment6",
    hcasa.attribute7            "Descriptive_Flexfield_Segment7",
    hcasa.attribute8            "Descriptive_Flexfield_Segment8",
    hcasa.attribute9            "Descriptive_Flexfield_Segment9",
    hcasa.attribute10           "DFF_Segment10",
    hcasa.attribute11           "DFF_Segment11",
    hcasa.attribute12           "DFF_Segment12",
    hcasa.attribute13           "DFF_Segment13",
    hcasa.attribute14           "DFF_Segment14",
    hcasa.attribute15           "DFF_Segment15",
    hcasa.attribute16           "DFF_Segment16",
    hcasa.attribute17           "DFF_Segment17",
    hcasa.attribute18           "DFF_Segment18",
    hcasa.attribute19           "DFF_Segment19",
    hcasa.attribute20           "DFF_Segment20",
    NULL                        "DFF_Segment21",
    NULL                        "DFF_Segment22",
    NULL                        "DFF_Segment23",
    NULL                        "DFF_Segment24",
    NULL                        "DFF_Segment25",
    NULL                        "DFF_Segment26",
    NULL                        "DFF_Segment27",
    NULL                        "DFF_Segment28",
    NULL                        "DFF_Segment29",
    NULL                        "DFF_Segment30"
FROM
    hz_party_sites         @{0} hps,
    hz_cust_accounts       @{0} hca,
    hz_cust_acct_sites_all @{0} hcasa
WHERE
        1 = 1
    AND hca.cust_account_id = hcasa.cust_account_id
    AND hcasa.party_site_id = hps.party_site_id
','',NULL,NULL,NULL,NULL,NULL,current_date,'riteadmin',current_date,'riteadmin',NULL,NULL,NULL,NULL,NULL,NULL,NULL,NULL,NULL,NULL,NULL,NULL,NULL,NULL,NULL);

--CUSTOMER_ACCOUNT_SITE_USES
INSERT INTO cr_objects (object_id, object_name, object_code, user_object_name, module_code, parent_object_id, fbdi_sheet, loader_endpoint, re_con_query, sequence_in_parent, interface_table_name, rejection_table_name, ctl_file_name, xlsm_file_name, immediate_parent, batch_size, base_tables, creation_date, created_by, last_update_date, last_update_by, attribute1, attribute2, attribute3, attribute4, attribute5, attribute6, attribute7, attribute8, attribute9, attribute10, attribute11, attribute12, attribute13, attribute14, attribute15, conversion_type,cld_template_code,cld_metadata_table_name,cld_template_name) 
VALUES (20,'Customer Account Site Uses', 'CUSTOMER_ACCOUNT_SITE_USES', 'Customer Account Site Uses', 'FIN', 14, 'HZ_IMP_ACCTSITEUSES_T','FBDI', NULL, 6, 'HZ_IMP_ACCTSITEUSES_T','HZ_IMP_ERRORS',  'HzImpAcctSiteUsesT', 'CustomerImportTemplate', NULL, 30000, 'HZ_CUST_SITE_USES_ALL', current_date, 'riteadmin', current_date, 'riteadmin', NULL, NULL, NULL, NULL,NULL, NULL, NULL, NULL, NULL, NULL, NULL, NULL, NULL, NULL, NULL,'DATA_MIGRATION', 'CUSTOMER_ACCOUNT_SITE_USES', 'CR_CUSTOMER_ACCOUNT_SITE_USES_C', 'CR_CUSTOMER_ACCOUNT_SITE_USES_CLD');

INSERT INTO cr_object_information (object_id,info_type,info_value,info_description,additional_information1,additional_information2,additional_information3,additional_information4,additional_information5,creation_date,created_by,last_update_date,last_update_by,attribute1,attribute2,attribute3,attribute4,attribute5,attribute6,attribute7,attribute8,attribute9,attribute10,attribute11,attribute12,attribute13,attribute14,attribute15) VALUES
	 (20,'SQL_EXTRACTION_QUERY','SELECT
    NULL                        batch_identifier,
    hca.account_number,
    hps.party_site_number,
    NULL                        account_site_source_system,
    hcasa.orig_system_reference account_site_source_system_ref,
    NULL                        "Account_Site_Purpose_Src_Sys",
    hcsua.orig_system_reference "Acct_Site_Purpose_Src_Sys_Ref",
    hcsua.site_use_code         purpose,
    hcsua.primary_flag          primary_indicator,
    NULL                        insert_update_indicator,
    hcsua.location              site,
    NULL                        account_address_purpose_set,
    TO_DATE(to_char(TO_DATE(hcsua.wh_update_date, ''DD-MM-YY''),
                    ''YYYY/MM/DD''),
            ''YYYY/MM/DD'')       purpose_from_date,
    NULL                        purpose_to_date,
    hcsua.attribute_category    "User_Defined_Context_Prompt",
    hcsua.attribute1            "Descriptive_Flexfield_Segment1",
    hcsua.attribute2            "Descriptive_Flexfield_Segment2",
    hcsua.attribute3            "Descriptive_Flexfield_Segment3",
    hcsua.attribute4            "Descriptive_Flexfield_Segment4",
    hcsua.attribute5            "Descriptive_Flexfield_Segment5",
    hcsua.attribute6            "Descriptive_Flexfield_Segment6",
    hcsua.attribute7            "Descriptive_Flexfield_Segment7",
    hcsua.attribute8            "Descriptive_Flexfield_Segment8",
    hcsua.attribute9            "Descriptive_Flexfield_Segment9",
    hcsua.attribute10           "DFF_Segment10",
    hcsua.attribute11           "DFF_Segment11",
    hcsua.attribute12           "DFF_Segment12",
    hcsua.attribute13           "DFF_Segment13",
    hcsua.attribute14           "DFF_Segment14",
    hcsua.attribute15           "DFF_Segment15",
    hcsua.attribute16           "DFF_Segment16",
    hcsua.attribute17           "DFF_Segment17",
    hcsua.attribute18           "DFF_Segment18",
    hcsua.attribute19           "DFF_Segment19",
    hcsua.attribute20           "DFF_Segment20",
    hcsua.attribute21           "DFF_Segment21",
    hcsua.attribute22           "DFF_Segment22",
    hcsua.attribute23           "DFF_Segment23",
    hcsua.attribute24           "DFF_Segment24",
    hcsua.attribute25           "DFF_Segment25",
    NULL                        "DFF_Segment26",
    NULL                        "DFF_Segment27",
    NULL                        "DFF_Segment28",
    NULL                        "DFF_Segment29",
    NULL                        "DFF_Segment30"
FROM
    hz_cust_accounts       @{0} hca,
    hz_party_sites         @{0} hps,
    hz_cust_acct_sites_all @{0} hcasa,
    hz_cust_site_uses_all  @{0} hcsua
WHERE
        1 = 1
    AND hps.party_site_id = hcasa.party_site_id
    AND hca.cust_account_id = hcasa.cust_account_id
    AND hcasa.cust_acct_site_id = hcsua.cust_acct_site_id','',NULL,NULL,NULL,NULL,NULL,current_date,'riteadmin',current_date,'riteadmin',NULL,NULL,NULL,NULL,NULL,NULL,NULL,NULL,NULL,NULL,NULL,NULL,NULL,NULL,NULL),
	 (20,'DocumentAccount','fin/receivables/import',NULL,NULL,NULL,NULL,NULL,NULL,current_date,'riteadmin',current_date,'riteadmin',NULL,NULL,NULL,NULL,NULL,NULL,NULL,NULL,NULL,NULL,NULL,NULL,NULL,NULL,NULL),
	 (20,'DocumentSecurityGroup','FAFusionImportExport',NULL,NULL,NULL,NULL,NULL,NULL,current_date,'riteadmin',current_date,'riteadmin',NULL,NULL,NULL,NULL,NULL,NULL,NULL,NULL,NULL,NULL,NULL,NULL,NULL,NULL,NULL),
	 (20,'JobName','/oracle/apps/ess/cdm/foundation/bulkImport,CDMAutoBulkImportJob',NULL,NULL,NULL,NULL,NULL,NULL,current_date,'riteadmin',current_date,'riteadmin',NULL,NULL,NULL,NULL,NULL,NULL,NULL,NULL,NULL,NULL,NULL,NULL,NULL,NULL,NULL),
	 (20,'InterfaceDetails','4',NULL,NULL,NULL,NULL,NULL,NULL,current_date,'riteadmin',current_date,'riteadmin',NULL,NULL,NULL,NULL,NULL,NULL,NULL,NULL,NULL,NULL,NULL,NULL,NULL,NULL,NULL),
	 (20,'RECON_CLOUD_FAIL_COUNT',' SELECT  count(1)
FROM    HZ_IMP_ACCTSITEUSES_T hip
WHERE   hip.interface_status<>''S''
and hip.load_request_id='':load_request_id'' ',NULL,NULL,NULL,NULL,NULL,NULL,current_date,'riteadmin',current_date,'riteadmin',NULL,NULL,NULL,NULL,NULL,NULL,NULL,NULL,NULL,NULL,NULL,NULL,NULL,NULL,NULL),
	 (20,'RECON_CLOUD_SUCCESS',' SELECT   :cld_cols  from 
          HZ_IMP_ACCTSITEUSES_T hip,
          hz_cust_site_uses_all hp,
          :cld_stg_table cld_stg
          where 
            hp.CUST_ACCT_SITE_ID=hip.CUST_ACCT_SITE_ID
          AND hip.interface_status=''S''
          and cld_stg.cr_batch_name='':cr_batch_name''
          and hip.load_request_id = '':load_request_id''
          and cld_stg.CUST_SITEUSE_ORIG_SYS_REF=hip.cust_siteuse_orig_sys_ref
          and hip.ATTRIBUTE20 = cld_stg.ORIG_TRANS_ID ',NULL,NULL,NULL,NULL,NULL,NULL,current_date,'riteadmin',current_date,'riteadmin',NULL,NULL,NULL,NULL,NULL,NULL,NULL,NULL,NULL,NULL,NULL,NULL,NULL,NULL,NULL),
	 (20,'RECON_CLOUD_FAIL',' SELECT :cld_cols ||'',''||
     ''"''
   || SELECT
            LISTAGG( distinct
			case when MESSAGE_NAME=''HZ_DUPLICATE_COMBINATION'' then  ''The combination of columns CUST_SITEUSE_ORIG_SYSTEM and CUST_SITEUSE_ORIG_SYS_REF must be unique in table HZ_IMP_ACCTSITEUSES_T.''
			else MESSAGE_NAME
			end, '','') WITHIN GROUP(
            ORDER BY
                ERROR_ID
            ) AS error_msg
        FROM
            hz_imp_errors
        WHERE
                interface_table_name = ''HZ_IMP_ACCTSITEUSES_T''
            AND error_id = hip.error_id
        GROUP BY
            error_id
||''"''
Reject_lookup_codem  

FROM
          HZ_IMP_ACCTSITEUSES_T hip,
		  		:cld_stg_table cld_stg
        WHERE
            hip.interface_status<>''S''
          and cld_stg.cr_batch_name='':cr_batch_name''
          and hip.load_request_id = '':load_request_id''
          and cld_stg.CUST_SITEUSE_ORIG_SYS_REF=hip.cust_siteuse_orig_sys_ref
          and hip.ATTRIBUTE20 = cld_stg.ORIG_TRANS_ID ',NULL,NULL,NULL,NULL,NULL,NULL,current_date,'riteadmin',current_date,'riteadmin',NULL,NULL,NULL,NULL,NULL,NULL,NULL,NULL,NULL,NULL,NULL,NULL,NULL,NULL,NULL),
	 (20,'Sequence','6','','',NULL,NULL,NULL,NULL,current_date,'riteadmin',current_date,'riteadmin',NULL,NULL,NULL,NULL,NULL,NULL,NULL,NULL,NULL,NULL,NULL,NULL,NULL,NULL,NULL);

--CUSTOMER_ACCOUNT_RELATIONSHIPS
INSERT INTO cr_objects (object_id, object_name, object_code, user_object_name, module_code, parent_object_id, fbdi_sheet, loader_endpoint, re_con_query, sequence_in_parent, interface_table_name, rejection_table_name, ctl_file_name, xlsm_file_name, immediate_parent, batch_size, base_tables, creation_date, created_by, last_update_date, last_update_by, attribute1, attribute2, attribute3, attribute4, attribute5, attribute6, attribute7, attribute8, attribute9, attribute10, attribute11, attribute12, attribute13, attribute14, attribute15, conversion_type,cld_template_code,cld_metadata_table_name,cld_template_name) 
VALUES (21,'Customer Account Relationships', 'CUSTOMER_ACCOUNT_RELATIONSHIPS', 'Customer Account Relationships', 'FIN', 14, 'HZ_IMP_ACCOUNTRELS','FBDI', NULL, 7, 'HZ_IMP_ACCOUNTRELS','HZ_IMP_ERRORS',  'HzImpAccountRels', 'CustomerImportTemplate', NULL, 30000, 'HZ_CUST_ACCT_RELATE_ALL', current_date, 'riteadmin', current_date, 'riteadmin', NULL, NULL, NULL, NULL,NULL, NULL, NULL, NULL, NULL, NULL, NULL, NULL, NULL, NULL, NULL,'DATA_MIGRATION', 'CUSTOMER_ACCOUNT_RELATIONSHIPS', 'CR_CUSTOMER_ACCOUNT_RELATIONSHIPS_C', 'CR_CUSTOMER_ACCOUNT_RELATIONSHIPS_CLD');

INSERT INTO cr_object_information (object_id,info_type,info_value,info_description,additional_information1,additional_information2,additional_information3,additional_information4,additional_information5,creation_date,created_by,last_update_date,last_update_by,attribute1,attribute2,attribute3,attribute4,attribute5,attribute6,attribute7,attribute8,attribute9,attribute10,attribute11,attribute12,attribute13,attribute14,attribute15) VALUES
	 (21,'Sequence','7','','',NULL,NULL,NULL,NULL,current_date,'riteadmin',current_date,'riteadmin',NULL,NULL,NULL,NULL,NULL,NULL,NULL,NULL,NULL,NULL,NULL,NULL,NULL,NULL,NULL),
	 (21,'DocumentAccount','fin/receivables/import','','',NULL,NULL,NULL,NULL,current_date,'riteadmin',current_date,'riteadmin',NULL,NULL,NULL,NULL,NULL,NULL,NULL,NULL,NULL,NULL,NULL,NULL,NULL,NULL,NULL),
	 (21,'DocumentSecurityGroup','FAFusionImportExport','','',NULL,NULL,NULL,NULL,current_date,'riteadmin',current_date,'riteadmin',NULL,NULL,NULL,NULL,NULL,NULL,NULL,NULL,NULL,NULL,NULL,NULL,NULL,NULL,NULL),
	 (21,'JobName','/oracle/apps/ess/cdm/foundation/bulkImport,CDMAutoBulkImportJob','','',NULL,NULL,NULL,NULL,current_date,'riteadmin',current_date,'riteadmin',NULL,NULL,NULL,NULL,NULL,NULL,NULL,NULL,NULL,NULL,NULL,NULL,NULL,NULL,NULL),
	 (21,'InterfaceDetails','4','','',NULL,NULL,NULL,NULL,current_date,'riteadmin',current_date,'riteadmin',NULL,NULL,NULL,NULL,NULL,NULL,NULL,NULL,NULL,NULL,NULL,NULL,NULL,NULL,NULL);

--CUSTOMER_CONTACTS
INSERT INTO cr_objects (object_id, object_name, object_code, user_object_name, module_code, parent_object_id, fbdi_sheet, loader_endpoint, re_con_query, sequence_in_parent, interface_table_name, rejection_table_name, ctl_file_name, xlsm_file_name, immediate_parent, batch_size, base_tables, creation_date, created_by, last_update_date, last_update_by, attribute1, attribute2, attribute3, attribute4, attribute5, attribute6, attribute7, attribute8, attribute9, attribute10, attribute11, attribute12, attribute13, attribute14, attribute15, conversion_type,cld_template_code,cld_metadata_table_name,cld_template_name) 
VALUES (22,'Customer Contacts', 'CUSTOMER_CONTACTS', 'Customer Contacts', 'FIN', 14, 'HZ_IMP_CONTACTS_T','FBDI', NULL, 8, 'HZ_IMP_CONTACTS_T','HZ_IMP_ERRORS',  'HzImpContactsT', 'CustomerImportTemplate', NULL, 30000, 'HZ_ORG_CONTACTS', current_date, 'riteadmin', current_date, 'riteadmin', NULL, NULL, NULL, NULL,NULL, NULL, NULL, NULL, NULL, NULL, NULL, NULL, NULL, NULL, NULL,'DATA_MIGRATION', 'CUSTOMER_CONTACTS', 'CR_CUSTOMER_CONTACTS_C', 'CR_CUSTOMER_CONTACTS_CLD');

INSERT INTO cr_object_information (object_id,info_type,info_value,info_description,additional_information1,additional_information2,additional_information3,additional_information4,additional_information5,creation_date,created_by,last_update_date,last_update_by,attribute1,attribute2,attribute3,attribute4,attribute5,attribute6,attribute7,attribute8,attribute9,attribute10,attribute11,attribute12,attribute13,attribute14,attribute15) VALUES
	 (22,'DocumentAccount','fin/receivables/import','','',NULL,NULL,NULL,NULL,current_date,'riteadmin',current_date,'riteadmin',NULL,NULL,NULL,NULL,NULL,NULL,NULL,NULL,NULL,NULL,NULL,NULL,NULL,NULL,NULL),
	 (22,'DocumentSecurityGroup','FAFusionImportExport','','',NULL,NULL,NULL,NULL,current_date,'riteadmin',current_date,'riteadmin',NULL,NULL,NULL,NULL,NULL,NULL,NULL,NULL,NULL,NULL,NULL,NULL,NULL,NULL,NULL),
	 (22,'JobName','/oracle/apps/ess/cdm/foundation/bulkImport,CDMAutoBulkImportJob','','',NULL,NULL,NULL,NULL,current_date,'riteadmin',current_date,'riteadmin',NULL,NULL,NULL,NULL,NULL,NULL,NULL,NULL,NULL,NULL,NULL,NULL,NULL,NULL,NULL),
	 (22,'Sequence','8','','',NULL,NULL,NULL,NULL,current_date,'riteadmin',current_date,'riteadmin',NULL,NULL,NULL,NULL,NULL,NULL,NULL,NULL,NULL,NULL,NULL,NULL,NULL,NULL,NULL),
	 (22,'InterfaceDetails','4','','',NULL,NULL,NULL,NULL,current_date,'riteadmin',current_date,'riteadmin',NULL,NULL,NULL,NULL,NULL,NULL,NULL,NULL,NULL,NULL,NULL,NULL,NULL,NULL,NULL);

--CUSTOMER_ACCOUNT_CONTACTS
INSERT INTO cr_objects (object_id, object_name, object_code, user_object_name, module_code, parent_object_id, fbdi_sheet, loader_endpoint, re_con_query, sequence_in_parent, interface_table_name, rejection_table_name, ctl_file_name, xlsm_file_name, immediate_parent, batch_size, base_tables, creation_date, created_by, last_update_date, last_update_by, attribute1, attribute2, attribute3, attribute4, attribute5, attribute6, attribute7, attribute8, attribute9, attribute10, attribute11, attribute12, attribute13, attribute14, attribute15, conversion_type,cld_template_code,cld_metadata_table_name,cld_template_name) 
VALUES (23,'Customer Account Contacts', 'CUSTOMER_ACCOUNT_CONTACTS', 'Customer Account Contacts', 'FIN', 14, 'HZ_IMP_ACCTCONTACTS_T','FBDI', NULL, 9, 'HZ_IMP_ACCTCONTACTS_T','HZ_IMP_ERRORS',  'HzImpAcctContactsT', 'CustomerImportTemplate', NULL, 30000, 'HZ_CUST_ACCOUNT_ROLES', current_date, 'riteadmin', current_date, 'riteadmin', NULL, NULL, NULL, NULL,NULL, NULL, NULL, NULL, NULL, NULL, NULL, NULL, NULL, NULL, NULL,'DATA_MIGRATION', 'CUSTOMER_ACCOUNT_CONTACTS', 'CR_CUSTOMER_ACCOUNT_CONTACTS_C', 'CR_CUSTOMER_ACCOUNT_CONTACTS_CLD');

INSERT INTO cr_object_information (object_id,info_type,info_value,info_description,additional_information1,additional_information2,additional_information3,additional_information4,additional_information5,creation_date,created_by,last_update_date,last_update_by,attribute1,attribute2,attribute3,attribute4,attribute5,attribute6,attribute7,attribute8,attribute9,attribute10,attribute11,attribute12,attribute13,attribute14,attribute15) VALUES
	 (23,'DocumentAccount','fin/receivables/import','','',NULL,NULL,NULL,NULL,current_date,'riteadmin',current_date,'riteadmin',NULL,NULL,NULL,NULL,NULL,NULL,NULL,NULL,NULL,NULL,NULL,NULL,NULL,NULL,NULL),
	 (23,'DocumentSecurityGroup','FAFusionImportExport','','',NULL,NULL,NULL,NULL,current_date,'riteadmin',current_date,'riteadmin',NULL,NULL,NULL,NULL,NULL,NULL,NULL,NULL,NULL,NULL,NULL,NULL,NULL,NULL,NULL),
	 (23,'InterfaceDetails','4','','',NULL,NULL,NULL,NULL,current_date,'riteadmin',current_date,'riteadmin',NULL,NULL,NULL,NULL,NULL,NULL,NULL,NULL,NULL,NULL,NULL,NULL,NULL,NULL,NULL),
	 (23,'JobName','/oracle/apps/ess/cdm/foundation/bulkImport,CDMAutoBulkImportJob','','',NULL,NULL,NULL,NULL,current_date,'riteadmin',current_date,'riteadmin',NULL,NULL,NULL,NULL,NULL,NULL,NULL,NULL,NULL,NULL,NULL,NULL,NULL,NULL,NULL),
	 (23,'Sequence','9','','',NULL,NULL,NULL,NULL,current_date,'riteadmin',current_date,'riteadmin',NULL,NULL,NULL,NULL,NULL,NULL,NULL,NULL,NULL,NULL,NULL,NULL,NULL,NULL,NULL);

--CUSTOMER_CONTACT_POINTS
INSERT INTO cr_objects (object_id, object_name, object_code, user_object_name, module_code, parent_object_id, fbdi_sheet, loader_endpoint, re_con_query, sequence_in_parent, interface_table_name, rejection_table_name, ctl_file_name, xlsm_file_name, immediate_parent, batch_size, base_tables, creation_date, created_by, last_update_date, last_update_by, attribute1, attribute2, attribute3, attribute4, attribute5, attribute6, attribute7, attribute8, attribute9, attribute10, attribute11, attribute12, attribute13, attribute14, attribute15, conversion_type,cld_template_code,cld_metadata_table_name,cld_template_name) 
VALUES (24,'Customer Contact Points', 'CUSTOMER_CONTACT_POINTS', 'Customer Contact Points', 'FIN', 14, 'HZ_IMP_CONTACTPTS_T','FBDI', NULL, 10, 'HZ_IMP_CONTACTPTS_T','HZ_IMP_ERRORS',  'HzImpContactPtsT', 'CustomerImportTemplate', NULL, 30000, 'HZ_CONTACT_POINTS', current_date, 'riteadmin', current_date, 'riteadmin', NULL, NULL, NULL, NULL,NULL, NULL, NULL, NULL, NULL, NULL, NULL, NULL, NULL, NULL, NULL,'DATA_MIGRATION', 'CUSTOMER_CONTACT_POINTS', 'CR_CUSTOMER_CONTACT_POINTS_C', 'CR_CUSTOMER_CONTACT_POINTS_CLD');

INSERT INTO cr_object_information (object_id,info_type,info_value,info_description,additional_information1,additional_information2,additional_information3,additional_information4,additional_information5,creation_date,created_by,last_update_date,last_update_by,attribute1,attribute2,attribute3,attribute4,attribute5,attribute6,attribute7,attribute8,attribute9,attribute10,attribute11,attribute12,attribute13,attribute14,attribute15) VALUES
	 (24,'DocumentAccount','fin/receivables/import','','',NULL,NULL,NULL,NULL,current_date,'riteadmin',current_date,'riteadmin',NULL,NULL,NULL,NULL,NULL,NULL,NULL,NULL,NULL,NULL,NULL,NULL,NULL,NULL,NULL),
	 (24,'DocumentSecurityGroup','FAFusionImportExport','','',NULL,NULL,NULL,NULL,current_date,'riteadmin',current_date,'riteadmin',NULL,NULL,NULL,NULL,NULL,NULL,NULL,NULL,NULL,NULL,NULL,NULL,NULL,NULL,NULL),
	 (24,'InterfaceDetails','4','','',NULL,NULL,NULL,NULL,current_date,'riteadmin',current_date,'riteadmin',NULL,NULL,NULL,NULL,NULL,NULL,NULL,NULL,NULL,NULL,NULL,NULL,NULL,NULL,NULL),
	 (24,'JobName','/oracle/apps/ess/cdm/foundation/bulkImport,CDMAutoBulkImportJob','','',NULL,NULL,NULL,NULL,current_date,'riteadmin',current_date,'riteadmin',NULL,NULL,NULL,NULL,NULL,NULL,NULL,NULL,NULL,NULL,NULL,NULL,NULL,NULL,NULL),
	 (24,'Sequence','10','','',NULL,NULL,NULL,NULL,current_date,'riteadmin',current_date,'riteadmin',NULL,NULL,NULL,NULL,NULL,NULL,NULL,NULL,NULL,NULL,NULL,NULL,NULL,NULL,NULL);


--CUSTOMER_CONTACT_ROLES
INSERT INTO cr_objects (object_id, object_name, object_code, user_object_name, module_code, parent_object_id, fbdi_sheet, loader_endpoint, re_con_query, sequence_in_parent, interface_table_name, rejection_table_name, ctl_file_name, xlsm_file_name, immediate_parent, batch_size, base_tables, creation_date, created_by, last_update_date, last_update_by, attribute1, attribute2, attribute3, attribute4, attribute5, attribute6, attribute7, attribute8, attribute9, attribute10, attribute11, attribute12, attribute13, attribute14, attribute15, conversion_type,cld_template_code,cld_metadata_table_name,cld_template_name) 
VALUES (25,'Customer Contact Roles', 'CUSTOMER_CONTACT_ROLES', 'Customer Contact Roles', 'FIN', 14, 'HZ_IMP_CONTACTROLES','FBDI', NULL, 11, 'HZ_IMP_CONTACTROLES','HZ_IMP_ERRORS',  'HzImpContactRoles', 'CustomerImportTemplate', NULL, 30000, 'HZ_ORG_CONTACT_ROLES', current_date, 'riteadmin', current_date, 'riteadmin', NULL, NULL, NULL, NULL,NULL, NULL, NULL, NULL, NULL, NULL, NULL, NULL, NULL, NULL, NULL,'DATA_MIGRATION', 'CUSTOMER_CONTACT_ROLES', 'CR_CUSTOMER_CONTACT_ROLES_C', 'CR_CUSTOMER_CONTACT_ROLES_CLD');

INSERT INTO cr_object_information (object_id,info_type,info_value,info_description,additional_information1,additional_information2,additional_information3,additional_information4,additional_information5,creation_date,created_by,last_update_date,last_update_by,attribute1,attribute2,attribute3,attribute4,attribute5,attribute6,attribute7,attribute8,attribute9,attribute10,attribute11,attribute12,attribute13,attribute14,attribute15) VALUES
	 (25,'DocumentAccount','fin/receivables/import','','',NULL,NULL,NULL,NULL,current_date,'riteadmin',current_date,'riteadmin',NULL,NULL,NULL,NULL,NULL,NULL,NULL,NULL,NULL,NULL,NULL,NULL,NULL,NULL,NULL),
	 (25,'DocumentSecurityGroup','FAFusionImportExport','','',NULL,NULL,NULL,NULL,current_date,'riteadmin',current_date,'riteadmin',NULL,NULL,NULL,NULL,NULL,NULL,NULL,NULL,NULL,NULL,NULL,NULL,NULL,NULL,NULL),
	 (25,'JobName','/oracle/apps/ess/cdm/foundation/bulkImport,CDMAutoBulkImportJob','','',NULL,NULL,NULL,NULL,current_date,'riteadmin',current_date,'riteadmin',NULL,NULL,NULL,NULL,NULL,NULL,NULL,NULL,NULL,NULL,NULL,NULL,NULL,NULL,NULL),
	 (25,'InterfaceDetails','4','','',NULL,NULL,NULL,NULL,current_date,'riteadmin',current_date,'riteadmin',NULL,NULL,NULL,NULL,NULL,NULL,NULL,NULL,NULL,NULL,NULL,NULL,NULL,NULL,NULL),
	 (25,'Sequence','11','','',NULL,NULL,NULL,NULL,current_date,'riteadmin',current_date,'riteadmin',NULL,NULL,NULL,NULL,NULL,NULL,NULL,NULL,NULL,NULL,NULL,NULL,NULL,NULL,NULL);

--CUSTOMER_LOCATIONS
INSERT INTO cr_objects (object_id, object_name, object_code, user_object_name, module_code, parent_object_id, fbdi_sheet, loader_endpoint, re_con_query, sequence_in_parent, interface_table_name, rejection_table_name, ctl_file_name, xlsm_file_name, immediate_parent, batch_size, base_tables, creation_date, created_by, last_update_date, last_update_by, attribute1, attribute2, attribute3, attribute4, attribute5, attribute6, attribute7, attribute8, attribute9, attribute10, attribute11, attribute12, attribute13, attribute14, attribute15, conversion_type,cld_template_code,cld_metadata_table_name,cld_template_name) 
VALUES (26,'Customer Locations', 'CUSTOMER_LOCATIONS', 'Customer Locations', 'FIN', 14, 'HZ_IMP_LOCATIONS_T','FBDI', NULL, 12, 'HZ_IMP_LOCATIONS_T','HZ_IMP_ERRORS',  'HzImpLocationsT', 'CustomerImportTemplate', NULL, 30000, 'HZ_LOCATIONS', current_date, 'riteadmin', current_date, 'riteadmin', NULL, NULL, NULL, NULL,NULL, NULL, NULL, NULL, NULL, NULL, NULL, NULL, NULL, NULL, NULL,'DATA_MIGRATION', 'CUSTOMER_LOCATIONS', 'CR_CUSTOMER_LOCATIONS_C', 'CR_CUSTOMER_LOCATIONS_CLD');

INSERT INTO cr_object_information (object_id,info_type,info_value,info_description,additional_information1,additional_information2,additional_information3,additional_information4,additional_information5,creation_date,created_by,last_update_date,last_update_by,attribute1,attribute2,attribute3,attribute4,attribute5,attribute6,attribute7,attribute8,attribute9,attribute10,attribute11,attribute12,attribute13,attribute14,attribute15) VALUES
	 (26,'JobName','/oracle/apps/ess/cdm/foundation/bulkImport,CDMAutoBulkImportJob',NULL,NULL,NULL,NULL,NULL,NULL,current_date,'riteadmin',current_date,'riteadmin',NULL,NULL,NULL,NULL,NULL,NULL,NULL,NULL,NULL,NULL,NULL,NULL,NULL,NULL,NULL),
	 (26,'DocumentAccount','fin/receivables/import',NULL,NULL,NULL,NULL,NULL,NULL,current_date,'riteadmin',current_date,'riteadmin',NULL,NULL,NULL,NULL,NULL,NULL,NULL,NULL,NULL,NULL,NULL,NULL,NULL,NULL,NULL),
	 (26,'DocumentSecurityGroup','FAFusionImportExport',NULL,NULL,NULL,NULL,NULL,NULL,current_date,'riteadmin',current_date,'riteadmin',NULL,NULL,NULL,NULL,NULL,NULL,NULL,NULL,NULL,NULL,NULL,NULL,NULL,NULL,NULL),
	 (26,'RECON_CLOUD_FAIL_COUNT',' SELECT  count(1)
FROM    hz_imp_locations_t hip
WHERE   hip.interface_status<>''S''
and hip.load_request_id='':load_request_id'' ',NULL,NULL,NULL,NULL,NULL,NULL,current_date,'riteadmin',current_date,'riteadmin',NULL,NULL,NULL,NULL,NULL,NULL,NULL,NULL,NULL,NULL,NULL,NULL,NULL,NULL,NULL),
	 (26,'InterfaceDetails','4',NULL,NULL,NULL,NULL,NULL,NULL,current_date,'riteadmin',current_date,'riteadmin',NULL,NULL,NULL,NULL,NULL,NULL,NULL,NULL,NULL,NULL,NULL,NULL,NULL,NULL,NULL),
	 (26,'RECON_CLOUD_SUCCESS',' SELECT    :cld_cols  from 
          hz_imp_locations_t hip,
          hz_locations hp,
          :cld_stg_table cld_stg
          where 
           hip.LOCATION_ID=hp.LOCATION_ID
          and hp.orig_system_reference=hip.location_orig_system_reference
          AND hip.interface_status=''S''
         and cld_stg.cr_batch_name='':cr_batch_name''
          and hip.load_request_id = '':load_request_id''
          and cld_stg.LOCATION_ORIG_SYSTEM_REFERENCE=hip.location_orig_system_reference
         and hip.ATTRIBUTE20 = cld_stg.ORIG_TRANS_ID ',NULL,NULL,NULL,NULL,NULL,NULL,current_date,'riteadmin',current_date,'riteadmin',NULL,NULL,NULL,NULL,NULL,NULL,NULL,NULL,NULL,NULL,NULL,NULL,NULL,NULL,NULL),
	 (26,'RECON_CLOUD_FAIL',' SELECT :cld_cols ||'',''||
     ''"''
   ||SELECT
            LISTAGG( 
			MESSAGE_NAME, '','') WITHIN GROUP(
            ORDER BY
                ERROR_ID
            ) AS error_msg
        FROM
            hz_imp_errors
        WHERE
                interface_table_name = ''HZ_IMP_LOCATIONS_T''
            AND error_id = hip.error_id
        GROUP BY
            error_id
||''"''
Reject_lookup_codem  

FROM
          hz_imp_locations_t hip,
		  :cld_stg_table cld_stg
        WHERE
           hip.ATTRIBUTE20 = cld_stg.ORIG_TRANS_ID
          and hip.interface_status<>''S''
	  and cld_stg.cr_batch_name='':cr_batch_name''
          and hip.load_request_id = '':load_request_id''
	  and cld_stg.LOCATION_ORIG_SYSTEM_REFERENCE=hip.location_orig_system_reference ',NULL,NULL,NULL,NULL,NULL,NULL,current_date,'riteadmin',current_date,'riteadmin',NULL,NULL,NULL,NULL,NULL,NULL,NULL,NULL,NULL,NULL,NULL,NULL,NULL,NULL,NULL),
	 (26,'SQL_EXTRACTION_QUERY','SELECT
    NULL                     batch_identifier,
    NULL                     location_original_system,
    hl.orig_system_reference location_original_system_ref,
    NULL                     insert_update_indicator,
    hl.country,
    hl.address1              address_line_1,
    hl.address2              address_line_2,
    hl.address3              address_line_3,
    hl.address4              address_line_4,
    hl.city,
    hl.state,
    hl.province,
    hl.county,
    hl.postal_code,
    hl.postal_plus4_code,
    hl.language              location_language,
    hl.description,
    hl.short_description,
    hl.sales_tax_geocode,
    hl.sales_tax_inside_city_limits,
    hl.time_zone             timezone_code_identifier,
    NULL                     address_line_1,
    NULL                     address_validation_source,
    NULL                     returned_adrs_validation_code,
    hl.date_validated        address_validation_date,
    hl.address_effective_date,
    hl.address_expiration_date,
    hl.validated_flag        validation_indicator,
    hl.do_not_validate_flag  "Validation_Ineligible_Idr",
    NULL                     interface_status,
    NULL                     error_identifier,
    hl.attribute_category    "User_Defined_Context_Prompt",
    hl.attribute1            "Descriptive_Flexfield_Segment1",
    hl.attribute2            "Descriptive_Flexfield_Segment2",
    hl.attribute3            "Descriptive_Flexfield_Segment3",
    hl.attribute4            "Descriptive_Flexfield_Segment4",
    hl.attribute5            "Descriptive_Flexfield_Segment5",
    hl.attribute6            "Descriptive_Flexfield_Segment6",
    hl.attribute7            "Descriptive_Flexfield_Segment7",
    hl.attribute8            "Descriptive_Flexfield_Segment8",
    hl.attribute9            "Descriptive_Flexfield_Segment9",
    hl.attribute10           "DFF_Segment10",
    hl.attribute11           "DFF_Segment11",
    hl.attribute12           "DFF_Segment12",
    hl.attribute13           "DFF_Segment13",
    hl.attribute14           "DFF_Segment14",
    hl.attribute15           "DFF_Segment15",
    hl.attribute16           "DFF_Segment16",
    hl.attribute17           "DFF_Segment17",
    hl.attribute18           "DFF_Segment18",
    hl.attribute19           "DFF_Segment19",
    hl.attribute20           "DFF_Segment20",
    NULL                     "DFF_Segment21",
    NULL                     "DFF_Segment22",
    NULL                     "DFF_Segment23",
    NULL                     "DFF_Segment24",
    NULL                     "DFF_Segment25",
    NULL                     "DFF_Segment26",
    NULL                     "DFF_Segment27",
    NULL                     "DFF_Segment28",
    NULL                     "DFF_Segment29",
    NULL                     "DFF_Segment30",
    NULL                     "DFF_Number_Segment1",
    NULL                     "DFF_Number_Segment2",
    NULL                     "DFF_Number_Segment3",
    NULL                     "DFF_Number_Segment4",
    NULL                     "DFF_Number_Segment5",
    NULL                     "DFF_Number_Segment6",
    NULL                     "DFF_Number_Segment7",
    NULL                     "DFF_Number_Segment8",
    NULL                     "DFF_Number_Segment9",
    NULL                     "DFF_Number_Segment10",
    NULL                     "DFF_Number_Segment11",
    NULL                     "DFF_Number_Segment12",
    NULL                     "DFF_Date_Segment1",
    NULL                     "DFF_Date_Segment2",
    NULL                     "DFF_Date_Segment3",
    NULL                     "DFF_Date_Segment4",
    NULL                     "DFF_Date_Segment5",
    NULL                     "DFF_Date_Segment6",
    NULL                     "DFF_Date_Segment7",
    NULL                     "DFF_Date_Segment8",
    NULL                     "DFF_Date_Segment9",
    NULL                     "DFF_Date_Segment10",
    NULL                     "DFF_Date_Segment11",
    NULL                     "DFF_Date_Segment12",
    NULL                     gnr_status
FROM
    hz_locations @{0} hl','',NULL,NULL,NULL,NULL,NULL,current_date,'riteadmin',current_date,'riteadmin',NULL,NULL,NULL,NULL,NULL,NULL,NULL,NULL,NULL,NULL,NULL,NULL,NULL,NULL,NULL),
	 (26,'Sequence','12','','',NULL,NULL,NULL,NULL,current_date,'riteadmin',current_date,'riteadmin',NULL,NULL,NULL,NULL,NULL,NULL,NULL,NULL,NULL,NULL,NULL,NULL,NULL,NULL,NULL);

--CUSTOMER_PARTY_RELATIONSHIPS
INSERT INTO cr_objects (object_id, object_name, object_code, user_object_name, module_code, parent_object_id, fbdi_sheet, loader_endpoint, re_con_query, sequence_in_parent, interface_table_name, rejection_table_name, ctl_file_name, xlsm_file_name, immediate_parent, batch_size, base_tables, creation_date, created_by, last_update_date, last_update_by, attribute1, attribute2, attribute3, attribute4, attribute5, attribute6, attribute7, attribute8, attribute9, attribute10, attribute11, attribute12, attribute13, attribute14, attribute15, conversion_type,cld_template_code,cld_metadata_table_name,cld_template_name) 
VALUES (27,'Customer Party Relationships', 'CUSTOMER_PARTY_RELATIONSHIPS', 'Customer Party Relationships', 'FIN', 14, 'HZ_IMP_RELSHIPS_T','FBDI', NULL, 13, 'HZ_IMP_RELSHIPS_T','HZ_IMP_ERRORS',  'HzImpRelshipsT', 'CustomerImportTemplate', NULL, 30000, 'HZ_RELATIONSHIPS', current_date, 'riteadmin', current_date, 'riteadmin', NULL, NULL, NULL, NULL,NULL, NULL, NULL, NULL, NULL, NULL, NULL, NULL, NULL, NULL, NULL,'DATA_MIGRATION', 'CUSTOMER_PARTY_RELATIONSHIPS', 'CR_CUSTOMER_PARTY_RELATIONSHIPS_C', 'CR_CUSTOMER_PARTY_RELATIONSHIPS_CLD');

INSERT INTO cr_object_information (object_id,info_type,info_value,info_description,additional_information1,additional_information2,additional_information3,additional_information4,additional_information5,creation_date,created_by,last_update_date,last_update_by,attribute1,attribute2,attribute3,attribute4,attribute5,attribute6,attribute7,attribute8,attribute9,attribute10,attribute11,attribute12,attribute13,attribute14,attribute15) VALUES
	 (27,'Sequence','13','','',NULL,NULL,NULL,NULL,current_date,'riteadmin',current_date,'riteadmin',NULL,NULL,NULL,NULL,NULL,NULL,NULL,NULL,NULL,NULL,NULL,NULL,NULL,NULL,NULL),
	 (27,'DocumentAccount','fin/receivables/import','','',NULL,NULL,NULL,NULL,current_date,'riteadmin',current_date,'riteadmin',NULL,NULL,NULL,NULL,NULL,NULL,NULL,NULL,NULL,NULL,NULL,NULL,NULL,NULL,NULL),
	 (27,'DocumentSecurityGroup','FAFusionImportExport','','',NULL,NULL,NULL,NULL,current_date,'riteadmin',current_date,'riteadmin',NULL,NULL,NULL,NULL,NULL,NULL,NULL,NULL,NULL,NULL,NULL,NULL,NULL,NULL,NULL),
	 (27,'InterfaceDetails','4','','',NULL,NULL,NULL,NULL,current_date,'riteadmin',current_date,'riteadmin',NULL,NULL,NULL,NULL,NULL,NULL,NULL,NULL,NULL,NULL,NULL,NULL,NULL,NULL,NULL),
	 (27,'JobName','/oracle/apps/ess/cdm/foundation/bulkImport,CDMAutoBulkImportJob','','',NULL,NULL,NULL,NULL,current_date,'riteadmin',current_date,'riteadmin',NULL,NULL,NULL,NULL,NULL,NULL,NULL,NULL,NULL,NULL,NULL,NULL,NULL,NULL,NULL);

--CUSTOMER_PARTY_ROLE_RESPONSIBILITIES
INSERT INTO cr_objects (object_id, object_name, object_code, user_object_name, module_code, parent_object_id, fbdi_sheet, loader_endpoint, re_con_query, sequence_in_parent, interface_table_name, rejection_table_name, ctl_file_name, xlsm_file_name, immediate_parent, batch_size, base_tables, creation_date, created_by, last_update_date, last_update_by, attribute1, attribute2, attribute3, attribute4, attribute5, attribute6, attribute7, attribute8, attribute9, attribute10, attribute11, attribute12, attribute13, attribute14, attribute15, conversion_type,cld_template_code,cld_metadata_table_name,cld_template_name) 
VALUES (28,'Customer Party Role Responsibilities', 'CUSTOMER_PARTY_ROLE_RESPONSIBILITIES', 'Customer Party Role Responsibilities', 'FIN', 14, 'HZ_IMP_ROLERESP','FBDI', NULL, 14, 'HZ_IMP_ROLERESP','HZ_IMP_ERRORS',  'HzImpRoleResp', 'CustomerImportTemplate', NULL, 30000, 'HZ_IMP_ROLERESP', current_date, 'riteadmin', current_date, 'riteadmin', NULL, NULL, NULL, NULL,NULL, NULL, NULL, NULL, NULL, NULL, NULL, NULL, NULL, NULL, NULL,'DATA_MIGRATION', 'CUST_PARTY_ROLE_RESP', 'CR_CUST_PARTY_ROLE_RESP_C', 'CR_CUST_PARTY_ROLE_RESP_CLD');

INSERT INTO cr_object_information (object_id,info_type,info_value,info_description,additional_information1,additional_information2,additional_information3,additional_information4,additional_information5,creation_date,created_by,last_update_date,last_update_by,attribute1,attribute2,attribute3,attribute4,attribute5,attribute6,attribute7,attribute8,attribute9,attribute10,attribute11,attribute12,attribute13,attribute14,attribute15) VALUES
	 (28,'Sequence','14','','',NULL,NULL,NULL,NULL,current_date,'riteadmin',current_date,'riteadmin',NULL,NULL,NULL,NULL,NULL,NULL,NULL,NULL,NULL,NULL,NULL,NULL,NULL,NULL,NULL),
	 (28,'DocumentAccount','fin/receivables/import','','',NULL,NULL,NULL,NULL,current_date,'riteadmin',current_date,'riteadmin',NULL,NULL,NULL,NULL,NULL,NULL,NULL,NULL,NULL,NULL,NULL,NULL,NULL,NULL,NULL),
	 (28,'DocumentSecurityGroup','FAFusionImportExport','','',NULL,NULL,NULL,NULL,current_date,'riteadmin',current_date,'riteadmin',NULL,NULL,NULL,NULL,NULL,NULL,NULL,NULL,NULL,NULL,NULL,NULL,NULL,NULL,NULL),
	 (28,'JobName','/oracle/apps/ess/cdm/foundation/bulkImport,CDMAutoBulkImportJob','','',NULL,NULL,NULL,NULL,current_date,'riteadmin',current_date,'riteadmin',NULL,NULL,NULL,NULL,NULL,NULL,NULL,NULL,NULL,NULL,NULL,NULL,NULL,NULL,NULL),
	 (28,'InterfaceDetails','4','','',NULL,NULL,NULL,NULL,current_date,'riteadmin',current_date,'riteadmin',NULL,NULL,NULL,NULL,NULL,NULL,NULL,NULL,NULL,NULL,NULL,NULL,NULL,NULL,NULL);

--CUSTOMER_CLASSIFICATIONS
INSERT INTO cr_objects (object_id, object_name, object_code, user_object_name, module_code, parent_object_id, fbdi_sheet, loader_endpoint, re_con_query, sequence_in_parent, interface_table_name, rejection_table_name, ctl_file_name, xlsm_file_name, immediate_parent, batch_size, base_tables, creation_date, created_by, last_update_date, last_update_by, attribute1, attribute2, attribute3, attribute4, attribute5, attribute6, attribute7, attribute8, attribute9, attribute10, attribute11, attribute12, attribute13, attribute14, attribute15, conversion_type,cld_template_code,cld_metadata_table_name,cld_template_name) 
VALUES (29,'Customer Classifications', 'CUSTOMER_CLASSIFICATIONS', 'Customer Classifications', 'FIN', 14, 'HZ_IMP_CLASSIFICS_T','FBDI', NULL, 15, 'HZ_IMP_CLASSIFICS_T','HZ_IMP_ERRORS',  'HzImpClassificsT', 'CustomerImportTemplate', NULL, 30000, 'HZ_CODE_ASSIGNMENTS', current_date, 'riteadmin', current_date, 'riteadmin', NULL, NULL, NULL, NULL,NULL, NULL, NULL, NULL, NULL, NULL, NULL, NULL, NULL, NULL, NULL,'DATA_MIGRATION', 'CUSTOMER_CLASSIFICATIONS', 'CR_CUSTOMER_CLASSIFICATIONS_C', 'CR_CUSTOMER_CLASSIFICATIONS_CLD');

INSERT INTO cr_object_information (object_id,info_type,info_value,info_description,additional_information1,additional_information2,additional_information3,additional_information4,additional_information5,creation_date,created_by,last_update_date,last_update_by,attribute1,attribute2,attribute3,attribute4,attribute5,attribute6,attribute7,attribute8,attribute9,attribute10,attribute11,attribute12,attribute13,attribute14,attribute15) VALUES
	 (29,'DocumentAccount','fin/receivables/import','','',NULL,NULL,NULL,NULL,current_date,'riteadmin',current_date,'riteadmin',NULL,NULL,NULL,NULL,NULL,NULL,NULL,NULL,NULL,NULL,NULL,NULL,NULL,NULL,NULL),
	 (29,'DocumentSecurityGroup','FAFusionImportExport','','',NULL,NULL,NULL,NULL,current_date,'riteadmin',current_date,'riteadmin',NULL,NULL,NULL,NULL,NULL,NULL,NULL,NULL,NULL,NULL,NULL,NULL,NULL,NULL,NULL),
	 (29,'JobName','/oracle/apps/ess/cdm/foundation/bulkImport,CDMAutoBulkImportJob','','',NULL,NULL,NULL,NULL,current_date,'riteadmin',current_date,'riteadmin',NULL,NULL,NULL,NULL,NULL,NULL,NULL,NULL,NULL,NULL,NULL,NULL,NULL,NULL,NULL),
	 (29,'InterfaceDetails','4','','',NULL,NULL,NULL,NULL,current_date,'riteadmin',current_date,'riteadmin',NULL,NULL,NULL,NULL,NULL,NULL,NULL,NULL,NULL,NULL,NULL,NULL,NULL,NULL,NULL),
	 (29,'Sequence','15','','',NULL,NULL,NULL,NULL,current_date,'riteadmin',current_date,'riteadmin',NULL,NULL,NULL,NULL,NULL,NULL,NULL,NULL,NULL,NULL,NULL,NULL,NULL,NULL,NULL);

--CUSTOMER_PERSON_LANGUAGES
INSERT INTO cr_objects (object_id, object_name, object_code, user_object_name, module_code, parent_object_id, fbdi_sheet, loader_endpoint, re_con_query, sequence_in_parent, interface_table_name, rejection_table_name, ctl_file_name, xlsm_file_name, immediate_parent, batch_size, base_tables, creation_date, created_by, last_update_date, last_update_by, attribute1, attribute2, attribute3, attribute4, attribute5, attribute6, attribute7, attribute8, attribute9, attribute10, attribute11, attribute12, attribute13, attribute14, attribute15, conversion_type,cld_template_code,cld_metadata_table_name,cld_template_name)
VALUES (30,'Customer Person Languages', 'CUSTOMER_PERSON_LANGUAGES', 'Customer Person Languages', 'FIN', 14, 'HZ_IMP_PERSONLANG','FBDI', NULL, 16, 'HZ_IMP_PERSONLANG','HZ_IMP_ERRORS',  'HzImpPersonLang', 'CustomerImportTemplate', NULL, 30000, 'HZ_PERSON_LANGUAGE', current_date, 'riteadmin', current_date, 'riteadmin', NULL, NULL, NULL, NULL,NULL, NULL, NULL, NULL, NULL, NULL, NULL, NULL, NULL, NULL, NULL,'DATA_MIGRATION', 'CUSTOMER_PERSON_LANGUAGES', 'CR_CUSTOMER_PERSON_LANGUAGES_C', 'CR_CUSTOMER_PERSON_LANGUAGES_CLD');

INSERT INTO cr_object_information (object_id,info_type,info_value,info_description,additional_information1,additional_information2,additional_information3,additional_information4,additional_information5,creation_date,created_by,last_update_date,last_update_by,attribute1,attribute2,attribute3,attribute4,attribute5,attribute6,attribute7,attribute8,attribute9,attribute10,attribute11,attribute12,attribute13,attribute14,attribute15) VALUES
	 (30,'Sequence','16','','',NULL,NULL,NULL,NULL,current_date,'riteadmin',current_date,'riteadmin',NULL,NULL,NULL,NULL,NULL,NULL,NULL,NULL,NULL,NULL,NULL,NULL,NULL,NULL,NULL),
	 (30,'DocumentAccount','fin/receivables/import','','',NULL,NULL,NULL,NULL,current_date,'riteadmin',current_date,'riteadmin',NULL,NULL,NULL,NULL,NULL,NULL,NULL,NULL,NULL,NULL,NULL,NULL,NULL,NULL,NULL),
	 (30,'DocumentSecurityGroup','FAFusionImportExport','','',NULL,NULL,NULL,NULL,current_date,'riteadmin',current_date,'riteadmin',NULL,NULL,NULL,NULL,NULL,NULL,NULL,NULL,NULL,NULL,NULL,NULL,NULL,NULL,NULL),
	 (30,'JobName','/oracle/apps/ess/cdm/foundation/bulkImport,CDMAutoBulkImportJob','','',NULL,NULL,NULL,NULL,current_date,'riteadmin',current_date,'riteadmin',NULL,NULL,NULL,NULL,NULL,NULL,NULL,NULL,NULL,NULL,NULL,NULL,NULL,NULL,NULL),
	 (30,'InterfaceDetails','4','','',NULL,NULL,NULL,NULL,current_date,'riteadmin',current_date,'riteadmin',NULL,NULL,NULL,NULL,NULL,NULL,NULL,NULL,NULL,NULL,NULL,NULL,NULL,NULL,NULL);

-- CUSTOMER_PROFILES

INSERT INTO cr_objects (object_id, object_name, object_code, user_object_name, module_code, parent_object_id, fbdi_sheet, loader_endpoint, re_con_query, sequence_in_parent, interface_table_name, rejection_table_name, ctl_file_name, xlsm_file_name, immediate_parent, batch_size, base_tables, creation_date, created_by, last_update_date, last_update_by, attribute1, attribute2, attribute3, attribute4, attribute5, attribute6, attribute7, attribute8, attribute9, attribute10, attribute11, attribute12, attribute13, attribute14, attribute15, conversion_type,cld_template_code,cld_metadata_table_name,cld_template_name) 
VALUES (31,'Customer Profiles', 'CUSTOMER_PROFILES', 'Customer Profiles', 'FIN', 14, 'RA_CUSTOMER_PROFILES_INT_ALL','FBDI', NULL, 17, 'RA_CUSTOMER_PROFILES_INT_ALL','RA_INTERFACE_ERRORS_ALL',  'RaCustomerProfilesIntAll', 'CustomerImportTemplate', NULL, 30000, 'HZ_CUSTOMER_PROFILES_F', current_date, 'riteadmin', current_date, 'riteadmin', NULL, NULL, NULL, NULL,NULL, NULL, NULL, NULL, NULL, NULL, NULL, NULL, NULL, NULL, NULL,'DATA_MIGRATION', 'CUSTOMER_PROFILES', 'CR_CUSTOMER_PROFILES_C', 'CR_CUSTOMER_PROFILES_CLD');

INSERT INTO cr_object_information (object_id,info_type,info_value,info_description,additional_information1,additional_information2,additional_information3,additional_information4,additional_information5,creation_date,created_by,last_update_date,last_update_by,attribute1,attribute2,attribute3,attribute4,attribute5,attribute6,attribute7,attribute8,attribute9,attribute10,attribute11,attribute12,attribute13,attribute14,attribute15) VALUES
	 (31,'DocumentAccount','fin/receivables/import',NULL,NULL,NULL,NULL,NULL,NULL,current_date,'riteadmin',current_date,'riteadmin',NULL,NULL,NULL,NULL,NULL,NULL,NULL,NULL,NULL,NULL,NULL,NULL,NULL,NULL,NULL),
	 (31,'DocumentSecurityGroup','FAFusionImportExport',NULL,NULL,NULL,NULL,NULL,NULL,current_date,'riteadmin',current_date,'riteadmin',NULL,NULL,NULL,NULL,NULL,NULL,NULL,NULL,NULL,NULL,NULL,NULL,NULL,NULL,NULL),
	 (31,'JobName','/oracle/apps/ess/cdm/foundation/bulkImport,CDMAutoBulkImportJob',NULL,NULL,NULL,NULL,NULL,NULL,current_date,'riteadmin',current_date,'riteadmin',NULL,NULL,NULL,NULL,NULL,NULL,NULL,NULL,NULL,NULL,NULL,NULL,NULL,NULL,NULL),
	 (31,'InterfaceDetails','4',NULL,NULL,NULL,NULL,NULL,NULL,current_date,'riteadmin',current_date,'riteadmin',NULL,NULL,NULL,NULL,NULL,NULL,NULL,NULL,NULL,NULL,NULL,NULL,NULL,NULL,NULL),
	 (31,'Sequence','17','','',NULL,NULL,NULL,NULL,current_date,'riteadmin',current_date,'riteadmin',NULL,NULL,NULL,NULL,NULL,NULL,NULL,NULL,NULL,NULL,NULL,NULL,NULL,NULL,NULL),
	 (31,'SQL_EXTRACTION_QUERY','select distinct  hp.PARTY_ID,
         hp.PARTY_NUMBER,
         hp.party_name,
         hp.PARTY_TYPE,
         hp.GSA_INDICATOR_FLAG,
         hp.CUSTOMER_KEY,
         hp.ORIG_SYSTEM_REFERENCE,
         hca.attribute19,
         hca.attribute20,
         hca.CUST_ACCOUNT_ID,
         hca.ACCOUNT_NUMBER,
         hca.ACCOUNT_NAME,
         hca.ORIG_SYSTEM_REFERENCE,
         hca.STATUS,
         hca.CUSTOMER_TYPE,
         hca.CUSTOMER_CLASS_CODE,
         hca.TAX_HEADER_LEVEL_FLAG,
         hcas.CUST_ACCT_SITE_ID,
         hcas.PARTY_SITE_ID,
         hcas.ORIG_SYSTEM_REFERENCE,
         hcas.STATUS,
         hcas.ORG_ID,
         hcas.BILL_TO_FLAG,
         hcas.SHIP_TO_FLAG,

        (SELECT a.NAME
           FROM ar.hz_cust_profile_classes @{0} a
          WHERE a.profile_class_id = hcp.profile_class_id
        ) profile_class_name,
        (SELECT a.NAME
           FROM ar.ar_collectors @{0} a
          WHERE a.collector_id = hcp.collector_id
        ) collector_name,
        (SELECT a.NAME
           FROM ar.ar_statement_cycles @{0} a
          WHERE statement_cycle_id = hcp.statement_cycle_id
        ) statement_cycle_name,
        (SELECT a.NAME
     FROM apps.ra_terms @{0} a
    WHERE a.term_id = hcp.standard_terms) payment_term_name,
        (SELECT a.NAME
           FROM ar.ra_grouping_rules @{0} a
          WHERE a.grouping_rule_id = hcp.grouping_rule_id) grouping_rules_name,
        (SELECT a.orig_system_reference
           FROM hz_cust_site_uses_all @{0} a
          WHERE a.site_use_id = hcp.site_use_id) profile_site_use_osr,
        hcp.credit_checking,
        hcp.tolerance,
        hcp.credit_hold,
        hcp.credit_balance_statements,
        hcp.send_statements,
        hcp.jgzz_attribute1 enable_late_charges,
        hcp.interest_charges,
        hcp.jgzz_attribute2 late_charge_calculation_trx,
        hcp.jgzz_attribute5 hold_charged_invoices_flag,
        hcp.dunning_letters,
        hcp.discount_terms,
        hcp.interest_period_days,
        hcp.payment_grace_days,
        hcp.discount_grace_days,
        hcp.auto_rec_incl_disputed_flag,
        hcp.attribute_category cust_prof_dff_category,
        hcp.attribute2 cust_prof_dff_attr2,
        hcpa.currency_code,
        hcpa.trx_credit_limit,
        hcpa.overall_credit_limit,
        hcpa.min_dunning_amount,
        hcpa.min_dunning_invoice_amount,
        hcpa.max_interest_charge,
        hcpa.min_statement_amount,
        hcpa.auto_rec_min_receipt_amount,
        hcpa.interest_rate,
        hcpa.min_fc_balance_amount,
        hcpa.min_fc_invoice_amount
    from ar.hz_parties             @{0} hp,
         ar.hz_cust_accounts       @{0} hca,
         ar.hz_cust_acct_sites_All @{0} hcas,
         ar.hz_customer_profiles   @{0} hcp,
         ar.hz_cust_profile_amts   @{0} hcpa

   where hp.party_id = hca.party_id
    AND hca.cust_account_id = hcas.cust_account_id
    AND hca.cust_account_id          = hcp.cust_account_id
    and hcp.cust_account_profile_id = hcpa.cust_account_profile_id(+)','',NULL,NULL,NULL,NULL,NULL,current_date,'riteadmin',current_date,'riteadmin',NULL,NULL,NULL,NULL,NULL,NULL,NULL,NULL,NULL,NULL,NULL,NULL,NULL,NULL,NULL);

-- CUSTOMER_RECEIPT_METHODS
INSERT INTO cr_objects (object_id, object_name, object_code, user_object_name, module_code, parent_object_id, fbdi_sheet, loader_endpoint, re_con_query, sequence_in_parent, interface_table_name, rejection_table_name, ctl_file_name, xlsm_file_name, immediate_parent, batch_size, base_tables, creation_date, created_by, last_update_date, last_update_by, attribute1, attribute2, attribute3, attribute4, attribute5, attribute6, attribute7, attribute8, attribute9, attribute10, attribute11, attribute12, attribute13, attribute14, attribute15, conversion_type,cld_template_code,cld_metadata_table_name,cld_template_name) VALUES (153,'Customer Receipt Methods', 'CUSTOMER_RECEIPT_METHODS', 'Customer Receipt Methods', 'FIN', 14, 'RA_CUST_PAY_METHOD_INT_ALL','FBDI', NULL, 18, 'RA_CUST_PAY_METHOD_INT_ALL','RA_INTERFACE_ERRORS_ALL',  'RaCustPayMethodIntAll', 'CustomerImportTemplate', NULL, 30000, 'RA_CUST_RECEIPT_METHODS', current_date, 'riteadmin', current_date, 'riteadmin', NULL, NULL, NULL, NULL,NULL, NULL, NULL, NULL, NULL, NULL, NULL, NULL, NULL, NULL, NULL,'DATA_MIGRATION', 'CUSTOMER_RECEIPT_METHODS', 'CR_CUSTOMER_RECEIPT_METHODS_C', 'CR_CUSTOMER_RECEIPT_METHODS_CLD');

INSERT INTO cr_object_information (object_id,info_type,info_value,info_description,additional_information1,additional_information2,additional_information3,additional_information4,additional_information5,creation_date,created_by,last_update_date,last_update_by,attribute1,attribute2,attribute3,attribute4,attribute5,attribute6,attribute7,attribute8,attribute9,attribute10,attribute11,attribute12,attribute13,attribute14,attribute15) VALUES
	(153,'DocumentAccount','fin/receivables/import','','',NULL,NULL,NULL,NULL,current_date,'riteadmin',current_date,'riteadmin',NULL,NULL,NULL,NULL,NULL,NULL,NULL,NULL,NULL,NULL,NULL,NULL,NULL,NULL,NULL),
	(153,'JobName','/oracle/apps/ess/cdm/foundation/bulkImport,CDMAutoBulkImportJob','','',NULL,NULL,NULL,NULL,current_date,'riteadmin',current_date,'riteadmin',NULL,NULL,NULL,NULL,NULL,NULL,NULL,NULL,NULL,NULL,NULL,NULL,NULL,NULL,NULL),
	(153,'DocumentSecurityGroup','FAFusionImportExport','','',NULL,NULL,NULL,NULL,current_date,'riteadmin',current_date,'riteadmin',NULL,NULL,NULL,NULL,NULL,NULL,NULL,NULL,NULL,NULL,NULL,NULL,NULL,NULL,NULL),
	(153,'Sequence','18','','',NULL,NULL,NULL,NULL,current_date,'riteadmin',current_date,'riteadmin',NULL,NULL,NULL,NULL,NULL,NULL,NULL,NULL,NULL,NULL,NULL,NULL,NULL,NULL,NULL);

-- CUSTOMER_BANK_ACCOUNTS
INSERT INTO cr_objects (object_id, object_name, object_code, user_object_name, module_code, parent_object_id, fbdi_sheet, loader_endpoint, re_con_query, sequence_in_parent, interface_table_name, rejection_table_name, ctl_file_name, xlsm_file_name, immediate_parent, batch_size, base_tables, creation_date, created_by, last_update_date, last_update_by, attribute1, attribute2, attribute3, attribute4, attribute5, attribute6, attribute7, attribute8, attribute9, attribute10, attribute11, attribute12, attribute13, attribute14, attribute15, conversion_type,cld_template_code,cld_metadata_table_name,cld_template_name) VALUES (154,'Customer Bank Accounts', 'CUSTOMER_BANK_ACCOUNTS', 'Customer Bank Accounts', 'FIN', 14, 'RA_CUSTOMER_BANKS_INT_ALL','FBDI', NULL, 19, 'RA_CUSTOMER_BANKS_INT_ALL','RA_INTERFACE_ERRORS_ALL',  'RaCustomerBanksIntAll', 'CustomerImportTemplate', NULL, 30000, 'IBY_EXT_BANK_ACCOUNTS,IBY_EXTERNAL_PAYEES_ALL,IBY_PMT_INSTR_USES_ALL', current_date, 'riteadmin', current_date, 'riteadmin', NULL, NULL, NULL, NULL,NULL, NULL, NULL, NULL, NULL, NULL, NULL, NULL, NULL, NULL, NULL,'DATA_MIGRATION', 'CUSTOMER_BANK_ACCOUNTS', 'CR_CUSTOMER_BANK_ACCOUNTS_C', 'CR_CUSTOMER_BANK_ACCOUNTS_CLD');

INSERT INTO cr_object_information (object_id,info_type,info_value,info_description,additional_information1,additional_information2,additional_information3,additional_information4,additional_information5,creation_date,created_by,last_update_date,last_update_by,attribute1,attribute2,attribute3,attribute4,attribute5,attribute6,attribute7,attribute8,attribute9,attribute10,attribute11,attribute12,attribute13,attribute14,attribute15) VALUES
	(154,'DocumentAccount','fin/receivables/import','','',NULL,NULL,NULL,NULL,current_date,'riteadmin',current_date,'riteadmin',NULL,NULL,NULL,NULL,NULL,NULL,NULL,NULL,NULL,NULL,NULL,NULL,NULL,NULL,NULL),
	(154,'JobName','/oracle/apps/ess/cdm/foundation/bulkImport,CDMAutoBulkImportJob','','',NULL,NULL,NULL,NULL,current_date,'riteadmin',current_date,'riteadmin',NULL,NULL,NULL,NULL,NULL,NULL,NULL,NULL,NULL,NULL,NULL,NULL,NULL,NULL,NULL),
	(154,'DocumentSecurityGroup','FAFusionImportExport','','',NULL,NULL,NULL,NULL,current_date,'riteadmin',current_date,'riteadmin',NULL,NULL,NULL,NULL,NULL,NULL,NULL,NULL,NULL,NULL,NULL,NULL,NULL,NULL,NULL),
	(154,'Sequence','19','','',NULL,NULL,NULL,NULL,current_date,'riteadmin',current_date,'riteadmin',NULL,NULL,NULL,NULL,NULL,NULL,NULL,NULL,NULL,NULL,NULL,NULL,NULL,NULL,NULL);
	

--2. Supplier Model

INSERT INTO cr_objects (object_id, object_name, object_code, user_object_name, module_code, parent_object_id, fbdi_sheet, loader_endpoint, re_con_query, sequence_in_parent, interface_table_name, rejection_table_name, ctl_file_name, xlsm_file_name, immediate_parent, batch_size, base_tables, creation_date, created_by, last_update_date, last_update_by, attribute1, attribute2, attribute3, attribute4, attribute5, attribute6, attribute7, attribute8, attribute9, attribute10, attribute11, attribute12, attribute13, attribute14, attribute15, conversion_type,cld_template_code,cld_metadata_table_name,cld_template_name) 
VALUES (32,'Supplier Model', 'SUPPLIER_MODEL', 'Supplier Model', 'SCM', NULL, '','FBDI', NULL, NULL, '','',  '', '', NULL, 30000, NULL, current_date, 'riteadmin', current_date, 'riteadmin', NULL, NULL, NULL, NULL,NULL, NULL, NULL, NULL, NULL, NULL, NULL, NULL, NULL, NULL, NULL,'DATA_MIGRATION', NULL, NULL, NULL);

-- Import suppliers
INSERT INTO cr_objects (object_id, object_name, object_code, user_object_name, module_code, parent_object_id, fbdi_sheet, loader_endpoint, re_con_query, sequence_in_parent, interface_table_name, rejection_table_name, ctl_file_name, xlsm_file_name, immediate_parent, batch_size, base_tables, creation_date, created_by, last_update_date, last_update_by, attribute1, attribute2, attribute3, attribute4, attribute5, attribute6, attribute7, attribute8, attribute9, attribute10, attribute11, attribute12, attribute13, attribute14, attribute15, conversion_type,cld_template_code,cld_metadata_table_name,cld_template_name) 
VALUES (33,'Import suppliers', 'IMPORT_SUPPLIERS', 'Import suppliers', 'SCM', 32, 'POZ_SUPPLIERS_INT','FBDI', NULL, 1, 'POZ_SUPPLIERS_INT','POZ_SUPPLIER_INT_REJECTIONS',  'PozSuppliersInt', 'SupplierImportTemplate', NULL, 30000, 'POZ_SUPPLIERS', current_date, 'riteadmin', current_date, 'riteadmin', NULL, NULL, NULL, NULL,NULL, NULL, NULL, NULL, NULL, NULL, NULL, NULL, NULL, NULL, NULL,'DATA_MIGRATION', 'IMPORT_SUPPLIERS', 'CR_IMPORT_SUPPLIERS_C', 'CR_IMPORT_SUPPLIERS_CLD');

INSERT INTO cr_object_information (object_id,info_type,info_value,info_description,additional_information1,additional_information2,additional_information3,additional_information4,additional_information5,creation_date,created_by,last_update_date,last_update_by,attribute1,attribute2,attribute3,attribute4,attribute5,attribute6,attribute7,attribute8,attribute9,attribute10,attribute11,attribute12,attribute13,attribute14,attribute15) VALUES
	 (33,'Sequence','1','','',NULL,NULL,NULL,NULL,current_date,'riteadmin',current_date,'riteadmin',NULL,NULL,NULL,NULL,NULL,NULL,NULL,NULL,NULL,NULL,NULL,NULL,NULL,NULL,NULL),
	 (33,'SQL_EXTRACTION_QUERY','SELECT
    hps.party_site_id                              "PARTY_SITE_ID",
    hps.party_site_number                          "PARTY_SITE_NUM",
    hps.party_site_name                            "PARTY_SITE_NAME",
    aps.vendor_id                                  "VENDOR_ID",
    aps.segment1                                   "VENDOR_NUM",
    aps.vendor_name                                "VENDOR_NAME",
    hzl.country                                    "COUNTRY",
    hzl.address1                                   "ADDRESS_LINE1",
    hzl.address2                                   "ADDRESS_LINE2",
    hzl.address3                                   "ADDRESS_LINE3",
    hzl.address4                                   "ADDRESS_LINE4",
    hzl.address_lines_phonetic                     "ADDRESS_LINES_PHONETIC",
    hzl.building                                   "BUILDING",
    hzl.floor                                      "FLOOR_NUMBER",
    hzl.city                                       "CITY",
    hzl.state                                      "STATE",
    hzl.province                                   "PROVINCE",
    hzl.county                                     "COUNTY",
    hzl.postal_code                                "POSTAL_CODE",
    hzl.postal_plus4_code                          "POSTAL_PLUS4_CODE",
    hps.addressee                                  "ADDRESSEE",
    hps.global_location_number                     "GLOBAL_LOCATION_NUMBER",
    hps.language                                   "PARTY_SITE_LANGUAGE",
    hps.end_date_active                            "INACTIVE_DATE",
    hcp_phone.phone_country_code                   "PHONE_COUNTRY_CODE",
    hcp_phone.phone_area_code                      "PHONE_AREA_CODE",
    hcp_phone.phone_number                         "PHONE",
    hcp_phone.phone_extension                      "PHONE_EXTENSION",
    hcp_fax.phone_country_code                     "FAX_COUNTRY_CODE",
    hcp_fax.phone_area_code                        "FAX_AREA_CODE",
    hcp_fax.phone_number                           "FAX",
    hcp_email.email_address                        "EMAIL_ADDRESS",
    decode(hpsu_pur.site_use_type, NULL, ''N'', ''Y'') "ORDERING_PURPOSE_FLAG",
    decode(hpsu_rfq.site_use_type, NULL, ''N'', ''Y'') "RFQ_OR_BIDDING_PURPOSE_FLAG",
    decode(hpsu_pay.site_use_type, NULL, ''N'', ''Y'') "REMIT_TO_PURPOSE_FLAG",
    iepa.delivery_channel_code                     "DELIVERY_CHANNEL_CODE",
    iepa.bank_instruction1_code                    "BANK_INSTRUCTION1_CODE",
    iepa.bank_instruction2_code                    "BANK_INSTRUCTION2_CODE",
    iepa.bank_instruction_details                  "BANK_INSTRUCTION_DETAILS",
    iepa.settlement_priority                       "SETTLEMENT_PRIORITY",
    iepa.payment_text_message1                     "PAYMENT_TEXT_MESSAGE1",
    iepa.payment_text_message2                     "PAYMENT_TEXT_MESSAGE2",
    iepa.payment_text_message3                     "PAYMENT_TEXT_MESSAGE3",
    iepa.exclusive_payment_flag                    "EXCLUSIVE_PAYMENT_FLAG",
    iepa.bank_charge_bearer                        "IBY_BANK_CHARGE_BEARER",
    iepa.payment_reason_code                       "PAYMENT_REASON_CODE",
    iepa.payment_reason_comments                   "PAYMENT_REASON_COMMENTS",
    iepa.remit_advice_delivery_method              "REMIT_ADVICE_DELIVERY_METHOD",
    iepa.remit_advice_email                        "REMIT_ADVICE_EMAIL",
    iepa.remit_advice_fax                          "REMIT_ADVICE_FAX",
    assa.attribute_category                        "ATTRIBUTE_CATEGORY",
    assa.attribute1                                "ATTRIBUTE1",
    assa.attribute2                                "ATTRIBUTE2",
    assa.attribute3                                "ATTRIBUTE3",
    assa.attribute4                                "ATTRIBUTE4",
    assa.attribute5                                "ATTRIBUTE5",
    assa.attribute6                                "ATTRIBUTE6",
    assa.attribute7                                "ATTRIBUTE7",
    assa.attribute8                                "ATTRIBUTE8",
    assa.attribute9                                "ATTRIBUTE9",
    assa.attribute10                               "ATTRIBUTE10",
    assa.attribute11                               "ATTRIBUTE11",
    assa.attribute12                               "ATTRIBUTE12",
    assa.attribute13                               "ATTRIBUTE13",
    assa.attribute14                               "ATTRIBUTE14",
    assa.attribute15                               "ATTRIBUTE15",
    assa.global_attribute_category                 "GLOBAL_ATTRIBUTE_CATEGORY",
    assa.global_attribute1                         "GLOBAL_ATTRIBUTE1",
    assa.global_attribute2                         "GLOBAL_ATTRIBUTE2",
    assa.global_attribute3                         "GLOBAL_ATTRIBUTE3",
    assa.global_attribute4                         "GLOBAL_ATTRIBUTE4",
    assa.global_attribute5                         "GLOBAL_ATTRIBUTE5",
    assa.global_attribute6                         "GLOBAL_ATTRIBUTE6",
    assa.global_attribute7                         "GLOBAL_ATTRIBUTE7",
    assa.global_attribute8                         "GLOBAL_ATTRIBUTE8",
    assa.global_attribute9                         "GLOBAL_ATTRIBUTE9",
    assa.global_attribute10                        "GLOBAL_ATTRIBUTE10"
FROM
    ap_suppliers @{0} APS
       ,  AP_SUPPLIER_SITES_ALL @{0} ASSA
       ,  HZ_PARTY_SITES @{0} HPS
       ,  HZ_LOCATIONS @{0} HZL
       ,  HZ_CONTACT_POINTS @{0} HCP_PHONE
       ,  HZ_CONTACT_POINTS @{0} HCP_FAX
       ,  HZ_CONTACT_POINTS @{0} HCP_EMAIL
       ,  HZ_PARTY_SITE_USES @{0} HPSU_PAY
       ,  HZ_PARTY_SITE_USES @{0} HPSU_PUR
       ,  HZ_PARTY_SITE_USES @{0} HPSU_RFQ
							,  IBY_EXTERNAL_PAYEES_ALL @{0} iepa WHERE 1 = 1
AND aps.vendor_id = assa.vendor_id
    AND assa.party_site_id = hps.party_site_id
        AND hps.location_id = hzl.location_id
            AND hcp_phone.owner_table_id (+) = hps.party_site_id
                AND hcp_phone.owner_table_name (+) = ''HZ_PARTY_SITES''
                    AND hcp_phone.contact_point_type (+) = ''PHONE''
                        AND hcp_phone.phone_line_type (+) = ''GEN''
                            AND hcp_fax.owner_table_id (+) = hps.party_site_id
                                AND hcp_fax.owner_table_name (+) = ''HZ_PARTY_SITES''
                                    AND hcp_fax.contact_point_type (+) = ''PHONE''
                                        AND hcp_fax.phone_line_type (+) = ''FAX''
                                            AND hcp_email.owner_table_id (+) = hps.party_site_id
                                                AND hcp_email.owner_table_name (+) = ''HZ_PARTY_SITES''
                                                    AND hcp_email.contact_point_type (+) = ''EMAIL''
                                                        AND hpsu_pay.party_site_id (+) = hps.party_site_id
                                                            AND hpsu_pur.party_site_id (+) = hps.party_site_id
                                                                AND hpsu_rfq.party_site_id (+) = hps.party_site_id
                                                                    AND hpsu_pay.site_use_type (+) = ''PAY''
                                                                        AND hpsu_pur.site_use_type (+) = ''PURCHASING''
                                                                            AND hpsu_rfq.site_use_type (+) = ''RFQ''
                                                                                AND hps.party_site_id = iepa.party_site_id','',NULL,NULL,NULL,NULL,NULL,current_date,'riteadmin',current_date,'riteadmin',NULL,NULL,NULL,NULL,NULL,NULL,NULL,NULL,NULL,NULL,NULL,NULL,NULL,NULL,NULL),
	 (33,'DocumentAccount','prc/supplier/import',NULL,NULL,NULL,NULL,NULL,NULL,current_date,'riteadmin',current_date,'riteadmin',NULL,NULL,NULL,NULL,NULL,NULL,NULL,NULL,NULL,NULL,NULL,NULL,NULL,NULL,NULL),
	 (33,'DocumentSecurityGroup','FAFusionImportExport',NULL,NULL,NULL,NULL,NULL,NULL,current_date,'riteadmin',current_date,'riteadmin',NULL,NULL,NULL,NULL,NULL,NULL,NULL,NULL,NULL,NULL,NULL,NULL,NULL,NULL,NULL),
	 (33,'InterfaceDetails','24',NULL,NULL,NULL,NULL,NULL,NULL,current_date,'riteadmin',current_date,'riteadmin',NULL,NULL,NULL,NULL,NULL,NULL,NULL,NULL,NULL,NULL,NULL,NULL,NULL,NULL,NULL),
	 (33,'JobName','/oracle/apps/ess/prc/poz/supplierImport,ImportSuppliers',NULL,NULL,NULL,NULL,NULL,NULL,current_date,'riteadmin',current_date,'riteadmin',NULL,NULL,NULL,NULL,NULL,NULL,NULL,NULL,NULL,NULL,NULL,NULL,NULL,NULL,NULL),
	 (33,'RECON_CLOUD_FAIL','SELECT  :src_cols         || '',''         || ''"''         ||             (            SELECT  listagg (reject_lookup_code                            ,'','') WITHIN GROUP (ORDER BY PARENT_ID)  error_msg            FROM    POZ_SUPPLIER_INT_REJECTIONS            WHERE          PARENT_TABLE = ''POZ_SUPPLIERS_INT''           AND                 REQUEST_ID = int.REQUEST_ID       and int.vendor_interface_id  = parent_id      GROUP BY REQUEST_ID                     || ''"''            ) reject_lookup_code FROM    POZ_SUPPLIERS_INT int        ,:cld_stg_table cld_stg        ,:src_stg_table src_stg WHERE   int.status = ''REJECTED'' AND     cld_stg.cr_batch_name = '':cr_batch_name'' AND     int.load_request_id = '':load_request_id'' AND     src_stg.orig_trans_id = cld_stg.orig_trans_id AND     cld_stg.orig_trans_id = int.attribute20 AND  src_stg.cr_batch_name  = cld_stg.cr_batch_name','',NULL,NULL,NULL,NULL,NULL,current_date,'riteadmin',current_date,'riteadmin',NULL,NULL,NULL,NULL,NULL,NULL,NULL,NULL,NULL,NULL,NULL,NULL,NULL,NULL,NULL),
	 (33,'RECON_CLOUD_FAIL_COUNT',' SELECT count(1)          from POZ_SUPPLIERS_INT         WHERE status <> ''PROCESSED''         and load_request_id = '':load_request_id'' ','',NULL,NULL,NULL,NULL,NULL,current_date,'riteadmin',current_date,'riteadmin',NULL,NULL,NULL,NULL,NULL,NULL,NULL,NULL,NULL,NULL,NULL,NULL,NULL,NULL,NULL),
	 (33,'RECON_CLOUD_SUCCESS','SELECT     :src_cols FROM     poz_suppliers_int int,     poz_suppliers_v   base_poz        ,:cld_stg_table cld_stg        ,:src_stg_table src_stg WHERE         int.status = ''PROCESSED''     AND cld_stg.cr_batch_name = '':cr_batch_name''         AND int.load_request_id = :load_request_id             AND src_stg.orig_trans_id = cld_stg.orig_trans_id                 AND cld_stg.orig_trans_id = int.attribute20                     AND cld_stg.vendor_name = base_poz.vendor_name                         AND src_stg.cr_batch_name = cld_stg.cr_batch_name','',NULL,NULL,NULL,NULL,NULL,current_date,'riteadmin',current_date,'riteadmin',NULL,NULL,NULL,NULL,NULL,NULL,NULL,NULL,NULL,NULL,NULL,NULL,NULL,NULL,NULL);


-- Import Supplier Addresses
INSERT INTO cr_objects (object_id, object_name, object_code, user_object_name, module_code, parent_object_id, fbdi_sheet, loader_endpoint, re_con_query, sequence_in_parent, interface_table_name, rejection_table_name, ctl_file_name, xlsm_file_name, immediate_parent, batch_size, base_tables, creation_date, created_by, last_update_date, last_update_by, attribute1, attribute2, attribute3, attribute4, attribute5, attribute6, attribute7, attribute8, attribute9, attribute10, attribute11, attribute12, attribute13, attribute14, attribute15, conversion_type,cld_template_code,cld_metadata_table_name,cld_template_name) 
VALUES (34,'Import Supplier Addresses', 'IMPORT_SUPPLIER_ADDRESSES', 'Import Supplier Addresses', 'SCM', 32, 'POZ_SUP_ADDRESSES_INT','FBDI', NULL, 2, 'POZ_SUP_ADDRESSES_INT','POZ_SUPPLIER_INT_REJECTIONS',  'PozSupAddressesInt', 'SupplierAddressImportTemplate', NULL, 30000, 'POZ_SUPP_ADDRESS_REQUESTS', current_date, 'riteadmin', current_date, 'riteadmin', NULL, NULL, NULL, NULL,NULL, NULL, NULL, NULL, NULL, NULL, NULL, NULL, NULL, NULL, NULL,'DATA_MIGRATION', 'IMPORT_SUPPLIER_ADDRESSES', 'CR_IMPORT_SUPPLIER_ADDRESSES_C', 'CR_IMPORT_SUPPLIER_ADDRESSES_CLD');

INSERT INTO cr_object_information (object_id,info_type,info_value,info_description,additional_information1,additional_information2,additional_information3,additional_information4,additional_information5,creation_date,created_by,last_update_date,last_update_by,attribute1,attribute2,attribute3,attribute4,attribute5,attribute6,attribute7,attribute8,attribute9,attribute10,attribute11,attribute12,attribute13,attribute14,attribute15) VALUES
	 (34,'SQL_EXTRACTION_QUERY','SELECT HPS.PARTY_SITE_ID                      														"PARTY_SITE_ID"
      ,HPS.PARTY_SITE_NUMBER                  														"PARTY_SITE_NUM"
      ,HPS.PARTY_SITE_NAME                    														"PARTY_SITE_NAME"
      ,APS.VENDOR_ID                          														"VENDOR_ID"
      ,APS.SEGMENT1                           														"VENDOR_NUM"
      ,APS.VENDOR_NAME                        														"VENDOR_NAME"
      ,HZL.COUNTRY                            														"COUNTRY"
      ,HZL.ADDRESS1                           														"ADDRESS_LINE1"
      ,HZL.ADDRESS2                           														"ADDRESS_LINE2"
      ,HZL.ADDRESS3                           														"ADDRESS_LINE3"
      ,HZL.ADDRESS4                           														"ADDRESS_LINE4"
						,HZL.ADDRESS_LINES_PHONETIC                           "ADDRESS_LINES_PHONETIC"
      ,HZL.BUILDING                           														"BUILDING"
      ,HZL.FLOOR                              														"FLOOR_NUMBER"
      ,HZL.CITY                               														"CITY"
      ,HZL.STATE                              														"STATE"
      ,HZL.PROVINCE                           														"PROVINCE"
      ,HZL.COUNTY                             														"COUNTY"
      ,HZL.POSTAL_CODE                        														"POSTAL_CODE"
      ,HZL.POSTAL_PLUS4_CODE                  														"POSTAL_PLUS4_CODE"
      ,HPS.ADDRESSEE                          														"ADDRESSEE"
      ,HPS.GLOBAL_LOCATION_NUMBER             														"GLOBAL_LOCATION_NUMBER"
      ,HPS.LANGUAGE                           														"PARTY_SITE_LANGUAGE"
      ,HPS.END_DATE_ACTIVE                    														"INACTIVE_DATE"
      ,HCP_PHONE.PHONE_COUNTRY_CODE           														"PHONE_COUNTRY_CODE"
      ,HCP_PHONE.PHONE_AREA_CODE              														"PHONE_AREA_CODE"
      ,HCP_PHONE.PHONE_NUMBER                 														"PHONE"
      ,HCP_PHONE.PHONE_EXTENSION              														"PHONE_EXTENSION"
      ,HCP_FAX.PHONE_COUNTRY_CODE             														"FAX_COUNTRY_CODE"
      ,HCP_FAX.PHONE_AREA_CODE                														"FAX_AREA_CODE"
      ,HCP_FAX.PHONE_NUMBER                   														"FAX"
      ,HCP_EMAIL.EMAIL_ADDRESS                														"EMAIL_ADDRESS"
      ,DECODE(HPSU_PUR.SITE_USE_TYPE, NULL, ''N'', ''Y'')       "ORDERING_PURPOSE_FLAG"
      ,DECODE(HPSU_RFQ.SITE_USE_TYPE, NULL, ''N'', ''Y'')       "RFQ_OR_BIDDING_PURPOSE_FLAG"
      ,DECODE(HPSU_PAY.SITE_USE_TYPE, NULL, ''N'', ''Y'')       "REMIT_TO_PURPOSE_FLAG"
      ,IEPA.DELIVERY_CHANNEL_CODE             														"DELIVERY_CHANNEL_CODE"
      ,IEPA.BANK_INSTRUCTION1_CODE            														"BANK_INSTRUCTION1_CODE"
      ,IEPA.BANK_INSTRUCTION2_CODE            														"BANK_INSTRUCTION2_CODE"
      ,IEPA.BANK_INSTRUCTION_DETAILS          														"BANK_INSTRUCTION_DETAILS"
						,IEPA.SETTLEMENT_PRIORITY               														"SETTLEMENT_PRIORITY"
      ,IEPA.PAYMENT_TEXT_MESSAGE1             														"PAYMENT_TEXT_MESSAGE1"
      ,IEPA.PAYMENT_TEXT_MESSAGE2             														"PAYMENT_TEXT_MESSAGE2"
      ,IEPA.PAYMENT_TEXT_MESSAGE3             														"PAYMENT_TEXT_MESSAGE3"
      ,IEPA.EXCLUSIVE_PAYMENT_FLAG                          "EXCLUSIVE_PAYMENT_FLAG"
						,IEPA.BANK_CHARGE_BEARER                              "IBY_BANK_CHARGE_BEARER"
						,IEPA.PAYMENT_REASON_CODE               														"PAYMENT_REASON_CODE"
      ,IEPA.PAYMENT_REASON_COMMENTS           														"PAYMENT_REASON_COMMENTS"
      ,IEPA.REMIT_ADVICE_DELIVERY_METHOD      														"REMIT_ADVICE_DELIVERY_METHOD"
      ,IEPA.REMIT_ADVICE_EMAIL                														"REMIT_ADVICE_EMAIL"
      ,IEPA.REMIT_ADVICE_FAX                  														"REMIT_ADVICE_FAX"
						,ASSA.ATTRIBUTE_CATEGORY                  												"ATTRIBUTE_CATEGORY"
						,ASSA.ATTRIBUTE1                        														"ATTRIBUTE1"
						,ASSA.ATTRIBUTE2                        														"ATTRIBUTE2"
						,ASSA.ATTRIBUTE3                        														"ATTRIBUTE3"
						,ASSA.ATTRIBUTE4                        														"ATTRIBUTE4"
						,ASSA.ATTRIBUTE5                        														"ATTRIBUTE5"
						,ASSA.ATTRIBUTE6                        														"ATTRIBUTE6"
						,ASSA.ATTRIBUTE7                        														"ATTRIBUTE7"
						,ASSA.ATTRIBUTE8                        														"ATTRIBUTE8"
						,ASSA.ATTRIBUTE9                        														"ATTRIBUTE9"
						,ASSA.ATTRIBUTE10                       														"ATTRIBUTE10"
						,ASSA.ATTRIBUTE11                       														"ATTRIBUTE11"
						,ASSA.ATTRIBUTE12                       														"ATTRIBUTE12"
						,ASSA.ATTRIBUTE13                       														"ATTRIBUTE13"
						,ASSA.ATTRIBUTE14                       														"ATTRIBUTE14"
						,ASSA.ATTRIBUTE15                       														"ATTRIBUTE15"
						,ASSA.GLOBAL_ATTRIBUTE_CATEGORY         														"GLOBAL_ATTRIBUTE_CATEGORY"
						,ASSA.GLOBAL_ATTRIBUTE1                 														"GLOBAL_ATTRIBUTE1"
						,ASSA.GLOBAL_ATTRIBUTE2                 														"GLOBAL_ATTRIBUTE2"
						,ASSA.GLOBAL_ATTRIBUTE3                 														"GLOBAL_ATTRIBUTE3"
						,ASSA.GLOBAL_ATTRIBUTE4                 														"GLOBAL_ATTRIBUTE4"
						,ASSA.GLOBAL_ATTRIBUTE5                 														"GLOBAL_ATTRIBUTE5"
						,ASSA.GLOBAL_ATTRIBUTE6                 														"GLOBAL_ATTRIBUTE6"
						,ASSA.GLOBAL_ATTRIBUTE7                 														"GLOBAL_ATTRIBUTE7"
						,ASSA.GLOBAL_ATTRIBUTE8                 														"GLOBAL_ATTRIBUTE8"
						,ASSA.GLOBAL_ATTRIBUTE9                 														"GLOBAL_ATTRIBUTE9"
						,ASSA.GLOBAL_ATTRIBUTE10                														"GLOBAL_ATTRIBUTE10"
 		FROM AP_SUPPLIERS APS
       ,AP_SUPPLIER_SITES_ALL
       HZ_PARTY_SITES HPS
       ,HZ_LOCATIONS   HZL
       ,HZ_CONTACT_POINTS   HCP_PHONE
       ,HZ_CONTACT_POINTS HCP_FAX
       ,HZ_CONTACT_POINTS   HCP_EMAIL
       ,HZ_PARTY_SITE_USES  HPSU_PAY
       ,HZ_PARTY_SITE_USES   HPSU_PUR
       HZ_PARTY_SITE_USES  HPSU_RFQ
							,IBY_EXTERNAL_PAYEES_ALL   IEPA
  WHERE 1 = 1
		  AND APS.VENDOR_ID = ASSA.VENDOR_ID
  -- AND ASSA.VENDOR_SITE_ID = IEPA.SUPPLIER_SITE_ID
     ASSA.PARTY_SITE_ID = HPS.PARTY_SITE_ID
    AND HPS.LOCATION_ID = HZL.LOCATION_ID
    AND HCP_PHONE.OWNER_TABLE_ID(+) = HPS.PARTY_SITE_ID
    AND HCP_PHONE.OWNER_TABLE_NAME(+) = ''HZ_PARTY_SITES''
    AND HCP_PHONE.CONTACT_POINT_TYPE(+) = ''PHONE''
    AND HCP_PHONE.PHONE_LINE_TYPE (+) = ''GEN''
    AND HCP_FAX.OWNER_TABLE_ID(+) = HPS.PARTY_SITE_ID
    AND HCP_FAX.OWNER_TABLE_NAME(+) = ''HZ_PARTY_SITES''
    AND HCP_FAX.CONTACT_POINT_TYPE(+) = ''PHONE''
    AND HCP_FAX.PHONE_LINE_TYPE (+) = ''FAX''
    AND HCP_EMAIL.OWNER_TABLE_ID(+) = HPS.PARTY_SITE_ID
    AND HCP_EMAIL.OWNER_TABLE_NAME(+) = ''HZ_PARTY_SITES''
    AND HCP_EMAIL.CONTACT_POINT_TYPE(+) = ''EMAIL''
    AND HPSU_PAY.PARTY_SITE_ID (+) = HPS.PARTY_SITE_ID
    AND HPSU_PUR.PARTY_SITE_ID (+) = HPS.PARTY_SITE_ID
    AND HPSU_RFQ.PARTY_SITE_ID (+) = HPS.PARTY_SITE_ID
    AND HPSU_PAY.SITE_USE_TYPE (+) = ''PAY''
    AND HPSU_PUR.SITE_USE_TYPE (+) = ''PURCHASING''
    , HPSU_RFQ.SITE_USE_TYPE (+) = ''RFQ''
				AND HPS.PARTY_SITE_ID = IEPA.PARTY_SITE_ID
   AND ASSA.VENDOR_SITE_ID = IEPA.SUPPLIER_SITE_ID;','',NULL,NULL,NULL,NULL,NULL,current_date,'riteadmin',current_date,'riteadmin',NULL,NULL,NULL,NULL,NULL,NULL,NULL,NULL,NULL,NULL,NULL,NULL,NULL,NULL,NULL),
	 (34,'InterfaceDetails','56','',NULL,NULL,NULL,NULL,NULL,current_date,'riteadmin',current_date,'riteadmin',NULL,NULL,NULL,NULL,NULL,NULL,NULL,NULL,NULL,NULL,NULL,NULL,NULL,NULL,NULL),
	 (34,'DocumentAccount','prc/supplier/import','',NULL,NULL,NULL,NULL,NULL,current_date,'riteadmin',current_date,'riteadmin',NULL,NULL,NULL,NULL,NULL,NULL,NULL,NULL,NULL,NULL,NULL,NULL,NULL,NULL,NULL),
	 (34,'JobName','/oracle/apps/ess/prc/poz/supplierImport,ImportSupplierAddresses','',NULL,NULL,NULL,NULL,NULL,current_date,'riteadmin',current_date,'riteadmin',NULL,NULL,NULL,NULL,NULL,NULL,NULL,NULL,NULL,NULL,NULL,NULL,NULL,NULL,NULL),
	 (34,'DocumentSecurityGroup','FAFusionImportExport','',NULL,NULL,NULL,NULL,NULL,current_date,'riteadmin',current_date,'riteadmin',NULL,NULL,NULL,NULL,NULL,NULL,NULL,NULL,NULL,NULL,NULL,NULL,NULL,NULL,NULL),
	 (34,'Sequence','2','','',NULL,NULL,NULL,NULL,'2024-09-30','riteadmin','2024-10-01','riteadmin',NULL,NULL,NULL,NULL,NULL,NULL,NULL,NULL,NULL,NULL,NULL,NULL,NULL,NULL,NULL);
	 

-- Supplier Site Import
INSERT INTO cr_objects (object_id, object_name, object_code, user_object_name, module_code, parent_object_id, fbdi_sheet, loader_endpoint, re_con_query, sequence_in_parent, interface_table_name, rejection_table_name, ctl_file_name, xlsm_file_name, immediate_parent, batch_size, base_tables, creation_date, created_by, last_update_date, last_update_by, attribute1, attribute2, attribute3, attribute4, attribute5, attribute6, attribute7, attribute8, attribute9, attribute10, attribute11, attribute12, attribute13, attribute14, attribute15, conversion_type,cld_template_code,cld_metadata_table_name,cld_template_name) 
VALUES (35,'Supplier Site Import', 'SUPPLIER_SITE_IMPORT', 'Supplier Site Import', 'SCM', 32, 'POZ_SUPPLIER_SITES_INT','FBDI', NULL, 3, 'POZ_SUPPLIER_SITES_INT','POZ_SUPPLIER_INT_REJECTIONS',  'PozSupplierSitesInt', 'SupplierSiteImportTemplate', NULL, 30000, 'POZ_SUPPLIER_SITES_ALL_M', current_date, 'riteadmin', current_date, 'riteadmin', NULL, NULL, NULL, NULL,NULL, NULL, NULL, NULL, NULL, NULL, NULL, NULL, NULL, NULL, NULL,'DATA_MIGRATION', 'SUPPLIER_SITE_IMPORT', 'CR_SUPPLIER_SITE_IMPORT_C', 'CR_SUPPLIER_SITE_IMPORT_CLD');

INSERT INTO cr_object_information (object_id,info_type,info_value,info_description,additional_information1,additional_information2,additional_information3,additional_information4,additional_information5,creation_date,created_by,last_update_date,last_update_by,attribute1,attribute2,attribute3,attribute4,attribute5,attribute6,attribute7,attribute8,attribute9,attribute10,attribute11,attribute12,attribute13,attribute14,attribute15) VALUES
	 (35,'DocumentSecurityGroup','FAFusionImportExport',NULL,NULL,NULL,NULL,NULL,NULL,current_date,'riteadmin',current_date,'riteadmin',NULL,NULL,NULL,NULL,NULL,NULL,NULL,NULL,NULL,NULL,NULL,NULL,NULL,NULL,NULL),
	 (35,'JobName','/oracle/apps/ess/prc/poz/supplierImport,ImportSupplierSites',NULL,NULL,NULL,NULL,NULL,NULL,current_date,'riteadmin',current_date,'riteadmin',NULL,NULL,NULL,NULL,NULL,NULL,NULL,NULL,NULL,NULL,NULL,NULL,NULL,NULL,NULL),
	 (35,'InterfaceDetails','25',NULL,NULL,NULL,NULL,NULL,NULL,current_date,'riteadmin',current_date,'riteadmin',NULL,NULL,NULL,NULL,NULL,NULL,NULL,NULL,NULL,NULL,NULL,NULL,NULL,NULL,NULL),
	 (35,'DocumentAccount','prc/supplier/import',NULL,NULL,NULL,NULL,NULL,NULL,current_date,'riteadmin',current_date,'riteadmin',NULL,NULL,NULL,NULL,NULL,NULL,NULL,NULL,NULL,NULL,NULL,NULL,NULL,NULL,NULL),
	 (35,'Sequence','3','','',NULL,NULL,NULL,NULL,current_date,'riteadmin','2024-10-01','riteadmin',NULL,NULL,NULL,NULL,NULL,NULL,NULL,NULL,NULL,NULL,NULL,NULL,NULL,NULL,NULL);


-- Supplier Import Third Party Payment
INSERT INTO cr_objects (object_id, object_name, object_code, user_object_name, module_code, parent_object_id, fbdi_sheet, loader_endpoint, re_con_query, sequence_in_parent, interface_table_name, rejection_table_name, ctl_file_name, xlsm_file_name, immediate_parent, batch_size, base_tables, creation_date, created_by, last_update_date, last_update_by, attribute1, attribute2, attribute3, attribute4, attribute5, attribute6, attribute7, attribute8, attribute9, attribute10, attribute11, attribute12, attribute13, attribute14, attribute15, conversion_type,cld_template_code,cld_metadata_table_name,cld_template_name) 

VALUES (36,'Supplier Import Third Party Payment', 'SUPPLIER_IMPORT_THIRD_PARTY_PAYMENT', 'Supplier Import Third Party Payment', 'SCM', 32, 'POZ_SUP_THIRDPARTY_INT','FBDI', NULL, 4, 'POZ_SUP_THIRDPARTY_INT','POZ_SUPPLIER_INT_REJECTIONS',  'PozSupThirdPartyInt', 'SupplierSiteImportTemplate', NULL, 30000, 'POZ_SUP_THIRDPARTY_PAYMENT_REL', current_date, 'riteadmin', current_date, 'riteadmin', NULL, NULL, NULL, NULL,NULL, NULL, NULL, NULL, NULL, NULL, NULL, NULL, NULL, NULL, NULL,'DATA_MIGRATION', 'SUPP_IMP_THIRD_PARTY_PAYMENT', 'CR_SUPP_IMP_THIRD_PARTY_PAYMENT_C', 'CR_SUPP_IMP_THIRD_PARTY_PAYMENT_CLD');

INSERT INTO cr_object_information (object_id,info_type,info_value,info_description,additional_information1,additional_information2,additional_information3,additional_information4,additional_information5,creation_date,created_by,last_update_date,last_update_by,attribute1,attribute2,attribute3,attribute4,attribute5,attribute6,attribute7,attribute8,attribute9,attribute10,attribute11,attribute12,attribute13,attribute14,attribute15) VALUES
	 (36,'JobName','/oracle/apps/ess/prc/poz/supplierImport,ImportSupplierSites',NULL,NULL,NULL,NULL,NULL,NULL,current_date,'riteadmin',current_date,'riteadmin',NULL,NULL,NULL,NULL,NULL,NULL,NULL,NULL,NULL,NULL,NULL,NULL,NULL,NULL,NULL),
	 (36,'InterfaceDetails','25',NULL,NULL,NULL,NULL,NULL,NULL,current_date,'riteadmin',current_date,'riteadmin',NULL,NULL,NULL,NULL,NULL,NULL,NULL,NULL,NULL,NULL,NULL,NULL,NULL,NULL,NULL),
	 (36,'DocumentAccount','prc/supplier/import',NULL,NULL,NULL,NULL,NULL,NULL,current_date,'riteadmin',current_date,'riteadmin',NULL,NULL,NULL,NULL,NULL,NULL,NULL,NULL,NULL,NULL,NULL,NULL,NULL,NULL,NULL),
	 (36,'DocumentSecurityGroup','FAFusionImportExport',NULL,NULL,NULL,NULL,NULL,NULL,current_date,'riteadmin',current_date,'riteadmin',NULL,NULL,NULL,NULL,NULL,NULL,NULL,NULL,NULL,NULL,NULL,NULL,NULL,NULL,NULL),
	 (36,'Sequence','4','','',NULL,NULL,NULL,NULL,current_date,'riteadmin','2024-10-01','riteadmin',NULL,NULL,NULL,NULL,NULL,NULL,NULL,NULL,NULL,NULL,NULL,NULL,NULL,NULL,NULL);


-- Import Supplier Site Assignments
INSERT INTO cr_objects (object_id, object_name, object_code, user_object_name, module_code, parent_object_id, fbdi_sheet, loader_endpoint, re_con_query, sequence_in_parent, interface_table_name, rejection_table_name, ctl_file_name, xlsm_file_name, immediate_parent, batch_size, base_tables, creation_date, created_by, last_update_date, last_update_by, attribute1, attribute2, attribute3, attribute4, attribute5, attribute6, attribute7, attribute8, attribute9, attribute10, attribute11, attribute12, attribute13, attribute14, attribute15, conversion_type,cld_template_code,cld_metadata_table_name,cld_template_name) 

VALUES (37,'Import Supplier Site Assignments', 'IMPORT_SUPPLIER_SITE_ASSIGNMENTS', 'Import Supplier Site Assignments', 'SCM', 32, 'POZ_SITE_ASSIGNMENTS_INT','FBDI', NULL, 5, 'POZ_SITE_ASSIGNMENTS_INT','POZ_SUPPLIER_INT_REJECTIONS',  'PozSiteAssignmentsInt', 'SupplierSiteAssignmentImportTemplate', NULL, 30000, 'POZ_SITE_ASSIGNMENTS_ALL_M', current_date, 'riteadmin', current_date, 'riteadmin', NULL, NULL, NULL, NULL,NULL, NULL, NULL, NULL, NULL, NULL, NULL, NULL, NULL, NULL, NULL,'DATA_MIGRATION', 'IMP_SUPPLIER_SITE_ASSIGNMENTS', 'CR_IMP_SUPPLIER_SITE_ASSIGNMENTS_C', 'CR_IMP_SUPPLIER_SITE_ASSIGNMENTS_CLD');

INSERT INTO cr_object_information (object_id,info_type,info_value,info_description,additional_information1,additional_information2,additional_information3,additional_information4,additional_information5,creation_date,created_by,last_update_date,last_update_by,attribute1,attribute2,attribute3,attribute4,attribute5,attribute6,attribute7,attribute8,attribute9,attribute10,attribute11,attribute12,attribute13,attribute14,attribute15) VALUES
	 (37,'Sequence','5','','',NULL,NULL,NULL,NULL,'2024-10-01','riteadmin','2024-10-01','riteadmin',NULL,NULL,NULL,NULL,NULL,NULL,NULL,NULL,NULL,NULL,NULL,NULL,NULL,NULL,NULL),
	 (37,'DocumentSecurityGroup','FAFusionImportExport',NULL,NULL,NULL,NULL,NULL,NULL,current_date,'riteadmin',current_date,'riteadmin',NULL,NULL,NULL,NULL,NULL,NULL,NULL,NULL,NULL,NULL,NULL,NULL,NULL,NULL,NULL),
	 (37,'JobName','oracle/apps/ess/prc/poz/supplierImport,ImportSupplierSiteAssignments',NULL,NULL,NULL,NULL,NULL,NULL,current_date,'riteadmin',current_date,'riteadmin',NULL,NULL,NULL,NULL,NULL,NULL,NULL,NULL,NULL,NULL,NULL,NULL,NULL,NULL,NULL),
	 (37,'InterfaceDetails','27',NULL,NULL,NULL,NULL,NULL,NULL,current_date,'riteadmin',current_date,'riteadmin',NULL,NULL,NULL,NULL,NULL,NULL,NULL,NULL,NULL,NULL,NULL,NULL,NULL,NULL,NULL),
	 (37,'DocumentAccount','prc/supplier/import',NULL,NULL,NULL,NULL,NULL,NULL,current_date,'riteadmin',current_date,'riteadmin',NULL,NULL,NULL,NULL,NULL,NULL,NULL,NULL,NULL,NULL,NULL,NULL,NULL,NULL,NULL);

-- Supplier Contacts Import
INSERT INTO cr_objects (object_id, object_name, object_code, user_object_name, module_code, parent_object_id, fbdi_sheet, loader_endpoint, re_con_query, sequence_in_parent, interface_table_name, rejection_table_name, ctl_file_name, xlsm_file_name, immediate_parent, batch_size, base_tables, creation_date, created_by, last_update_date, last_update_by, attribute1, attribute2, attribute3, attribute4, attribute5, attribute6, attribute7, attribute8, attribute9, attribute10, attribute11, attribute12, attribute13, attribute14, attribute15, conversion_type,cld_template_code,cld_metadata_table_name,cld_template_name)
VALUES (38,'Supplier Contacts Import', 'SUPPLIER_CONTACTS_IMPORT', 'Supplier Contacts Import', 'SCM', 32, 'POZ_SUP_CONTACTS_INT','FBDI', NULL, 6, 'POZ_SUP_CONTACTS_INT','POZ_SUPPLIER_INT_REJECTIONS',  'PozSupContactsInt', 'SupplierContactImportTemplate', NULL, 30000, 'POZ_SUPPLIER_CONTACTS', current_date, 'riteadmin', current_date, 'riteadmin', NULL, NULL, NULL, NULL,NULL, NULL, NULL, NULL, NULL, NULL, NULL, NULL, NULL, NULL, NULL,'DATA_MIGRATION', 'SUPPLIER_CONTACTS_IMPORT', 'CR_SUPPLIER_CONTACTS_IMPORT_C', 'CR_SUPPLIER_CONTACTS_IMPORT_CLD');


INSERT INTO cr_object_information (object_id,info_type,info_value,info_description,additional_information1,additional_information2,additional_information3,additional_information4,additional_information5,creation_date,created_by,last_update_date,last_update_by,attribute1,attribute2,attribute3,attribute4,attribute5,attribute6,attribute7,attribute8,attribute9,attribute10,attribute11,attribute12,attribute13,attribute14,attribute15) VALUES
	 (38,'Sequence','6','','',NULL,NULL,NULL,NULL,current_date,'riteadmin',current_date,'riteadmin',NULL,NULL,NULL,NULL,NULL,NULL,NULL,NULL,NULL,NULL,NULL,NULL,NULL,NULL,NULL),
	 (38,'DocumentSecurityGroup','FAFusionImportExport',NULL,NULL,NULL,NULL,NULL,NULL,current_date,'riteadmin',current_date,'riteadmin',NULL,NULL,NULL,NULL,NULL,NULL,NULL,NULL,NULL,NULL,NULL,NULL,NULL,NULL,NULL),
	 (38,'JobName','/oracle/apps/ess/prc/poz/supplierImport,ImportSupplierContacts',NULL,NULL,NULL,NULL,NULL,NULL,current_date,'riteadmin',current_date,'riteadmin',NULL,NULL,NULL,NULL,NULL,NULL,NULL,NULL,NULL,NULL,NULL,NULL,NULL,NULL,NULL),
	 (38,'InterfaceDetails','26',NULL,NULL,NULL,NULL,NULL,NULL,current_date,'riteadmin',current_date,'riteadmin',NULL,NULL,NULL,NULL,NULL,NULL,NULL,NULL,NULL,NULL,NULL,NULL,NULL,NULL,NULL),
	 (38,'DocumentAccount','prc/supplier/import',NULL,NULL,NULL,NULL,NULL,NULL,current_date,'riteadmin',current_date,'riteadmin',NULL,NULL,NULL,NULL,NULL,NULL,NULL,NULL,NULL,NULL,NULL,NULL,NULL,NULL,NULL),
	 (38,'RECON_CLOUD_FAIL_COUNT','SELECT     COUNT(1) FROM     POZ_SUP_CONTACTS_INT WHERE         import_status <> ''PROCESSED''     AND load_request_id = '':load_request_id''','','',NULL,NULL,NULL,NULL,current_date,'riteadmin',current_date,'riteadmin',NULL,NULL,NULL,NULL,NULL,NULL,NULL,NULL,NULL,NULL,NULL,NULL,NULL,NULL,NULL),
	 (38,'RECON_CLOUD_SUCCESS','SELECT     :src_cols FROM     POZ_SUP_CONTACTS_INT int,     POZ_SUPPLIER_CONTACTS base,     :cld_stg_table cld_stg ,     :src_stg_table src_stg WHERE     1=1     AND int.import_status = ''PROCESSED''     AND cld_stg.cr_batch_name = '':cr_batch_name''     AND int.load_request_id = :load_request_id     AND src_stg.orig_trans_id = cld_stg.orig_trans_id     AND cld_stg.vendor_name = int.vendor_name     AND Int.PER_PARTY_ID = base.PER_PARTY_ID     AND src_stg.cr_batch_name = cld_stg.cr_batch_name','','base.vendor_contact_id base_vendor_contact_id,        base.relationship_id base_relationship_id,        base.org_party_site_id base_org_party_site_id,        base.party_site_id base_party_site_id,       base.org_contact_id base_org_contact_id',NULL,NULL,NULL,NULL,current_date,'riteadmin',current_date,'riteadmin',NULL,NULL,NULL,NULL,NULL,NULL,NULL,NULL,NULL,NULL,NULL,NULL,NULL,NULL,NULL),
	 (38,'RECON_CLOUD_FAIL','SELECT     :src_cols     || '',''     || ''"''     || (         SELECT             LISTAGG(reject_lookup_code, '','') WITHIN GROUP(             ORDER BY                 parent_id             ) error_msg         FROM             poz_supplier_int_rejections         WHERE                 parent_table = ''POZ_SUP_CONTACTS_INT''             AND request_id = int.request_id             AND int.vendor_interface_id = parent_id         GROUP BY             request_id || ''"''     ) reject_lookup_code FROM     poz_sup_contacts_int int,     :cld_stg_table cld_stg,     :src_stg_table src_stg WHERE     1 = 1     AND int.import_status = ''REJECTED''     AND cld_stg.cr_batch_name = '':cr_batch_name''     AND int.load_request_id = '':load_request_id''     AND src_stg.orig_trans_id = cld_stg.orig_trans_id     AND cld_stg.vendor_name = int.vendor_name     AND src_stg.cr_batch_name = cld_stg.cr_batch_name','','',NULL,NULL,NULL,NULL,current_date,'riteadmin',current_date,'riteadmin',NULL,NULL,NULL,NULL,NULL,NULL,NULL,NULL,NULL,NULL,NULL,NULL,NULL,NULL,NULL);

-- Supplier Contacts Import Address
INSERT INTO cr_objects (object_id, object_name, object_code, user_object_name, module_code, parent_object_id, fbdi_sheet, loader_endpoint, re_con_query, sequence_in_parent, interface_table_name, rejection_table_name, ctl_file_name, xlsm_file_name, immediate_parent, batch_size, base_tables, creation_date, created_by, last_update_date, last_update_by, attribute1, attribute2, attribute3, attribute4, attribute5, attribute6, attribute7, attribute8, attribute9, attribute10, attribute11, attribute12, attribute13, attribute14, attribute15, conversion_type,cld_template_code,cld_metadata_table_name,cld_template_name) 
VALUES (39,'Supplier Contacts Import Address', 'SUPPLIER_CONTACTS_IMPORT_ADDRESS', 'Supplier Contacts Import Address', 'SCM', 32, 'POZ_SUP_CONTACT_ADDRESSES_INT','FBDI', NULL, 7, 'POZ_SUP_CONTACT_ADDRESSES_INT','POZ_SUPPLIER_INT_REJECTIONS',  'PozSupContactAddressesInt', 'SupplierContactImportTemplate', NULL, 30000, 'POZ_SUPP_CONT_ADDR_REQUESTS', current_date, 'riteadmin', current_date, 'riteadmin', NULL, NULL, NULL, NULL,NULL, NULL, NULL, NULL, NULL, NULL, NULL, NULL, NULL, NULL, NULL,'DATA_MIGRATION', 'SUPPLIER_CONTACTS_IMP_ADDRESS', 'CR_SUPPLIER_CONTACTS_IMP_ADDRESS_C', 'CR_SUPPLIER_CONTACTS_IMP_ADDRESS_CLD');

INSERT INTO cr_object_information (object_id,info_type,info_value,info_description,additional_information1,additional_information2,additional_information3,additional_information4,additional_information5,creation_date,created_by,last_update_date,last_update_by,attribute1,attribute2,attribute3,attribute4,attribute5,attribute6,attribute7,attribute8,attribute9,attribute10,attribute11,attribute12,attribute13,attribute14,attribute15) VALUES
	 (39,'Sequence','7','','',NULL,NULL,NULL,NULL,current_date,'riteadmin',current_date,'riteadmin',NULL,NULL,NULL,NULL,NULL,NULL,NULL,NULL,NULL,NULL,NULL,NULL,NULL,NULL,NULL),
	 (39,'JobName','/oracle/apps/ess/prc/poz/supplierImport,ImportSupplierContacts',NULL,NULL,NULL,NULL,NULL,NULL,current_date,'riteadmin',current_date,'riteadmin',NULL,NULL,NULL,NULL,NULL,NULL,NULL,NULL,NULL,NULL,NULL,NULL,NULL,NULL,NULL),
	 (39,'InterfaceDetails','26',NULL,NULL,NULL,NULL,NULL,NULL,current_date,'riteadmin',current_date,'riteadmin',NULL,NULL,NULL,NULL,NULL,NULL,NULL,NULL,NULL,NULL,NULL,NULL,NULL,NULL,NULL),
	 (39,'DocumentAccount','prc/supplier/import',NULL,NULL,NULL,NULL,NULL,NULL,current_date,'riteadmin',current_date,'riteadmin',NULL,NULL,NULL,NULL,NULL,NULL,NULL,NULL,NULL,NULL,NULL,NULL,NULL,NULL,NULL),
	 (39,'DocumentSecurityGroup','FAFusionImportExport',NULL,NULL,NULL,NULL,NULL,NULL,current_date,'riteadmin',current_date,'riteadmin',NULL,NULL,NULL,NULL,NULL,NULL,NULL,NULL,NULL,NULL,NULL,NULL,NULL,NULL,NULL),
	 (39,'SQL_EXTRACTION_QUERY','SELECT * FROM IMPORT_SUPPLIER_CONTACT_ADDRESSES;','',NULL,NULL,NULL,NULL,NULL,current_date,'riteadmin',current_date,'riteadmin',NULL,NULL,NULL,NULL,NULL,NULL,NULL,NULL,NULL,NULL,NULL,NULL,NULL,NULL,NULL);

-- Supplier Attachment Import
INSERT INTO cr_objects (object_id, object_name, object_code, user_object_name, module_code, parent_object_id, fbdi_sheet, loader_endpoint, re_con_query, sequence_in_parent, interface_table_name, rejection_table_name, ctl_file_name, xlsm_file_name, immediate_parent, batch_size, base_tables, creation_date, created_by, last_update_date, last_update_by, attribute1, attribute2, attribute3, attribute4, attribute5, attribute6, attribute7, attribute8, attribute9, attribute10, attribute11, attribute12, attribute13, attribute14, attribute15, conversion_type,cld_template_code,cld_metadata_table_name,cld_template_name)
 VALUES (40,'Supplier Attachment Import', 'SUPPLIER_ATTACHMENT_IMPORT', 'Supplier Attachment Import', 'SCM', 32, 'POZ_SUP_ATTACHMENTS_INT','FBDI', NULL, 8, 'POZ_SUP_ATTACHMENTS_INT','POZ_SUPPLIER_INT_REJECTIONS',  'PozSupAttachmentsInt', 'SupplierAttachmentImportTemplate', NULL, 30000, NULL, current_date, 'riteadmin', current_date, 'riteadmin', NULL, NULL, NULL, NULL,NULL, NULL, NULL, NULL, NULL, NULL, NULL, NULL, NULL, NULL, NULL,'DATA_MIGRATION', 'SUPPLIER_ATTACHMENT_IMPORT', 'CR_SUPPLIER_ATTACHMENT_IMPORT_C', 'CR_SUPPLIER_ATTACHMENT_IMPORT_CLD');

INSERT INTO cr_object_information (object_id,info_type,info_value,info_description,additional_information1,additional_information2,additional_information3,additional_information4,additional_information5,creation_date,created_by,last_update_date,last_update_by,attribute1,attribute2,attribute3,attribute4,attribute5,attribute6,attribute7,attribute8,attribute9,attribute10,attribute11,attribute12,attribute13,attribute14,attribute15) VALUES
	 (40,'Sequence','8','','',NULL,NULL,NULL,NULL,current_date,'riteadmin',current_date,'riteadmin',NULL,NULL,NULL,NULL,NULL,NULL,NULL,NULL,NULL,NULL,NULL,NULL,NULL,NULL,NULL),
     (40,'DocumentSecurityGroup','FAFusionImportExport',NULL,NULL,NULL,NULL,NULL,NULL,current_date,'riteadmin',current_date,'riteadmin',NULL,NULL,NULL,NULL,NULL,NULL,NULL,NULL,NULL,NULL,NULL,NULL,NULL,NULL,NULL),
	 (40,'JobName','/oracle/apps/ess/prc/poz/supplierImport,ImportSupplierAttachments',NULL,NULL,NULL,NULL,NULL,NULL,current_date,'riteadmin',current_date,'riteadmin',NULL,NULL,NULL,NULL,NULL,NULL,NULL,NULL,NULL,NULL,NULL,NULL,NULL,NULL,NULL),
	 (40,'InterfaceDetails','115',NULL,NULL,NULL,NULL,NULL,NULL,current_date,'riteadmin',current_date,'riteadmin',NULL,NULL,NULL,NULL,NULL,NULL,NULL,NULL,NULL,NULL,NULL,NULL,NULL,NULL,NULL),
	 (40,'DocumentAccount','prc/supplier/import',NULL,NULL,NULL,NULL,NULL,NULL,current_date,'riteadmin',current_date,'riteadmin',NULL,NULL,NULL,NULL,NULL,NULL,NULL,NULL,NULL,NULL,NULL,NULL,NULL,NULL,NULL);

-- Supplier Site Attachment Import

INSERT INTO cr_objects (object_id, object_name, object_code, user_object_name, module_code, parent_object_id, fbdi_sheet, loader_endpoint, re_con_query, sequence_in_parent, interface_table_name, rejection_table_name, ctl_file_name, xlsm_file_name, immediate_parent, batch_size, base_tables, creation_date, created_by, last_update_date, last_update_by, attribute1, attribute2, attribute3, attribute4, attribute5, attribute6, attribute7, attribute8, attribute9, attribute10, attribute11, attribute12, attribute13, attribute14, attribute15, conversion_type,cld_template_code,cld_metadata_table_name,cld_template_name) 
VALUES (41,'Supplier Site Attachment Import', 'SUPPLIER_SITE_ATTACHMENT_IMPORT', 'Supplier Site Attachment Import', 'SCM', 32, 'POZ_SUP_ATTACHMENTS_INT','FBDI', NULL, 9, 'POZ_SUP_ATTACHMENTS_INT','POZ_SUPPLIER_INT_REJECTIONS',  'PozSupSiteAttachmentsInt', 'SupplierAttachmentImportTemplate', NULL, 30000, NULL, current_date, 'riteadmin', current_date, 'riteadmin', NULL, NULL, NULL, NULL,NULL, NULL, NULL, NULL, NULL, NULL, NULL, NULL, NULL, NULL, NULL,'DATA_MIGRATION', 'SUPPLIER_SITE_ATTACHMENT_IMP', 'CR_SUPPLIER_SITE_ATTACHMENT_IMP_C', 'CR_SUPPLIER_SITE_ATTACHMENT_IMP_CLD');

INSERT INTO cr_object_information (object_id,info_type,info_value,info_description,additional_information1,additional_information2,additional_information3,additional_information4,additional_information5,creation_date,created_by,last_update_date,last_update_by,attribute1,attribute2,attribute3,attribute4,attribute5,attribute6,attribute7,attribute8,attribute9,attribute10,attribute11,attribute12,attribute13,attribute14,attribute15) VALUES
	 (41,'Sequence','9',NULL,NULL,NULL,NULL,NULL,NULL,current_date,'riteadmin',current_date,'riteadmin',NULL,NULL,NULL,NULL,NULL,NULL,NULL,NULL,NULL,NULL,NULL,NULL,NULL,NULL,NULL),
	 (41,'DocumentSecurityGroup','FAFusionImportExport',NULL,NULL,NULL,NULL,NULL,NULL,current_date,'riteadmin',current_date,'riteadmin',NULL,NULL,NULL,NULL,NULL,NULL,NULL,NULL,NULL,NULL,NULL,NULL,NULL,NULL,NULL),
	 (41,'JobName','/oracle/apps/ess/prc/poz/supplierImport,ImportSupplierAttachments',NULL,NULL,NULL,NULL,NULL,NULL,current_date,'riteadmin',current_date,'riteadmin',NULL,NULL,NULL,NULL,NULL,NULL,NULL,NULL,NULL,NULL,NULL,NULL,NULL,NULL,NULL),
	 (41,'InterfaceDetails','115',NULL,NULL,NULL,NULL,NULL,NULL,current_date,'riteadmin',current_date,'riteadmin',NULL,NULL,NULL,NULL,NULL,NULL,NULL,NULL,NULL,NULL,NULL,NULL,NULL,NULL,NULL),
	 (41,'DocumentAccount','prc/supplier/import',NULL,NULL,NULL,NULL,NULL,NULL,current_date,'riteadmin',current_date,'riteadmin',NULL,NULL,NULL,NULL,NULL,NULL,NULL,NULL,NULL,NULL,NULL,NULL,NULL,NULL,NULL);

-- Supplier Business Classification Attachment Import
INSERT INTO cr_objects (object_id, object_name, object_code, user_object_name, module_code, parent_object_id, fbdi_sheet, loader_endpoint, re_con_query, sequence_in_parent, interface_table_name, rejection_table_name, ctl_file_name, xlsm_file_name, immediate_parent, batch_size, base_tables, creation_date, created_by, last_update_date, last_update_by, attribute1, attribute2, attribute3, attribute4, attribute5, attribute6, attribute7, attribute8, attribute9, attribute10, attribute11, attribute12, attribute13, attribute14, attribute15, conversion_type,cld_template_code,cld_metadata_table_name,cld_template_name) 
VALUES (42,'Supplier Business Classification Attachment Import', 'SUPPLIER_BUSINESS_CLASSIFICATION_ATTACHMENT_IMPORT', 'Supplier Business Classification Attachment Import', 'SCM', 32, 'POZ_SUP_ATTACHMENTS_INT','FBDI', NULL, 10, 'POZ_SUP_ATTACHMENTS_INT','POZ_SUPPLIER_INT_REJECTIONS',  'PozSupBusClassAttachmentsInt', 'SupplierAttachmentImportTemplate', NULL, 30000, NULL, current_date, 'riteadmin', current_date, 'riteadmin', NULL, NULL, NULL, NULL,NULL, NULL, NULL, NULL, NULL, NULL, NULL, NULL, NULL, NULL, NULL,'DATA_MIGRATION', 'SUPP_BIZ_CLASSIFICATION_ATTA', 'CR_SUPP_BIZ_CLASSIFICATION_ATTA_C', 'CR_SUPP_BIZ_CLASSIFICATION_ATTA_CLD');

INSERT INTO cr_object_information (object_id,info_type,info_value,info_description,additional_information1,additional_information2,additional_information3,additional_information4,additional_information5,creation_date,created_by,last_update_date,last_update_by,attribute1,attribute2,attribute3,attribute4,attribute5,attribute6,attribute7,attribute8,attribute9,attribute10,attribute11,attribute12,attribute13,attribute14,attribute15) VALUES
	 (42,'Sequence','10',NULL,NULL,NULL,NULL,NULL,NULL,current_date,'riteadmin',current_date,'riteadmin',NULL,NULL,NULL,NULL,NULL,NULL,NULL,NULL,NULL,NULL,NULL,NULL,NULL,NULL,NULL),
     (42,'JobName','/oracle/apps/ess/prc/poz/supplierImport,ImportSupplierAttachments',NULL,NULL,NULL,NULL,NULL,NULL,current_date,'riteadmin',current_date,'riteadmin',NULL,NULL,NULL,NULL,NULL,NULL,NULL,NULL,NULL,NULL,NULL,NULL,NULL,NULL,NULL),
	 (42,'DocumentAccount','prc/supplier/import',NULL,NULL,NULL,NULL,NULL,NULL,current_date,'riteadmin',current_date,'riteadmin',NULL,NULL,NULL,NULL,NULL,NULL,NULL,NULL,NULL,NULL,NULL,NULL,NULL,NULL,NULL),
	 (42,'DocumentSecurityGroup','FAFusionImportExport',NULL,NULL,NULL,NULL,NULL,NULL,current_date,'riteadmin',current_date,'riteadmin',NULL,NULL,NULL,NULL,NULL,NULL,NULL,NULL,NULL,NULL,NULL,NULL,NULL,NULL,NULL), 
     (42,'InterfaceDetails','115',NULL,NULL,NULL,NULL,NULL,NULL,current_date,'riteadmin',current_date,'riteadmin',NULL,NULL,NULL,NULL,NULL,NULL,NULL,NULL,NULL,NULL,NULL,NULL,NULL,NULL,NULL);

-- Import Supplier Business Classifications
INSERT INTO cr_objects (object_id, object_name, object_code, user_object_name, module_code, parent_object_id, fbdi_sheet, loader_endpoint, re_con_query, sequence_in_parent, interface_table_name, rejection_table_name, ctl_file_name, xlsm_file_name, immediate_parent, batch_size, base_tables, creation_date, created_by, last_update_date, last_update_by, attribute1, attribute2, attribute3, attribute4, attribute5, attribute6, attribute7, attribute8, attribute9, attribute10, attribute11, attribute12, attribute13, attribute14, attribute15, conversion_type,cld_template_code,cld_metadata_table_name,cld_template_name)
 VALUES (43,'Import Supplier Business Classifications', 'IMPORT_SUPPLIER_BUSINESS_CLASSIFICATIONS', 'Import Supplier Business Classifications', 'SCM', 32, 'POZ_SUP_BUS_CLASS_INT','FBDI', NULL, 11, 'POZ_SUP_BUS_CLASS_INT','POZ_SUPPLIER_INT_REJECTIONS',  'PozSupBusClassInt', 'SupplierBusinessClassificationImportTemplate', NULL, 30000, 'POZ_BUS_CLASSIFICATIONS', current_date, 'riteadmin', current_date, 'riteadmin', NULL, NULL, NULL, NULL,NULL, NULL, NULL, NULL, NULL, NULL, NULL, NULL, NULL, NULL, NULL,'DATA_MIGRATION', 'IMP_SUPP_BIZ_CLASSIFICATIONS', 'CR_IMP_SUPP_BIZ_CLASSIFICATIONS_C', 'CR_IMP_SUPP_BIZ_CLASSIFICATIONS_CLD');

INSERT INTO cr_object_information (object_id,info_type,info_value,info_description,additional_information1,additional_information2,additional_information3,additional_information4,additional_information5,creation_date,created_by,last_update_date,last_update_by,attribute1,attribute2,attribute3,attribute4,attribute5,attribute6,attribute7,attribute8,attribute9,attribute10,attribute11,attribute12,attribute13,attribute14,attribute15) VALUES
	 (43,'Sequence','11',NULL,NULL,NULL,NULL,NULL,NULL,current_date,'riteadmin',current_date,'riteadmin',NULL,NULL,NULL,NULL,NULL,NULL,NULL,NULL,NULL,NULL,NULL,NULL,NULL,NULL,NULL),
     (43,'JobName','/oracle/apps/ess/prc/poz/supplierImport,ImportSupplierBusinessClassifications',NULL,NULL,NULL,NULL,NULL,NULL,current_date,'riteadmin',current_date,'riteadmin',NULL,NULL,NULL,NULL,NULL,NULL,NULL,NULL,NULL,NULL,NULL,NULL,NULL,NULL,NULL),
	 (43,'DocumentAccount','prc/supplier/import',NULL,NULL,NULL,NULL,NULL,NULL,current_date,'riteadmin',current_date,'riteadmin',NULL,NULL,NULL,NULL,NULL,NULL,NULL,NULL,NULL,NULL,NULL,NULL,NULL,NULL,NULL),
	 (43,'DocumentSecurityGroup','FAFusionImportExport',NULL,NULL,NULL,NULL,NULL,NULL,current_date,'riteadmin',current_date,'riteadmin',NULL,NULL,NULL,NULL,NULL,NULL,NULL,NULL,NULL,NULL,NULL,NULL,NULL,NULL,NULL), 
     (43,'InterfaceDetails','53',NULL,NULL,NULL,NULL,NULL,NULL,current_date,'riteadmin',current_date,'riteadmin',NULL,NULL,NULL,NULL,NULL,NULL,NULL,NULL,NULL,NULL,NULL,NULL,NULL,NULL,NULL);

-- Import Supplier Products and Services Categories
INSERT INTO cr_objects (object_id, object_name, object_code, user_object_name, module_code, parent_object_id, fbdi_sheet, loader_endpoint, re_con_query, sequence_in_parent, interface_table_name, rejection_table_name, ctl_file_name, xlsm_file_name, immediate_parent, batch_size, base_tables, creation_date, created_by, last_update_date, last_update_by, attribute1, attribute2, attribute3, attribute4, attribute5, attribute6, attribute7, attribute8, attribute9, attribute10, attribute11, attribute12, attribute13, attribute14, attribute15, conversion_type,cld_template_code,cld_metadata_table_name,cld_template_name)
 VALUES (44,'Import Supplier Products and Services Categories', 'IMPORT_SUPPLIER_PRODUCTS_AND_SERVICES_CATEGORIES', 'Import Supplier Products and Services Categories', 'SCM', 32, 'POZ_SUP_PROD_SERV_INT','FBDI', NULL, 12, 'POZ_SUP_PROD_SERV_INT','POZ_SUPPLIER_INT_REJECTIONS',  'PozSupProdServInt', 'SupplierProductsandServicesCategoryImportTemplate', NULL, 30000, 'POZ_SUP_PRODUCTS_SERVICES', current_date, 'riteadmin', current_date, 'riteadmin', NULL, NULL, NULL, NULL,NULL, NULL, NULL, NULL, NULL, NULL, NULL, NULL, NULL, NULL, NULL,'DATA_MIGRATION', 'IMP_SUPP_PRODUCTS_AND_SERS_CAT', 'CR_IMP_SUPP_PRODUCTS_AND_SERS_CAT_C', 'CR_IMP_SUPP_PRODUCTS_AND_SERS_CAT_CLD');

INSERT INTO cr_object_information (object_id,info_type,info_value,info_description,additional_information1,additional_information2,additional_information3,additional_information4,additional_information5,creation_date,created_by,last_update_date,last_update_by,attribute1,attribute2,attribute3,attribute4,attribute5,attribute6,attribute7,attribute8,attribute9,attribute10,attribute11,attribute12,attribute13,attribute14,attribute15) VALUES
	 (44,'Sequence','12',NULL,NULL,NULL,NULL,NULL,NULL,current_date,'riteadmin',current_date,'riteadmin',NULL,NULL,NULL,NULL,NULL,NULL,NULL,NULL,NULL,NULL,NULL,NULL,NULL,NULL,NULL),
     (44,'JobName','/oracle/apps/ess/prc/poz/supplierImport,ImportSupplierProductsandServicesCategory',NULL,NULL,NULL,NULL,NULL,NULL,current_date,'riteadmin',current_date,'riteadmin',NULL,NULL,NULL,NULL,NULL,NULL,NULL,NULL,NULL,NULL,NULL,NULL,NULL,NULL,NULL),
	 (44,'DocumentAccount','prc/supplier/import',NULL,NULL,NULL,NULL,NULL,NULL,current_date,'riteadmin',current_date,'riteadmin',NULL,NULL,NULL,NULL,NULL,NULL,NULL,NULL,NULL,NULL,NULL,NULL,NULL,NULL,NULL),
	 (44,'DocumentSecurityGroup','FAFusionImportExport',NULL,NULL,NULL,NULL,NULL,NULL,current_date,'riteadmin',current_date,'riteadmin',NULL,NULL,NULL,NULL,NULL,NULL,NULL,NULL,NULL,NULL,NULL,NULL,NULL,NULL,NULL), 
     (44,'InterfaceDetails','52',NULL,NULL,NULL,NULL,NULL,NULL,current_date,'riteadmin',current_date,'riteadmin',NULL,NULL,NULL,NULL,NULL,NULL,NULL,NULL,NULL,NULL,NULL,NULL,NULL,NULL,NULL);
    
-- Purchase Order 45
INSERT INTO cr_objects (object_id, object_name, object_code, user_object_name, module_code, parent_object_id, fbdi_sheet, loader_endpoint, re_con_query, sequence_in_parent, interface_table_name, rejection_table_name, ctl_file_name, xlsm_file_name, immediate_parent, batch_size, base_tables, creation_date, created_by, last_update_date, last_update_by, attribute1, attribute2, attribute3, attribute4, attribute5, attribute6, attribute7, attribute8, attribute9, attribute10, attribute11, attribute12, attribute13, attribute14, attribute15, conversion_type,cld_template_code,cld_metadata_table_name,cld_template_name) 
VALUES (45,'Purchase Order', 'PURCHASE_ORDER', 'Purchase Order', 'SCM', NULL, '','FBDI', NULL, NULL, '','',  '', '', NULL, 30000, NULL, current_date, 'riteadmin', current_date, 'riteadmin', NULL, NULL, NULL, NULL,NULL, NULL, NULL, NULL, NULL, NULL, NULL, NULL, NULL, NULL, NULL,'DATA_MIGRATION', NULL, NULL, NULL);

-- Purchase Order Headers Import
INSERT INTO cr_objects (object_id, object_name, object_code, user_object_name, module_code, parent_object_id, fbdi_sheet, loader_endpoint, re_con_query, sequence_in_parent, interface_table_name, rejection_table_name, ctl_file_name, xlsm_file_name, immediate_parent, batch_size, base_tables, creation_date, created_by, last_update_date, last_update_by, attribute1, attribute2, attribute3, attribute4, attribute5, attribute6, attribute7, attribute8, attribute9, attribute10, attribute11, attribute12, attribute13, attribute14, attribute15, conversion_type,cld_template_code,cld_metadata_table_name,cld_template_name) 
VALUES (46,'Purchase Order Headers Import', 'PURCHASE_ORDER_HEADERS_IMPORT', 'Purchase Order Headers Import', 'SCM', 45, 'PO_HEADERS_INTERFACE','FBDI', NULL, 1, 'PO_HEADERS_INTERFACE','PO_INTERFACE_ERRORS',  'PoHeadersInterfaceOrder', 'POPurchaseOrderImportTemplate', NULL, 30000, 'PO_HEADERS_ALL', current_date, 'riteadmin', current_date, 'riteadmin', NULL, NULL, NULL, NULL,NULL, NULL, NULL, NULL, NULL, NULL, NULL, NULL, NULL, NULL, NULL,'DATA_MIGRATION', 'PURCHASE_ORDER_HEADERS_IMPORT', 'CR_PURCHASE_ORDER_HEADERS_IMPORT_C', 'CR_PURCHASE_ORDER_HEADERS_IMPORT_CLD');

INSERT INTO cr_object_information (object_id,info_type,info_value,info_description,additional_information1,additional_information2,additional_information3,additional_information4,additional_information5,creation_date,created_by,last_update_date,last_update_by,attribute1,attribute2,attribute3,attribute4,attribute5,attribute6,attribute7,attribute8,attribute9,attribute10,attribute11,attribute12,attribute13,attribute14,attribute15) VALUES
	 (46,'Sequence','1',NULL,NULL,NULL,NULL,NULL,NULL,current_date,'riteadmin',current_date,'riteadmin',NULL,NULL,NULL,NULL,NULL,NULL,NULL,NULL,NULL,NULL,NULL,NULL,NULL,NULL,NULL),
     (46,'DocumentAccount','prc/purchaseOrder/import','','',NULL,NULL,NULL,NULL,current_date,'riteadmin',current_date,'riteadmin',NULL,NULL,NULL,NULL,NULL,NULL,NULL,NULL,NULL,NULL,NULL,NULL,NULL,NULL,NULL),
	 (46,'DocumentSecurityGroup','FAFusionImportExport','','',NULL,NULL,NULL,NULL,current_date,'riteadmin',current_date,'riteadmin',NULL,NULL,NULL,NULL,NULL,NULL,NULL,NULL,NULL,NULL,NULL,NULL,NULL,NULL,NULL),
	 (46,'InterfaceDetails','21','','',NULL,NULL,NULL,NULL,current_date,'riteadmin',current_date,'riteadmin',NULL,NULL,NULL,NULL,NULL,NULL,NULL,NULL,NULL,NULL,NULL,NULL,NULL,NULL,NULL),
	 (46,'JobName','/oracle/apps/ess/prc/po/pdoi/,ImportSPOJob','','',NULL,NULL,NULL,NULL,current_date,'riteadmin',current_date,'riteadmin',NULL,NULL,NULL,NULL,NULL,NULL,NULL,NULL,NULL,NULL,NULL,NULL,NULL,NULL,NULL),
	 (46,'SQL_EXTRACTION_QUERY','
SELECT poh.po_header_id                                                         interface_header_key
							,''ORIGINAL''                                         action               --Added by Sarala
							,NULL                                                                     batch_id
							,poh.interface_source_code                                                interface_source_code
							--,decode(poh.authorization_status,''REQUIRES REAPPROVAL'',''NONE'',''BYPASS'')   approval_action           --None,ByPass,Submit
							,NULL                                                                    approval_action
							,poh.segment1                                                             document_num
							,''STANDARD''                                                                     document_type_code
							 --,poh.type_lookup_code                                                     document_type_code --Added by Sarala
							,NULL                                                                     style_display_name
							,(SELECT bill_hou.name
											FROM hr_operating_units  bill_hou
										WHERE bill_hou.organization_id = poh.org_id)                           prc_bu_name
							--,NULL                                                                     req_bu_name
							,(SELECT bill_hou.name
											FROM hr_operating_units  bill_hou
										WHERE bill_hou.organization_id = poh.org_id) 					req_bu_name
							,(SELECT DISTINCT hle.name
											FROM hr_legal_entities  hle
										WHERE hle.organization_id = poh.org_id)                                soldto_le_name
                            ,(SELECT bill_hou.name
											FROM hr_operating_units @{0} bill_hou
										WHERE bill_hou.organization_id = poh.org_id)                           bill_to_bu_name
							,(SELECT papf.last_name|| '', '' || papf.first_name
											FROM per_all_people_f @{0} papf
										WHERE papf.person_id = poh.agent_id
												AND NVL(TRUNC(papf.effective_end_date), 
												        TRUNC(sysdate)) >= TRUNC(sysdate)) agent_name
							,poh.currency_code                                                        currency_code
							,poh.rate                                                                 rate
							,poh.rate_type                                                            rate_type
							,poh.rate_date                                                            rate_date
							,poh.comments                                                             comments
							,(SELECT hla.location_code
											FROM hr_locations_all @{0} hla
										WHERE hla.location_id = poh.bill_to_location_id)                       bill_to_location
							,(SELECT hla.location_code
											FROM hr_locations_all @{0} hla
										WHERE hla.location_id = poh.ship_to_location_id)                       ship_to_location
							,pv.vendor_name                                                           vendor_name
							,NULL                                                                     vendor_num
							,pvs.vendor_site_code                                                     vendor_site_code
							,(SELECT (hp.person_first_name||'' ''||
							         hp.person_middle_name||'' ''||
																	hp.person_last_name)
											FROM hz_parties @{0} hp
										WHERE hp.party_id = pvc.per_party_id)                                  vendor_contact
							--,pv.segment1                                                              vendor_doc_num
							,poh.vendor_order_num                                                      vendor_doc_num
							,poh.fob_lookup_code                                                      fob
							,NULL                                                                     freight_carrier
							,poh.freight_terms_lookup_code                                            freight_terms
							,poh.pay_on_code                                                          pay_on_code
							,att.name                                                                 payment_terms
							--,''Buyer''                                                                  originator_role
							,''BUYER''                                                                  originator_role   --Added by Sarala
							,NULL                                                                     change_order_desc
							,poh.acceptance_required_flag                                             acceptance_required_flag
							,(TRUNC(poh.acceptance_due_date) - TRUNC(poh.approved_date))              acceptance_within_days          --Need to re-verify
							,poh.supplier_notif_method                                                supplier_notif_method
							,poh.fax                                                                  fax
							,poh.email_address                                                        email_address
							,poh.confirming_order_flag                                                confirming_order_flag
							,poh.note_to_vendor                                                       note_to_vendor
							,poh.note_to_receiver                                                     note_to_receiver
							,NULL                                                                     default_taxation_country
							,NULL                                                                     tax_document_subtype
							,poh.attribute_category                                                   attribute_category
							,poh.attribute1                                                           attribute1
							,poh.attribute2                                                           attribute2
							,poh.attribute3                                                           attribute3
							,poh.attribute4                                                           attribute4
							,poh.attribute5                                                           attribute5
							,poh.attribute6                                                           attribute6
							,poh.attribute7                                                           attribute7
							,poh.attribute8                                                           attribute8
							,poh.attribute9                                                           attribute9
							,poh.attribute10                                                          attribute10
							,poh.attribute11                                                          attribute11
							,poh.attribute12                                                          attribute12
							,poh.attribute13                                                          attribute13
							,poh.attribute14                                                          attribute14
							,poh.attribute15                                                          attribute15
							,NULL                                                                     attribute16
							,NULL                                                                     attribute17
							,NULL                                                                     attribute18
							,NULL                                                                     attribute19
							,NULL                                                                     attribute20
                            ,NULL                                                                     attribute_date1
							,NULL                                                                     attribute_date2
							,NULL                                                                     attribute_date3
							,NULL                                                                     attribute_date4
							,NULL                                                                     attribute_date5
							,NULL                                                                     attribute_date6
							,NULL                                                                     attribute_date7
							,NULL                                                                     attribute_date8
							,NULL                                                                     attribute_date9
							,NULL                                                                     attribute_date10
                            ,NULL                                                                     attribute_number1
							,NULL                                                                     attribute_number2
							,NULL                                                                     attribute_number3
							,NULL                                                                     attribute_number4
							,NULL                                                                     attribute_number5
							,NULL                                                                     attribute_number6
							,NULL                                                                     attribute_number7
							,NULL                                                                     attribute_number8
							,NULL                                                                     attribute_number9
							,NULL                                                                     attribute_number10
							,NULL                                                                     attribute_timestamp1
							,NULL                                                                     attribute_timestamp2
							,NULL                                                                     attribute_timestamp3
							,NULL                                                                     attribute_timestamp4
							,NULL                                                                     attribute_timestamp5
							,NULL                                                                     attribute_timestamp6
							,NULL                                                                     attribute_timestamp7
							,NULL                                                                     attribute_timestamp8
							,NULL                                                                     attribute_timestamp9
							,NULL                                                                     attribute_timestamp10
							,(SELECT papf.email_address
											FROM per_all_people_f @{0} papf
										WHERE papf.person_id = poh.agent_id
												AND current_employee_flag = ''Y''
												AND NVL(TRUNC(papf.effective_end_date), 
												        TRUNC(sysdate)) >= TRUNC(sysdate)) agent_email_address
						,NULL                                                                      mode_of_transport
						,NULL                                                                      service_level
						,NULL                                                                      first_pty_reg_num
						,NULL                                                                      third_pty_reg_num																
						,NULL                                                                      buyer_managed_transport_flag
						,NULL                                                                      master_contract_number
						,NULL                                                                      master_contract_type
						,NULL                                                                      cc_email_address
						,NULL                                                                      bcc_email_address
                        ,NULL                                                                      GLOBAL_ATTRIBUTE1
                        ,NULL                                                                      GLOBAL_ATTRIBUTE2
                         ,NULL                                                                     GLOBAL_ATTRIBUTE3
                          ,NULL                                                                    GLOBAL_ATTRIBUTE4
                           ,NULL                                                                   GLOBAL_ATTRIBUTE5
                            ,NULL                                                                  GLOBAL_ATTRIBUTE6
                             ,NULL                                                                 Overriding_Approver_Name
                              ,NULL                                                                SKIP_ELECTRONIC_COMM_FLAG
                          
		FROM apps.po_headers_all          @{0}         poh
						,apps.po_vendors                      pv
						,apps.po_vendor_sites_all              pvs
						,apps.po_vendor_contacts               pvc
						,apps.ap_terms_tl                      att
	WHERE 1                                     = 1
	  --AND poh.po_header_id                   = :po_header_id
	      --AND poh.po_header_id =130412
			AND poh.vendor_id                         = pv.vendor_id
			AND poh.vendor_site_id                    = pvs.vendor_site_id
			AND poh.vendor_contact_id                 = pvc.vendor_contact_id(+)
			AND pv.vendor_id                          = pvs.vendor_id
			AND pvs.vendor_site_id                    = pvc.vendor_site_id(+)  -- Added by Sarala since Contact name is not a mandatory
			AND poh.type_lookup_code                  = ''STANDARD''
			AND poh.authorization_status            in (''APPROVED'',''REQUIRES REAPPROVAL'')
			AND NVL(poh.closed_code, ''OPEN'')          = ''OPEN''
			AND poh.terms_id                          = att.term_id (+)
			AND EXISTS 
						( SELECT ''X''
										FROM po_lines_all         @{0}         pla
									WHERE poh.po_header_id              =  pla.po_header_id
											AND poh.org_id                    =  pla.org_id
											AND NVL(pla.closed_code,''OPEN'')   = ''OPEN''                  -- STATUS OF PO OPEN IN LINE LOCATION
											AND NVL(pla.cancel_flag,''#'')      != ''Y''                    --  CANCEL FLAG <> Y
						)','',NULL,NULL,NULL,NULL,NULL,'2024-04-04','riteadmin','2024-11-25','riteadmin',NULL,NULL,NULL,NULL,NULL,NULL,NULL,NULL,NULL,NULL,NULL,NULL,NULL,NULL,NULL);



-- Purchase Order Lines Import
INSERT INTO cr_objects (object_id, object_name, object_code, user_object_name, module_code, parent_object_id, fbdi_sheet, loader_endpoint, re_con_query, sequence_in_parent, interface_table_name, rejection_table_name, ctl_file_name, xlsm_file_name, immediate_parent, batch_size, base_tables, creation_date, created_by, last_update_date, last_update_by, attribute1, attribute2, attribute3, attribute4, attribute5, attribute6, attribute7, attribute8, attribute9, attribute10, attribute11, attribute12, attribute13, attribute14, attribute15, conversion_type,cld_template_code,cld_metadata_table_name,cld_template_name) 
VALUES (47,'Purchase Order Lines Import', 'PURCHASE_ORDER_LINES_IMPORT', 'Purchase Order Lines Import', 'SCM', 45, 'PO_LINES_INTERFACE','FBDI', NULL, 2, 'PO_LINES_INTERFACE','PO_INTERFACE_ERRORS',  'PoLinesInterfaceOrder', 'POPurchaseOrderImportTemplate', NULL, 30000, 'PO_LINES_ALL', current_date, 'riteadmin', current_date, 'riteadmin', NULL, NULL, NULL, NULL,NULL, NULL, NULL, NULL, NULL, NULL, NULL, NULL, NULL, NULL, NULL,'DATA_MIGRATION', 'PURCHASE_ORDER_LINES_IMPORT', 'CR_PURCHASE_ORDER_LINES_IMPORT_C', 'CR_PURCHASE_ORDER_LINES_IMPORT_CLD');

INSERT INTO cr_object_information (object_id,info_type,info_value,info_description,additional_information1,additional_information2,additional_information3,additional_information4,additional_information5,creation_date,created_by,last_update_date,last_update_by,attribute1,attribute2,attribute3,attribute4,attribute5,attribute6,attribute7,attribute8,attribute9,attribute10,attribute11,attribute12,attribute13,attribute14,attribute15) VALUES
	 (47,'Sequence','2',NULL,NULL,NULL,NULL,NULL,NULL,current_date,'riteadmin',current_date,'riteadmin',NULL,NULL,NULL,NULL,NULL,NULL,NULL,NULL,NULL,NULL,NULL,NULL,NULL,NULL,NULL),
     (47,'DocumentAccount','','','prc/purchaseOrder/import',NULL,NULL,NULL,NULL,current_date,'riteadmin',current_date,'riteadmin',NULL,NULL,NULL,NULL,NULL,NULL,NULL,NULL,NULL,NULL,NULL,NULL,NULL,NULL,NULL),
	 (47,'DocumentSecurityGroup','FAFusionImportExport','','',NULL,NULL,NULL,NULL,current_date,'riteadmin',current_date,'riteadmin',NULL,NULL,NULL,NULL,NULL,NULL,NULL,NULL,NULL,NULL,NULL,NULL,NULL,NULL,NULL),
	 (47,'InterfaceDetails','21','','',NULL,NULL,NULL,NULL,current_date,'riteadmin',current_date,'riteadmin',NULL,NULL,NULL,NULL,NULL,NULL,NULL,NULL,NULL,NULL,NULL,NULL,NULL,NULL,NULL),
	 (47,'JobName','/oracle/apps/ess/prc/po/pdoi/,ImportSPOJob','','',NULL,NULL,NULL,NULL,current_date,'riteadmin',current_date,'riteadmin',NULL,NULL,NULL,NULL,NULL,NULL,NULL,NULL,NULL,NULL,NULL,NULL,NULL,NULL,NULL),
	 (47,'SQL_EXTRACTION_QUERY','SELECT pol.po_line_id                                              interface_line_key
							,poh.po_header_id                                            interface_header_key
							--,NULL                                                        action
							,''ADD''                                                       action    --Added by Saralaa
							,pol.line_num                                                line_num
							,(SELECT plt.line_type
										FROM po_line_types @{0} plt
									WHERE plt.line_type_id = pol.line_type_id)                 line_type
							,(SELECT msib.segment1
											FROM mtl_system_items_b @{0} msib
										WHERE  msib.inventory_item_id = pol.item_id
												AND ROWNUM = 1)                                         item
							,REGEXP_REPLACE(to_char(pol.item_description),CHR(9)     
																																													||''|''||CHR(10)
																																													||''|''||CHR(13), '''')    item_description
							,pol.item_revision                                           item_revision
							,(SELECT category_concat_segs
											FROM mtl_categories_v @{0} mcb
										WHERE mcb.category_id = pol.category_id)                  category
							,pol.amount                                                  amount
							,( SELECT SUM(pll1.quantity - pll1.quantity_received)     
												FROM po_line_locations_all  @{0} pll1
											WHERE pol.po_line_id              = pll1.po_line_id 
													AND pol.org_id                  = pll1.org_id  
													AND NVL(pll1.closed_code,''OPEN'') = ''OPEN''
													AND NVL(pll1.cancel_flag,''#'')    != ''Y'')               quantity
							,pol.unit_meas_lookup_code                                   unit_of_measure
							,pol.unit_price                                              unit_price
							,pol.secondary_quantity                                      secondary_quantity
							,pol.secondary_unit_of_measure                               secondary_unit_of_measure
							,pol.vendor_product_num                                      vendor_product_num
							,pol.negotiated_by_preparer_flag                             negotiated_by_preparer_flag
							,(SELECT phct.hazard_class
											FROM po_hazard_classes_vl @{0} phct
										WHERE phct.hazard_class_id = pol.hazard_class_id )        hazard_class
							,NULL                                                        un_number
							,pol.note_to_vendor                                          note_to_vendor
							,NULL                                                        note_to_receiver
							,NULL                                                        line_attribute_category_lines
							,pol.attribute1                                              line_attribute1
							,pol.attribute2                                              line_attribute2
							,pol.attribute3                                              line_attribute3
							,pol.attribute4                                              line_attribute4
							,pol.attribute5                                              line_attribute5
							,pol.attribute6                                              line_attribute6
							,pol.attribute7                                              line_attribute7
							,pol.attribute8                                              line_attribute8
							,pol.attribute9                                              line_attribute9
							,pol.attribute10                                             line_attribute10
							,pol.attribute11                                             line_attribute11
							,pol.attribute12                                             line_attribute12
							,pol.attribute13                                             line_attribute13
							,pol.attribute14                                             line_attribute14
							,pol.attribute15                                             line_attribute15
							,NULL                                                        attribute16
							,NULL                                                        attribute17
							,NULL                                                        attribute18
							,NULL                                                        attribute19
							,NULL                                                        attribute20
							,NULL                                                        attribute_date1
							,NULL                                                        attribute_date2
							,NULL                                                        attribute_date3
							,NULL                                                        attribute_date4
							,NULL                                                        attribute_date5
							,NULL                                                        attribute_date6
							,NULL                                                        attribute_date7
							,NULL                                                        attribute_date8
							,NULL                                                        attribute_date9
							,NULL                                                        attribute_date10
							,NULL                                                        attribute_number1
							,NULL                                                        attribute_number2
							,NULL                                                        attribute_number3
							,NULL                                                        attribute_number4
							,NULL                                                        attribute_number5
							,NULL                                                        attribute_number6
							,NULL                                                        attribute_number7
							,NULL                                                        attribute_number8
							,NULL                                                        attribute_number9
							,NULL                                                        attribute_number10
							,NULL                                                        attribute_timestamp1
							,NULL                                                        attribute_timestamp2
							,NULL                                                        attribute_timestamp3
							,NULL                                                        attribute_timestamp4
							,NULL                                                        attribute_timestamp5
							,NULL                                                        attribute_timestamp6
							,NULL                                                        attribute_timestamp7
							,NULL                                                        attribute_timestamp8
							,NULL                                                        attribute_timestamp9
							,NULL                                                        attribute_timestamp10
							,NULL                                                        unit_weight
							,NULL                                                        weight_uom_code
							,NULL                                                        weight_unit_of_measure
							,NULL                                                        unit_volume
							,NULL                                                        volume_uom_code
							,NULL                                                        volume_unit_of_measure
							,NULL                                                        template_name																
							,NULL                                                        item_attribute_category
							,NULL                                                        item_attribute1
							,NULL                                                        item_attribute2
							,NULL                                                        item_attribute3
							,NULL                                                        item_attribute4
							,NULL                                                        item_attribute5
							,NULL                                                        item_attribute6
							,NULL                                                        item_attribute7
							,NULL                                                        item_attribute8
							,NULL                                                        item_attribute9
							,NULL                                                        item_attribute10
							,NULL                                                        item_attribute11
							,NULL                                                        item_attribute12
							,NULL                                                        item_attribute13
							,NULL                                                        item_attribute14
							,NULL                                                        item_attribute15
							,NULL                                                        source_agreement_prc_bu_name
							,NULL                                                        source_agreement
							,NULL                                                        source_agreement_line						
							,NULL                                                        discount_type
							,NULL                                                        discount
							,NULL                                                        discount_reason																
							,pol.max_retainage_amount                                    max_retainage_amount
                            ,NULL                                                        pricing_uom
			FROM apps.po_headers_all        @{0}        poh
							,apps.po_lines_all               pol
		WHERE 1                                 = 1
		  -- AND poh.po_header_id               = :po_header_id
		       -- AND poh.po_header_id =3628
				AND poh.type_lookup_code              = ''STANDARD''
				AND NVL(poh.closed_code,''OPEN'')       = ''OPEN''                 -- STATUS OF PO OPEN IN HEADER
				AND NVL(pol.closed_code,''OPEN'')       = ''OPEN''                 -- STATUS OF PO OPEN IN LINE
				AND poh.po_header_id                  = pol.po_header_id
				AND poh.org_id                        = pol.org_id
				AND NVL(poh.cancel_flag,''#'')          != ''Y''                   --  CANCEL FLAG <> Y
				AND NVL(pol.cancel_flag,''#'')          != ''Y''                   --  CANCEL FLAG <> Y
				AND EXISTS 
						( SELECT ''X''
									FROM po_line_locations_all   @{0}     pll
								WHERE pol.po_header_id            = pll.po_header_id
										AND pol.org_id                  = pll.org_id
										AND NVL(pll.closed_code,''OPEN'') = ''OPEN''                 -- STATUS OF PO OPEN IN LINE LOCATION
										AND NVL(pll.cancel_flag,''#'')    != ''Y''                   --  CANCEL FLAG <> Y
						)','',NULL,NULL,NULL,NULL,NULL,current_date,'riteadmin',current_date,'riteadmin',NULL,NULL,NULL,NULL,NULL,NULL,NULL,NULL,NULL,NULL,NULL,NULL,NULL,NULL,NULL);


-- Purchase Order Schedules Import
INSERT INTO cr_objects (object_id, object_name, object_code, user_object_name, module_code, parent_object_id, fbdi_sheet, loader_endpoint, re_con_query, sequence_in_parent, interface_table_name, rejection_table_name, ctl_file_name, xlsm_file_name, immediate_parent, batch_size, base_tables, creation_date, created_by, last_update_date, last_update_by, attribute1, attribute2, attribute3, attribute4, attribute5, attribute6, attribute7, attribute8, attribute9, attribute10, attribute11, attribute12, attribute13, attribute14, attribute15, conversion_type,cld_template_code,cld_metadata_table_name,cld_template_name) 
VALUES (48,'Purchase Order Schedules Import', 'PURCHASE_ORDER_SCHEDULES_IMPORT', 'Purchase Order Schedules Import', 'SCM', 45, 'PO_LINE_LOCATIONS_INTERFACE','FBDI', NULL, 3, 'PO_LINE_LOCATIONS_INTERFACE','PO_INTERFACE_ERRORS',  'PoLineLocationsInterfaceOrder', 'POPurchaseOrderImportTemplate', NULL, 30000, 'PO_LINE_LOCATIONS_ALL', current_date, 'riteadmin', current_date, 'riteadmin', NULL, NULL, NULL, NULL,NULL, NULL, NULL, NULL, NULL, NULL, NULL, NULL, NULL, NULL, NULL,'DATA_MIGRATION', 'PURCHASE_ORDER_SCHEDULES_IMP', 'CR_PURCHASE_ORDER_SCHEDULES_IMP_C', 'CR_PURCHASE_ORDER_SCHEDULES_IMP_CLD');

INSERT INTO cr_object_information (object_id,info_type,info_value,info_description,additional_information1,additional_information2,additional_information3,additional_information4,additional_information5,creation_date,created_by,last_update_date,last_update_by,attribute1,attribute2,attribute3,attribute4,attribute5,attribute6,attribute7,attribute8,attribute9,attribute10,attribute11,attribute12,attribute13,attribute14,attribute15) VALUES
	 (48,'Sequence','3',NULL,NULL,NULL,NULL,NULL,NULL,current_date,'riteadmin',current_date,'riteadmin',NULL,NULL,NULL,NULL,NULL,NULL,NULL,NULL,NULL,NULL,NULL,NULL,NULL,NULL,NULL),
     (48,'DocumentAccount','prc/purchaseOrder/import','','',NULL,NULL,NULL,NULL,current_date,'riteadmin',current_date,'riteadmin',NULL,NULL,NULL,NULL,NULL,NULL,NULL,NULL,NULL,NULL,NULL,NULL,NULL,NULL,NULL),
	 (48,'DocumentSecurityGroup','FAFusionImportExport','','',NULL,NULL,NULL,NULL,current_date,'riteadmin',current_date,'riteadmin',NULL,NULL,NULL,NULL,NULL,NULL,NULL,NULL,NULL,NULL,NULL,NULL,NULL,NULL,NULL),
	 (48,'InterfaceDetails','21','','',NULL,NULL,NULL,NULL,current_date,'riteadmin',current_date,'riteadmin',NULL,NULL,NULL,NULL,NULL,NULL,NULL,NULL,NULL,NULL,NULL,NULL,NULL,NULL,NULL),
	 (48,'JobName','/oracle/apps/ess/prc/po/pdoi/,ImportSPOJob','','',NULL,NULL,NULL,NULL,current_date,'riteadmin',current_date,'riteadmin',NULL,NULL,NULL,NULL,NULL,NULL,NULL,NULL,NULL,NULL,NULL,NULL,NULL,NULL,NULL),
	 (48,'SQL_EXTRACTION_QUERY','SELECT
    plla.line_location_id interface_line_location_key,
    plla.po_line_id       interface_line_key,
    plla.shipment_num     shipment_num 
						,(SELECT hl.location_code
								  FROM hr_locations  hl
								 WHERE hl.location_id = plla.ship_to_location_id)           ship_to_location 
						,(SELECT hou.name
								  FROM hr_operating_units  hou
								 WHERE hou.organization_id = plla.ship_to_organization_id)  ship_to_organization_code
						--,NULL 														ship_to_organization_code
						,plla.amount                                                  amount
						,plla.quantity                                                quantity
						--,plla.need_by_date                                            need_by_date
						--,plla.promised_date                                           promised_date
						,to_char(plla.need_by_date,''YYYY/MM/DD'')                         need_by_date
						,to_char(plla.promised_date,''YYYY/MM/DD'')                         promised_date
						,NULL                                                         secondary_quantity
						,NULL                                                         secondary_unit_of_measure
						,NULL                                                         destination_type_code                         -- NEED TO VERIFY
						--,plla.accrue_on_receipt_flag                                  accrue_on_receipt_flag
						,''N''	 													  accrue_on_receipt_flag
						,plla.allow_substitute_receipts_flag                          allow_substitute_receipts_flag
						,NULL                                                         assessable_value
						,plla.days_early_receipt_allowed                              days_early_receipt_allowed
						,plla.days_late_receipt_allowed                               days_late_receipt_allowed
						,plla.enforce_ship_to_location_code                           enforce_ship_to_location_code
						,plla.inspection_required_flag                                inspection_required_flag
						,plla.receipt_required_flag                                   receipt_required_flag
						,plla.invoice_close_tolerance                                 invoice_close_tolerance
						,plla.receive_close_tolerance                                 receive_close_tolerance
						,plla.qty_rcv_tolerance                                       qty_rcv_tolerance
						,plla.qty_rcv_exception_code                                  qty_rcv_exception_code
						,plla.receipt_days_exception_code                             receipt_days_exception_code
						,NULL                                                         receiving_routing
						,plla.note_to_receiver                                        note_to_receiver
						,NULL                                                         input_tax_classification_code
						,NULL                                                         line_intended_use
						,NULL                                                         product_category
						,NULL                                                         product_fisc_classification
						,NULL                                                         product_type
						,NULL                                                         trx_business_category
						,NULL                                                         user_defined_fisc_class
						,plla.attribute_category                                      attribute_category
						,plla.attribute1                                              attribute1
						,plla.attribute2                                              attribute2
						,plla.attribute3                                              attribute3
						,plla.attribute4                                              attribute4
						,plla.attribute5                                              attribute5
						,plla.attribute6                                              attribute6
						,plla.attribute7                                              attribute7
						,plla.attribute8                                              attribute8
						,plla.attribute9                                              attribute9
						,plla.attribute10                                             attribute10
						,plla.attribute11                                             attribute11
						,plla.attribute12                                             attribute12
						,plla.attribute13                                             attribute13
						,plla.attribute14                                             attribute14
						,plla.attribute15                                             attribute15
						,NULL                                                         attribute16
						,NULL                                                         attribute17
						,NULL                                                         attribute18
						,NULL                                                         attribute19
						,NULL                                                         attribute20
						,NULL                                                         attribute_date1
						,NULL                                                         attribute_date2
						,NULL                                                         attribute_date3
						,NULL                                                         attribute_date4
						,NULL                                                         attribute_date5
						,NULL                                                         attribute_date6
						,NULL                                                         attribute_date7
						,NULL                                                         attribute_date8
						,NULL                                                         attribute_date9
						,NULL                                                         attribute_date10
						,NULL                                                         attribute_number1
						,NULL                                                         attribute_number2
						,NULL                                                         attribute_number3
						,NULL                                                         attribute_number4
						,NULL                                                         attribute_number5
						,NULL                                                         attribute_number6
						,NULL                                                         attribute_number7
						,NULL                                                         attribute_number8
						,NULL                                                         attribute_number9
						,NULL                                                         attribute_number10
						,NULL                                                         attribute_timestamp1
						,NULL                                                         attribute_timestamp2
						,NULL                                                         attribute_timestamp3
						,NULL                                                         attribute_timestamp4
						,NULL                                                         attribute_timestamp5
						,NULL                                                         attribute_timestamp6
						,NULL                                                         attribute_timestamp7
						,NULL                                                         attribute_timestamp8
						,NULL                                                         attribute_timestamp9
						,NULL                                                         attribute_timestamp10
						,NULL                                                         freight_carrier
						,NULL                                                         mode_of_transport
						,NULL                                                         service_level
						,NULL                                                         final_discharge_location_code
						,NULL                                                         requested_ship_date
						,NULL                                                         promised_ship_date
						,NULL                                                         requested_delivery_date 
						,NULL                                                         promised_delivery_date      -- NEED TO VERIFY
						,NULL                                                         retainage_rate              -- NEED TO VERIFY
						,plla.match_option                                           match_option    --Added by Sarala part of 21d version
		,NULL GLOBAL_ATTRIBUTE1
        ,NULL GLOBAL_ATTRIBUTE_NUMBER1
        FROM apps.po_headers_all    pha
						,apps.po_lines_all   pla
						,apps.po_line_locations_all   plla
	WHERE 1                               = 1
			AND pha.type_lookup_code            = ''STANDARD''
			AND NVL(pha.closed_code, ''OPEN'')    = ''OPEN''            -- STATUS OF PO OPEN IN HEADER
			AND NVL(pla.closed_code,''OPEN'')     = ''OPEN''            -- STATUS OF PO OPEN IN LINE
			AND NVL(plla.closed_code,''OPEN'')    = ''OPEN''            -- STATUS OF PO OPEN IN LINE LOCATION
			AND NVL(pha.cancel_flag,''#'')        != ''Y''              -- CANCEL FLAG <> Y
			AND NVL(pla.cancel_flag,''#'')        != ''Y''              -- CANCEL FLAG <> Y
			AND NVL(plla.cancel_flag,''#'')       != ''Y''              -- CANCEL FLAG <> Y
			AND pha.po_header_id                = pla.po_header_id
			AND pha.org_id                      = pla.org_id
			AND pla.po_header_id                = plla.po_header_id
			AND pla.po_line_id                  = plla.po_line_id
			AND pla.org_id                      = plla.org_id
			AND EXISTS 
							( SELECT ''X''
									FROM po_distributions_all  pda WHERE plla.po_header_id = pda.po_header_id
AND plla.po_line_id = pda.po_line_id
    AND plla.line_location_id = pda.line_location_id
        AND plla.org_id = pda.org_id
							)','',NULL,NULL,NULL,NULL,NULL,current_date,'riteadmin',current_date,'riteadmin',NULL,NULL,NULL,NULL,NULL,NULL,NULL,NULL,NULL,NULL,NULL,NULL,NULL,NULL,NULL);


-- Purchase Order Distributions Import
INSERT INTO cr_objects (object_id, object_name, object_code, user_object_name, module_code, parent_object_id, fbdi_sheet, loader_endpoint, re_con_query, sequence_in_parent, interface_table_name, rejection_table_name, ctl_file_name, xlsm_file_name, immediate_parent, batch_size, base_tables, creation_date, created_by, last_update_date, last_update_by, attribute1, attribute2, attribute3, attribute4, attribute5, attribute6, attribute7, attribute8, attribute9, attribute10, attribute11, attribute12, attribute13, attribute14, attribute15, conversion_type,cld_template_code,cld_metadata_table_name,cld_template_name) 
VALUES (49,'Purchase Order Distributions Import', 'PURCHASE_ORDER_DISTRIBUTIONS_IMPORT', 'Purchase Order Distributions Import', 'SCM', 45, 'PO_DISTRIBUTIONS_INTERFACE','FBDI', NULL, 4, 'PO_DISTRIBUTIONS_INTERFACE','PO_INTERFACE_ERRORS',  'PoDistributionsInterfaceOrder', 'POPurchaseOrderImportTemplate', NULL, 30000, 'PO_DISTRIBUTIONS_ALL', current_date, 'riteadmin', current_date, 'riteadmin', NULL, NULL, NULL, NULL,NULL, NULL, NULL, NULL, NULL, NULL, NULL, NULL, NULL, NULL, NULL,'DATA_MIGRATION', 'PO_DISTRIBUTIONS_IMP', 'CR_PO_DISTRIBUTIONS_IMP_C', 'CR_PO_DISTRIBUTIONS_IMP_CLD');

INSERT INTO cr_object_information (object_id,info_type,info_value,info_description,additional_information1,additional_information2,additional_information3,additional_information4,additional_information5,creation_date,created_by,last_update_date,last_update_by,attribute1,attribute2,attribute3,attribute4,attribute5,attribute6,attribute7,attribute8,attribute9,attribute10,attribute11,attribute12,attribute13,attribute14,attribute15) VALUES
	 (49,'Sequence','4',NULL,NULL,NULL,NULL,NULL,NULL,current_date,'riteadmin',current_date,'riteadmin',NULL,NULL,NULL,NULL,NULL,NULL,NULL,NULL,NULL,NULL,NULL,NULL,NULL,NULL,NULL),
     (49,'SQL_EXTRACTION_QUERY','SELECT pda.po_distribution_id                                        interface_distribution_key
						,pda.line_location_id                                          interface_line_location_key
						,pda.distribution_num                                          distribution_num
						,(SELECT hl.location_code
										FROM hr_locations @{0} hl
									WHERE hl.location_id = pda.deliver_to_location_id)          deliver_to_location
						,(SELECT papf.full_name
										FROM per_all_people_f @{0} papf
									WHERE papf.person_id = pda.deliver_to_person_id
											AND sysdate BETWEEN NVL(TRUNC(papf.effective_start_date)
											                       ,TRUNC(sysdate) - 1) 
																											AND NVL(TRUNC(papf.effective_end_date)
																											       ,TRUNC(sysdate) + 1))              deliver_to_person_full_name
						,pda.destination_subinventory                                  destination_subinventory
						,NULL                                                          amount_ordered
						,(pda.quantity_ordered - pda.quantity_delivered)               quantity_ordered
						--,glcc.segment1                                                 charge_account_segment1
						,NULL 														   charge_account_segment1
						--,glcc.segment2                                                 charge_account_segment2
						,NULL 														   charge_account_segment2
						--,glcc.segment3                                                 charge_account_segment3
						,NULL 														   charge_account_segment3
						--,glcc.segment4                                                 charge_account_segment4
						,NULL 														   charge_account_segment4
						--,glcc.segment5                                                 charge_account_segment5
						,NULL 														   charge_account_segment5
						--,glcc.segment6                                                 charge_account_segment6
						,NULL 														   charge_account_segment6
					--	,glcc.segment7                                                 charge_account_segment7
					    ,NULL														   charge_account_segment7		
						--,glcc.segment8                                                 charge_account_segment8
						,NULL 														   charge_account_segment8
						--,glcc.segment9                                                 charge_account_segment9
						,NULL 														   charge_account_segment9
						--,glcc.segment10                                                charge_account_segment10
						,NULL 														   charge_account_segment10
						,NULL                                                          charge_account_segment11
						,NULL                                                          charge_account_segment12
						,NULL                                                          charge_account_segment13
						,NULL                                                          charge_account_segment14
						,NULL                                                          charge_account_segment15
						,NULL                                                          charge_account_segment16
						,NULL                                                          charge_account_segment17
						,NULL                                                          charge_account_segment18
						,NULL                                                          charge_account_segment19
						,NULL                                                          charge_account_segment20
						,NULL                                                          charge_account_segment21
						,NULL                                                          charge_account_segment22
						,NULL                                                          charge_account_segment23
						,NULL                                                          charge_account_segment24
						,NULL                                                          charge_account_segment25
						,NULL                                                          charge_account_segment26
						,NULL                                                          charge_account_segment27
						,NULL                                                          charge_account_segment28
						,NULL                                                          charge_account_segment29
						,NULL                                                          charge_account_segment30
						,pda.destination_context                                       destination_context
						,(SELECT ppa.segment1
										FROM pa_projects_all @{0} ppa
									WHERE ppa.project_id = pda.project_id)                      project       ---  REVIEW AND RETAIN OR EXCLUDE BASED ON PROJECT EXISITENCE 
						,(SELECT pt.task_number
										FROM pa_tasks @{0} pt
									WHERE pt.task_id = pda.task_id)                             task                   ---  REVIEW AND RETAIN OR EXCLUDE BASED ON PROJECT TASK EXISITENCE 
						,pda.expenditure_item_date                                     pjc_expenditure_item_date ---  REVIEW AND RETAIN OR EXCLUDE BASED ON PROJECT EXISITENCE 
						,pda.expenditure_type                                          expenditure               ---  REVIEW AND RETAIN OR EXCLUDE BASED ON PROJECT EXISITENCE 
						,pda.expenditure_organization_id                               expenditure_organization  ---  REVIEW AND RETAIN OR EXCLUDE BASED ON PROJECT EXISITENCE   
						,NULL                                                          pjc_billable_flag
						,NULL                                                          pjc_capitalizable_flag
						,NULL                                                          pjc_work_type
						,NULL                                                          pjc_reserved_attribute1
						,NULL                                                          pjc_reserved_attribute2
						,NULL                                                          pjc_reserved_attribute3
						,NULL                                                          pjc_reserved_attribute4
						,NULL                                                          pjc_reserved_attribute5
						,NULL                                                          pjc_reserved_attribute6
						,NULL                                                          pjc_reserved_attribute7
						,NULL                                                          pjc_reserved_attribute8
						,NULL                                                          pjc_reserved_attribute9
						,NULL                                                          pjc_reserved_attribute10
						,NULL                                                          pjc_user_def_attribute1
						,NULL                                                          pjc_user_def_attribute2
						,NULL                                                          pjc_user_def_attribute3
						,NULL                                                          pjc_user_def_attribute4
						,NULL                                                          pjc_user_def_attribute5
						,NULL                                                          pjc_user_def_attribute6
						,NULL                                                          pjc_user_def_attribute7
						,NULL                                                          pjc_user_def_attribute8
						,NULL                                                          pjc_user_def_attribute9
						,NULL                                                          pjc_user_def_attribute10
						,pda.rate                                                      rate
						,pda.rate_date                                                 rate_date
						,pda.attribute_category                                        attribute_category
						,pda.attribute1                                                attribute1
						,pda.attribute2                                                attribute2
						,pda.attribute3                                                attribute3
						,pda.attribute4                                                attribute4
						,pda.attribute5                                                attribute5
						,pda.attribute6                                                attribute6
						,pda.attribute7                                                attribute7
						,pda.attribute8                                                attribute8
						,pda.attribute9                                                attribute9
						,pda.attribute10                                               attribute10
						,pda.attribute11                                               attribute11
						,pda.attribute12                                               attribute12
						,pda.attribute13                                               attribute13
						,pda.attribute14                                               attribute14
						,pda.attribute15                                               attribute15
						,NULL                                                          attribute16
						,NULL                                                          attribute17
						,NULL                                                          attribute18
						,NULL                                                          attribute19
						,NULL                                                          attribute20
						,NULL                                                          attribute_date1
						,NULL                                                          attribute_date2
						,NULL                                                          attribute_date3
						,NULL                                                          attribute_date4
						,NULL                                                          attribute_date5
						,NULL                                                          attribute_date6
						,NULL                                                          attribute_date7
						,NULL                                                          attribute_date8
						,NULL                                                          attribute_date9
						,NULL                                                          attribute_date10
						,NULL                                                          attribute_number1
						,NULL                                                          attribute_number2
						,NULL                                                          attribute_number3
						,NULL                                                          attribute_number4
						,NULL                                                          attribute_number5
						,NULL                                                          attribute_number6
						,NULL                                                          attribute_number7
						,NULL                                                          attribute_number8
						,NULL                                                          attribute_number9
						,NULL                                                          attribute_number10
						,NULL                                                          attribute_timestamp1
						,NULL                                                          attribute_timestamp2
						,NULL                                                          attribute_timestamp3
						,NULL                                                          attribute_timestamp4
						,NULL                                                          attribute_timestamp5
						,NULL                                                          attribute_timestamp6
						,NULL                                                          attribute_timestamp7
						,NULL                                                          attribute_timestamp8
						,NULL                                                          attribute_timestamp9
						,NULL                                                          attribute_timestamp10
						,(SELECT papf.email_address
										FROM per_all_people_f @{0} papf
									WHERE papf.person_id = pda.deliver_to_person_id
											AND TRUNC(sysdate) BETWEEN NVL(TRUNC(papf.effective_start_date)
											                              ,TRUNC(sysdate) - 1) 
																																		AND NVL(TRUNC(papf.effective_end_date)
																																		       ,TRUNC(sysdate) + 1))       deliver_to_person_email_addr
						,decode(pda.project_id,NULL,NULL,TRUNC(sysdate) )              budget_date
						,NULL                                                          pjc_contract_number
						,NULL                                                          pjc_funding_source
                        ,NULL                                                          global_attribute1
		FROM apps.po_headers_all      @{0}         pha
						,apps.po_lines_all              pla
						,apps.po_line_locations_all       plla
						,apps.po_distributions_all       pda
						,apps.gl_code_combinations        glcc
	WHERE 1                                = 1
	  -- AND pha.po_header_id              = :po_header_id
	        --AND plla.line_location_id     =3395
			AND pha.type_lookup_code             = ''STANDARD''
			AND NVL(pha.closed_code,''OPEN'')      = ''OPEN''              -- STATUS OF PO OPEN IN HEADER
			AND NVL(pla.closed_code,''OPEN'')      = ''OPEN''              -- STATUS OF PO OPEN IN LINE
			AND NVL(plla.closed_code,''OPEN'')     = ''OPEN''              -- STATUS OF PO OPEN IN LINE LOCATION
			AND NVL(pha.cancel_flag,''#'')         != ''Y''                -- CANCEL FLAG <> Y
			AND NVL(pla.cancel_flag,''#'')         != ''Y''                -- CANCEL FLAG <> Y
			AND NVL(plla.cancel_flag,''#'')        != ''Y''                -- CANCEL FLAG <> Y
			AND pha.po_header_id                 = pla.po_header_id
			AND pha.org_id                       = pla.org_id
			AND pla.po_header_id                 = plla.po_header_id
			AND pla.po_line_id                   = plla.po_line_id
			AND pla.org_id                       = plla.org_id
			AND plla.po_header_id                = pda.po_header_id
			AND plla.po_line_id                  = pda.po_line_id
			AND plla.org_id                      = pda.org_id
			AND plla.line_location_id            = pda.line_location_id
			AND glcc.code_combination_id         = pda.code_combination_id','',NULL,NULL,NULL,NULL,NULL,current_date,'riteadmin',current_date,'riteadmin',NULL,NULL,NULL,NULL,NULL,NULL,NULL,NULL,NULL,NULL,NULL,NULL,NULL,NULL,NULL),
	 (49,'DocumentAccount','prc/purchaseOrder/import','','',NULL,NULL,NULL,NULL,current_date,'riteadmin',current_date,'riteadmin',NULL,NULL,NULL,NULL,NULL,NULL,NULL,NULL,NULL,NULL,NULL,NULL,NULL,NULL,NULL),
	 (49,'DocumentSecurityGroup','FAFusionImportExport','','',NULL,NULL,NULL,NULL,current_date,'riteadmin',current_date,'riteadmin',NULL,NULL,NULL,NULL,NULL,NULL,NULL,NULL,NULL,NULL,NULL,NULL,NULL,NULL,NULL),
	 (49,'InterfaceDetails','21','','',NULL,NULL,NULL,NULL,current_date,'riteadmin',current_date,'riteadmin',NULL,NULL,NULL,NULL,NULL,NULL,NULL,NULL,NULL,NULL,NULL,NULL,NULL,NULL,NULL),
	 (49,'JobName','/oracle/apps/ess/prc/po/pdoi/,ImportSPOJob','','',NULL,NULL,NULL,NULL,current_date,'riteadmin',current_date,'riteadmin',NULL,NULL,NULL,NULL,NULL,NULL,NULL,NULL,NULL,NULL,NULL,NULL,NULL,NULL,NULL);

-- General Ledger Journal
INSERT INTO cr_objects (object_id, object_name, object_code, user_object_name, module_code, parent_object_id, fbdi_sheet, loader_endpoint, re_con_query, sequence_in_parent, interface_table_name, rejection_table_name, ctl_file_name, xlsm_file_name, immediate_parent, batch_size, base_tables, creation_date, created_by, last_update_date, last_update_by, attribute1, attribute2, attribute3, attribute4, attribute5, attribute6, attribute7, attribute8, attribute9, attribute10, attribute11, attribute12, attribute13, attribute14, attribute15, conversion_type,cld_template_code,cld_metadata_table_name,cld_template_name)
 VALUES (50,'General Ledger Journal', 'GENERAL_LEDGER_JOURNAL', 'General Ledger Journal', 'FIN', NULL, '','FBDI', NULL, NULL, '','',  '', '', NULL, 30000, NULL, current_date, 'riteadmin', current_date, 'riteadmin', NULL, NULL, NULL, NULL,NULL, NULL, NULL, NULL, NULL, NULL, NULL, NULL, NULL, NULL, NULL,'DATA_MIGRATION', NULL, NULL, NULL);

-- Segment Rules Import
INSERT INTO cr_objects (object_id, object_name, object_code, user_object_name, module_code, parent_object_id, fbdi_sheet, loader_endpoint, re_con_query, sequence_in_parent, interface_table_name, rejection_table_name, ctl_file_name, xlsm_file_name, immediate_parent, batch_size, base_tables, creation_date, created_by, last_update_date, last_update_by, attribute1, attribute2, attribute3, attribute4, attribute5, attribute6, attribute7, attribute8, attribute9, attribute10, attribute11, attribute12, attribute13, attribute14, attribute15, conversion_type,cld_template_code,cld_metadata_table_name,cld_template_name)
 VALUES (51,'Segment Rules Import', 'SEGMENT_RULES_IMPORT', 'Segment Rules Import', 'FIN', 50, 'GL_COA_MAP_SEGMENT_RULES_INT','FBDI', NULL, 1, 'GL_COA_MAP_SEGMENT_RULES_INT','GL_JE_ERROR_CODES',  'GlCoaMapSegmentRulesInterface', 'ChartofAccountsMappingRulesImportTemplate', NULL, 30000, 'GL_COA_MAP_SEGMENT_RULES', current_date, 'riteadmin', current_date, 'riteadmin', NULL, NULL, NULL, NULL,NULL, NULL, NULL, NULL, NULL, NULL, NULL, NULL, NULL, NULL, NULL,'DATA_MIGRATION', 'SEGMENT_RULES_IMPORT', 'CR_SEGMENT_RULES_IMPORT_C', 'CR_SEGMENT_RULES_IMPORT_CLD');

INSERT INTO cr_object_information (object_id,info_type,info_value,info_description,additional_information1,additional_information2,additional_information3,additional_information4,additional_information5,creation_date,created_by,last_update_date,last_update_by,attribute1,attribute2,attribute3,attribute4,attribute5,attribute6,attribute7,attribute8,attribute9,attribute10,attribute11,attribute12,attribute13,attribute14,attribute15) VALUES
	 (51,'DocumentAccount','fin/generalLedger/import',NULL,NULL,NULL,NULL,NULL,NULL,current_date,'riteadmin',current_date,'riteadmin',NULL,NULL,NULL,NULL,NULL,NULL,NULL,NULL,NULL,NULL,NULL,NULL,NULL,NULL,NULL),
	 (51,'DocumentSecurityGroup','FAFusionImportExport',NULL,NULL,NULL,NULL,NULL,NULL,current_date,'riteadmin',current_date,'riteadmin',NULL,NULL,NULL,NULL,NULL,NULL,NULL,NULL,NULL,NULL,NULL,NULL,NULL,NULL,NULL),
	 (51,'JobName','/oracle/apps/ess/financials/generalLedger/programs/common/,ImportCoaMappingRollupRules',NULL,NULL,NULL,NULL,NULL,NULL,current_date,'riteadmin',current_date,'riteadmin',NULL,NULL,NULL,NULL,NULL,NULL,NULL,NULL,NULL,NULL,NULL,NULL,NULL,NULL,NULL),
	 (51,'InterfaceDetails','71',NULL,NULL,NULL,NULL,NULL,NULL,current_date,'riteadmin',current_date,'riteadmin',NULL,NULL,NULL,NULL,NULL,NULL,NULL,NULL,NULL,NULL,NULL,NULL,NULL,NULL,NULL),
	 (51,'Sequence','1',NULL,NULL,NULL,NULL,NULL,NULL,current_date,'riteadmin',current_date,'riteadmin',NULL,NULL,NULL,NULL,NULL,NULL,NULL,NULL,NULL,NULL,NULL,NULL,NULL,NULL,NULL);


-- Segment Rollup Rules Import
INSERT INTO cr_objects (object_id, object_name, object_code, user_object_name, module_code, parent_object_id, fbdi_sheet, loader_endpoint, re_con_query, sequence_in_parent, interface_table_name, rejection_table_name, ctl_file_name, xlsm_file_name, immediate_parent, batch_size, base_tables, creation_date, created_by, last_update_date, last_update_by, attribute1, attribute2, attribute3, attribute4, attribute5, attribute6, attribute7, attribute8, attribute9, attribute10, attribute11, attribute12, attribute13, attribute14, attribute15, conversion_type,cld_template_code,cld_metadata_table_name,cld_template_name)
 VALUES (52,'Segment Rollup Rules Import', 'SEGMENT_ROLLUP_RULES_IMPORT', 'Segment Rollup Rules Import', 'FIN', 50, 'GL_COA_MAP_ROLLUP_RULES_INT','FBDI', NULL, 2, 'GL_COA_MAP_ROLLUP_RULES_INT','GL_JE_ERROR_CODES',  'GlCoaMapRollupRulesInterface', 'ChartofAccountsMappingRulesImportTemplate', NULL, 30000, 'GL_COA_MAP_ROLLUP_RULES', current_date, 'riteadmin', current_date, 'riteadmin', NULL, NULL, NULL, NULL,NULL, NULL, NULL, NULL, NULL, NULL, NULL, NULL, NULL, NULL, NULL,'DATA_MIGRATION', 'SEGMENT_ROLLUP_RULES_IMPORT', 'CR_SEGMENT_ROLLUP_RULES_IMPORT_C', 'CR_SEGMENT_ROLLUP_RULES_IMPORT_CLD');

INSERT INTO cr_object_information (object_id,info_type,info_value,info_description,additional_information1,additional_information2,additional_information3,additional_information4,additional_information5,creation_date,created_by,last_update_date,last_update_by,attribute1,attribute2,attribute3,attribute4,attribute5,attribute6,attribute7,attribute8,attribute9,attribute10,attribute11,attribute12,attribute13,attribute14,attribute15) VALUES
	 (52,'DocumentAccount','fin/generalLedger/import',NULL,NULL,NULL,NULL,NULL,NULL,current_date,'riteadmin',current_date,'riteadmin',NULL,NULL,NULL,NULL,NULL,NULL,NULL,NULL,NULL,NULL,NULL,NULL,NULL,NULL,NULL),
	 (52,'DocumentSecurityGroup','FAFusionImportExport',NULL,NULL,NULL,NULL,NULL,NULL,current_date,'riteadmin',current_date,'riteadmin',NULL,NULL,NULL,NULL,NULL,NULL,NULL,NULL,NULL,NULL,NULL,NULL,NULL,NULL,NULL),
	 (52,'JobName','/oracle/apps/ess/financials/generalLedger/programs/common/,ImportCoaMappingRollupRules',NULL,NULL,NULL,NULL,NULL,NULL,current_date,'riteadmin',current_date,'riteadmin',NULL,NULL,NULL,NULL,NULL,NULL,NULL,NULL,NULL,NULL,NULL,NULL,NULL,NULL,NULL),
	 (52,'InterfaceDetails','71',NULL,NULL,NULL,NULL,NULL,NULL,current_date,'riteadmin',current_date,'riteadmin',NULL,NULL,NULL,NULL,NULL,NULL,NULL,NULL,NULL,NULL,NULL,NULL,NULL,NULL,NULL),
	 (52,'Sequence','2',NULL,NULL,NULL,NULL,NULL,NULL,current_date,'riteadmin',current_date,'riteadmin',NULL,NULL,NULL,NULL,NULL,NULL,NULL,NULL,NULL,NULL,NULL,NULL,NULL,NULL,NULL);

-- Cross-Validation Combinations Import
INSERT INTO cr_objects (object_id, object_name, object_code, user_object_name, module_code, parent_object_id, fbdi_sheet, loader_endpoint, re_con_query, sequence_in_parent, interface_table_name, rejection_table_name, ctl_file_name, xlsm_file_name, immediate_parent, batch_size, base_tables, creation_date, created_by, last_update_date, last_update_by, attribute1, attribute2, attribute3, attribute4, attribute5, attribute6, attribute7, attribute8, attribute9, attribute10, attribute11, attribute12, attribute13, attribute14, attribute15, conversion_type,cld_template_code,cld_metadata_table_name,cld_template_name)
 VALUES (53,'Cross-Validation Combinations Import', 'CROSS_VALIDATION_COMBINATIONS_IMPORT', 'Cross-Validation Combinations Import', 'FIN', 50, 'GL_PACS_COMBINATIONS_INT','FBDI', NULL, 3, 'GL_PACS_COMBINATIONS_INT','GL_JE_ERROR_CODES',  'GlCvCombinationsInt', 'CrossValidationCombinationsImportTemplate', NULL, 30000, 'GL_PACS_COMBINATIONS', current_date, 'riteadmin', current_date, 'riteadmin', NULL, NULL, NULL, NULL,NULL, NULL, NULL, NULL, NULL, NULL, NULL, NULL, NULL, NULL, NULL,'DATA_MIGRATION', 'CROSS_VALIDATION_COMB', 'CR_CROSS_VALIDATION_COMB_C', 'CR_CROSS_VALIDATION_COMB_CLD');

INSERT INTO cr_object_information (object_id,info_type,info_value,info_description,additional_information1,additional_information2,additional_information3,additional_information4,additional_information5,creation_date,created_by,last_update_date,last_update_by,attribute1,attribute2,attribute3,attribute4,attribute5,attribute6,attribute7,attribute8,attribute9,attribute10,attribute11,attribute12,attribute13,attribute14,attribute15) VALUES
	 (53,'DocumentAccount','fin/generalLedger/import',NULL,NULL,NULL,NULL,NULL,NULL,current_date,'riteadmin',current_date,'riteadmin',NULL,NULL,NULL,NULL,NULL,NULL,NULL,NULL,NULL,NULL,NULL,NULL,NULL,NULL,NULL),
	 (53,'DocumentSecurityGroup','FAFusionImportExport',NULL,NULL,NULL,NULL,NULL,NULL,current_date,'riteadmin',current_date,'riteadmin',NULL,NULL,NULL,NULL,NULL,NULL,NULL,NULL,NULL,NULL,NULL,NULL,NULL,NULL,NULL),
	 (53,'JobName','/oracle/apps/ess/financials/generalLedger/programs/common/,ImportChartofAccountsValidationRules',NULL,NULL,NULL,NULL,NULL,NULL,current_date,'riteadmin',current_date,'riteadmin',NULL,NULL,NULL,NULL,NULL,NULL,NULL,NULL,NULL,NULL,NULL,NULL,NULL,NULL,NULL),
	 (53,'InterfaceDetails','71',NULL,NULL,NULL,NULL,NULL,NULL,current_date,'riteadmin',current_date,'riteadmin',NULL,NULL,NULL,NULL,NULL,NULL,NULL,NULL,NULL,NULL,NULL,NULL,NULL,NULL,NULL),
	 (53,'Sequence','3',NULL,NULL,NULL,NULL,NULL,NULL,current_date,'riteadmin',current_date,'riteadmin',NULL,NULL,NULL,NULL,NULL,NULL,NULL,NULL,NULL,NULL,NULL,NULL,NULL,NULL,NULL);


-- Cross-Validation Rules Import
INSERT INTO cr_objects (object_id, object_name, object_code, user_object_name, module_code, parent_object_id, fbdi_sheet, loader_endpoint, re_con_query, sequence_in_parent, interface_table_name, rejection_table_name, ctl_file_name, xlsm_file_name, immediate_parent, batch_size, base_tables, creation_date, created_by, last_update_date, last_update_by, attribute1, attribute2, attribute3, attribute4, attribute5, attribute6, attribute7, attribute8, attribute9, attribute10, attribute11, attribute12, attribute13, attribute14, attribute15, conversion_type,cld_template_code,cld_metadata_table_name,cld_template_name)
 VALUES (54,'Cross-Validation Rules Import', 'CROSS_VALIDATION_RULES_IMPORT', 'Cross-Validation Rules Import', 'FIN', 50, 'GL_CROSS_VALIDATION_RULES_INT','FBDI', NULL, 4, 'GL_CROSS_VALIDATION_RULES_INT','GL_JE_ERROR_CODES',  'GlCrossValidationRulesInt', 'CrossValidationRulesImportTemplate', NULL, 30000, NULL, current_date, 'riteadmin', current_date, 'riteadmin', NULL, NULL, NULL, NULL,NULL, NULL, NULL, NULL, NULL, NULL, NULL, NULL, NULL, NULL, NULL,'DATA_MIGRATION', 'CROSS-VALIDATION_RULES_IMPORT', 'CR_CROSS-VALIDATION_RULES_IMPORT_C', 'CR_CROSS-VALIDATION_RULES_IMPORT_CLD');

INSERT INTO cr_object_information (object_id,info_type,info_value,info_description,additional_information1,additional_information2,additional_information3,additional_information4,additional_information5,creation_date,created_by,last_update_date,last_update_by,attribute1,attribute2,attribute3,attribute4,attribute5,attribute6,attribute7,attribute8,attribute9,attribute10,attribute11,attribute12,attribute13,attribute14,attribute15) VALUES
	 (54,'DocumentAccount','fin/generalLedger/import',NULL,NULL,NULL,NULL,NULL,NULL,current_date,'riteadmin',current_date,'riteadmin',NULL,NULL,NULL,NULL,NULL,NULL,NULL,NULL,NULL,NULL,NULL,NULL,NULL,NULL,NULL),
	 (54,'DocumentSecurityGroup','FAFusionImportExport',NULL,NULL,NULL,NULL,NULL,NULL,current_date,'riteadmin',current_date,'riteadmin',NULL,NULL,NULL,NULL,NULL,NULL,NULL,NULL,NULL,NULL,NULL,NULL,NULL,NULL,NULL),
	 (54,'JobName','/oracle/apps/ess/financials/generalLedger/programs/common/,ImportChartofAccountsValidationRules',NULL,NULL,NULL,NULL,NULL,NULL,current_date,'riteadmin',current_date,'riteadmin',NULL,NULL,NULL,NULL,NULL,NULL,NULL,NULL,NULL,NULL,NULL,NULL,NULL,NULL,NULL),
	 (54,'InterfaceDetails','71',NULL,NULL,NULL,NULL,NULL,NULL,current_date,'riteadmin',current_date,'riteadmin',NULL,NULL,NULL,NULL,NULL,NULL,NULL,NULL,NULL,NULL,NULL,NULL,NULL,NULL,NULL),
	 (54,'Sequence','4',NULL,NULL,NULL,NULL,NULL,NULL,current_date,'riteadmin',current_date,'riteadmin',NULL,NULL,NULL,NULL,NULL,NULL,NULL,NULL,NULL,NULL,NULL,NULL,NULL,NULL,NULL);


-- Import Account Combinations
INSERT INTO cr_objects (object_id, object_name, object_code, user_object_name, module_code, parent_object_id, fbdi_sheet, loader_endpoint, re_con_query, sequence_in_parent, interface_table_name, rejection_table_name, ctl_file_name, xlsm_file_name, immediate_parent, batch_size, base_tables, creation_date, created_by, last_update_date, last_update_by, attribute1, attribute2, attribute3, attribute4, attribute5, attribute6, attribute7, attribute8, attribute9, attribute10, attribute11, attribute12, attribute13, attribute14, attribute15, conversion_type,cld_template_code,cld_metadata_table_name,cld_template_name)
 VALUES (55,'Import Account Combinations', 'IMPORT_ACCOUNT_COMBINATIONS', 'Import Account Combinations', 'FIN', 50, 'GL_BULK_COMBINATIONS_INT','FBDI', NULL, 5, 'GL_BULK_COMBINATIONS_INT','GL_JE_ERROR_CODES',  'GlAccountCombinationsInterface', 'AccountCombinationsImportTemplate', NULL, 30000, 'GL_CODE_COMBINATIONS', current_date, 'riteadmin', current_date, 'riteadmin', NULL, NULL, NULL, NULL,NULL, NULL, NULL, NULL, NULL, NULL, NULL, NULL, NULL, NULL, NULL,'DATA_MIGRATION', 'IMPORT_ACCOUNT_COMBINATIONS', 'CR_IMPORT_ACCOUNT_COMBINATIONS_C', 'CR_IMPORT_ACCOUNT_COMBINATIONS_CLD');

INSERT INTO cr_object_information (object_id,info_type,info_value,info_description,additional_information1,additional_information2,additional_information3,additional_information4,additional_information5,creation_date,created_by,last_update_date,last_update_by,attribute1,attribute2,attribute3,attribute4,attribute5,attribute6,attribute7,attribute8,attribute9,attribute10,attribute11,attribute12,attribute13,attribute14,attribute15) VALUES
	 (55,'DocumentAccount','fin/generalLedger/import',NULL,NULL,NULL,NULL,NULL,NULL,current_date,'riteadmin',current_date,'riteadmin',NULL,NULL,NULL,NULL,NULL,NULL,NULL,NULL,NULL,NULL,NULL,NULL,NULL,NULL,NULL),
	 (55,'DocumentSecurityGroup','FAFusionImportExport',NULL,NULL,NULL,NULL,NULL,NULL,current_date,'riteadmin',current_date,'riteadmin',NULL,NULL,NULL,NULL,NULL,NULL,NULL,NULL,NULL,NULL,NULL,NULL,NULL,NULL,NULL),
	 (55,'JobName','/oracle/apps/ess/financials/generalLedger/programs/common/,GlImportBulkAccountCombination',NULL,NULL,NULL,NULL,NULL,NULL,current_date,'riteadmin',current_date,'riteadmin',NULL,NULL,NULL,NULL,NULL,NULL,NULL,NULL,NULL,NULL,NULL,NULL,NULL,NULL,NULL),
	 (55,'InterfaceDetails','71',NULL,NULL,NULL,NULL,NULL,NULL,current_date,'riteadmin',current_date,'riteadmin',NULL,NULL,NULL,NULL,NULL,NULL,NULL,NULL,NULL,NULL,NULL,NULL,NULL,NULL,NULL),
	 (55,'Sequence','5',NULL,NULL,NULL,NULL,NULL,NULL,current_date,'riteadmin',current_date,'riteadmin',NULL,NULL,NULL,NULL,NULL,NULL,NULL,NULL,NULL,NULL,NULL,NULL,NULL,NULL,NULL);


-- Import and Calculate Daily Rates
INSERT INTO cr_objects (object_id, object_name, object_code, user_object_name, module_code, parent_object_id, fbdi_sheet, loader_endpoint, re_con_query, sequence_in_parent, interface_table_name, rejection_table_name, ctl_file_name, xlsm_file_name, immediate_parent, batch_size, base_tables, creation_date, created_by, last_update_date, last_update_by, attribute1, attribute2, attribute3, attribute4, attribute5, attribute6, attribute7, attribute8, attribute9, attribute10, attribute11, attribute12, attribute13, attribute14, attribute15, conversion_type,cld_template_code,cld_metadata_table_name,cld_template_name) 
VALUES (56,'Import and Calculate Daily Rates', 'IMPORT_AND_CALCULATE_DAILY_RATES', 'Import and Calculate Daily Rates', 'FIN', 50, 'GL_DAILY_RATES_INTERFACE','FBDI', NULL, 6, 'GL_DAILY_RATES_INTERFACE','GL_JE_ERROR_CODES',  'GlDailyRatesInterface', 'DailyRatesImportTemplate', NULL, 30000, 'GL_DAILY_RATES', current_date, 'riteadmin', current_date, 'riteadmin', NULL, NULL, NULL, NULL,NULL, NULL, NULL, NULL, NULL, NULL, NULL, NULL, NULL, NULL, NULL,'DATA_MIGRATION', 'IMP_AND_CALCULATE_DAILY_RATES', 'CR_IMP_AND_CALCULATE_DAILY_RATES_C', 'CR_IMP_AND_CALCULATE_DAILY_RATES_CLD');
	 
INSERT INTO cr_object_information (object_id,info_type,info_value,info_description,additional_information1,additional_information2,additional_information3,additional_information4,additional_information5,creation_date,created_by,last_update_date,last_update_by,attribute1,attribute2,attribute3,attribute4,attribute5,attribute6,attribute7,attribute8,attribute9,attribute10,attribute11,attribute12,attribute13,attribute14,attribute15) VALUES
	 (56,'DocumentAccount','fin/generalLedger/import',NULL,NULL,NULL,NULL,NULL,NULL,current_date,'riteadmin',current_date,'riteadmin',NULL,NULL,NULL,NULL,NULL,NULL,NULL,NULL,NULL,NULL,NULL,NULL,NULL,NULL,NULL),
	 (56,'DocumentSecurityGroup','FAFusionImportExport',NULL,NULL,NULL,NULL,NULL,NULL,current_date,'riteadmin',current_date,'riteadmin',NULL,NULL,NULL,NULL,NULL,NULL,NULL,NULL,NULL,NULL,NULL,NULL,NULL,NULL,NULL),
	 (56,'JobName','/oracle/apps/ess/financials/generalLedger/programs/common/,DailyRatesImport',NULL,NULL,NULL,NULL,NULL,NULL,current_date,'riteadmin',current_date,'riteadmin',NULL,NULL,NULL,NULL,NULL,NULL,NULL,NULL,NULL,NULL,NULL,NULL,NULL,NULL,NULL),
	 (56,'InterfaceDetails','71',NULL,NULL,NULL,NULL,NULL,NULL,current_date,'riteadmin',current_date,'riteadmin',NULL,NULL,NULL,NULL,NULL,NULL,NULL,NULL,NULL,NULL,NULL,NULL,NULL,NULL,NULL),
     (56,'SQL_EXTRACTION_QUERY','SELECT
    gdr.from_currency                           from_currency,
    gdr.to_currency                             to_currency,
    to_char(gdr.creation_date, ''YYYY/MM/DD'')    from_conversion_date,
    to_char(gdr.last_update_date, ''YYYY/MM/DD'') to_conversion_date,
    ''Corporate''                                 user_conversion_type,
    glr.conversion_rate                         conversion_rate,
    NULL                                        inverse_conversion_rate,
    NULL                                        attribute_category,
    glr.attribute1,
    glr.attribute2,
    glr.attribute3,
    glr.attribute4,
    glr.attribute5,
    glr.attribute6,
    glr.attribute7,
    glr.attribute8,
    glr.attribute9,
    glr.attribute10,
    glr.attribute11,
    glr.attribute12,
    glr.attribute13,
    glr.attribute14,
    glr.attribute15,
    NULL                                        attribute_date1,
    NULL                                        attribute_date2,
    NULL                                        attribute_date3,
    NULL                                        attribute_date4,
    NULL                                        attribute_number1,
    NULL                                        attribute_number2,
    NULL                                        attribute_number3,
    NULL                                        attribute_number4,
    NULL                                        attribute_number5
FROM
    gl_cross_rate_rule_dtls gdr,
    gl_daily_rates          glr
WHERE
    gdr.conversion_type = glr.conversion_type (+)','',NULL,NULL,NULL,NULL,NULL,current_date,'riteadmin',current_date,'riteadmin',NULL,NULL,NULL,NULL,NULL,NULL,NULL,NULL,NULL,NULL,NULL,NULL,NULL,NULL,NULL),
	(56,'Sequence','6',NULL,NULL,NULL,NULL,NULL,NULL,current_date,'riteadmin',current_date,'riteadmin',NULL,NULL,NULL,NULL,NULL,NULL,NULL,NULL,NULL,NULL,NULL,NULL,NULL,NULL,NULL);


-- Import General Ledger Budget Balances
INSERT INTO cr_objects (object_id, object_name, object_code, user_object_name, module_code, parent_object_id, fbdi_sheet, loader_endpoint, re_con_query, sequence_in_parent, interface_table_name, rejection_table_name, ctl_file_name, xlsm_file_name, immediate_parent, batch_size, base_tables, creation_date, created_by, last_update_date, last_update_by, attribute1, attribute2, attribute3, attribute4, attribute5, attribute6, attribute7, attribute8, attribute9, attribute10, attribute11, attribute12, attribute13, attribute14, attribute15, conversion_type,cld_template_code,cld_metadata_table_name,cld_template_name) 
VALUES (57,'Import General Ledger Budget Balances', 'IMPORT_GENERAL_LEDGER_BUDGET_BALANCES', 'Import General Ledger Budget Balances', 'FIN', 50, 'GL_BUDGET_INTERFACE','FBDI', NULL, 7, 'GL_BUDGET_INTERFACE','GL_JE_ERROR_CODES',  'GlBudgetInterface', 'GeneralLedgerBudgetBalanceImportTemplate', NULL, 30000, 'GL_BUDGET_BALANCES', current_date, 'riteadmin', current_date, 'riteadmin', NULL, NULL, NULL, NULL,NULL, NULL, NULL, NULL, NULL, NULL, NULL, NULL, NULL, NULL, NULL,'DATA_MIGRATION', 'IMP_GL_BUDGET_BALANCES', 'CR_IMP_GL_BUDGET_BALANCES_C', 'CR_IMP_GL_BUDGET_BALANCES_CLD');

INSERT INTO cr_object_information (object_id,info_type,info_value,info_description,additional_information1,additional_information2,additional_information3,additional_information4,additional_information5,creation_date,created_by,last_update_date,last_update_by,attribute1,attribute2,attribute3,attribute4,attribute5,attribute6,attribute7,attribute8,attribute9,attribute10,attribute11,attribute12,attribute13,attribute14,attribute15) VALUES
	 (57,'DocumentAccount','fin/generalLedgerBudgetBalance/import',NULL,NULL,NULL,NULL,NULL,NULL,current_date,'riteadmin',current_date,'riteadmin',NULL,NULL,NULL,NULL,NULL,NULL,NULL,NULL,NULL,NULL,NULL,NULL,NULL,NULL,NULL),
	 (57,'DocumentSecurityGroup','FAFusionImportExport',NULL,NULL,NULL,NULL,NULL,NULL,current_date,'riteadmin',current_date,'riteadmin',NULL,NULL,NULL,NULL,NULL,NULL,NULL,NULL,NULL,NULL,NULL,NULL,NULL,NULL,NULL),
	 (57,'JobName','/oracle/apps/ess/financials/generalLedger/ledgers/ledgerDefinitions/,ValidateAndLoadBudgets',NULL,NULL,NULL,NULL,NULL,NULL,current_date,'riteadmin',current_date,'riteadmin',NULL,NULL,NULL,NULL,NULL,NULL,NULL,NULL,NULL,NULL,NULL,NULL,NULL,NULL,NULL),
	 (57,'InterfaceDetails','71',NULL,NULL,NULL,NULL,NULL,NULL,current_date,'riteadmin',current_date,'riteadmin',NULL,NULL,NULL,NULL,NULL,NULL,NULL,NULL,NULL,NULL,NULL,NULL,NULL,NULL,NULL),
	 (57,'Sequence','7',NULL,NULL,NULL,NULL,NULL,NULL,current_date,'riteadmin',current_date,'riteadmin',NULL,NULL,NULL,NULL,NULL,NULL,NULL,NULL,NULL,NULL,NULL,NULL,NULL,NULL,NULL);

-- Import Historical Rates
INSERT INTO cr_objects (object_id, object_name, object_code, user_object_name, module_code, parent_object_id, fbdi_sheet, loader_endpoint, re_con_query, sequence_in_parent, interface_table_name, rejection_table_name, ctl_file_name, xlsm_file_name, immediate_parent, batch_size, base_tables, creation_date, created_by, last_update_date, last_update_by, attribute1, attribute2, attribute3, attribute4, attribute5, attribute6, attribute7, attribute8, attribute9, attribute10, attribute11, attribute12, attribute13, attribute14, attribute15, conversion_type,cld_template_code,cld_metadata_table_name,cld_template_name) 
VALUES (58,'Import Historical Rates', 'IMPORT_HISTORICAL_RATES', 'Import Historical Rates', 'FIN', 50, 'GL_HISTORICAL_RATES_INT','FBDI', NULL, 8, 'GL_HISTORICAL_RATES_INT','GL_JE_ERROR_CODES',  'GlHistoricalRatesInterface', 'GlHistoricalRatesImportTemplate', NULL, 30000, 'GL_HISTORICAL_RATES', current_date, 'riteadmin', current_date, 'riteadmin', NULL, NULL, NULL, NULL,NULL, NULL, NULL, NULL, NULL, NULL, NULL, NULL, NULL, NULL, NULL,'DATA_MIGRATION', 'IMPORT_HISTORICAL_RATES', 'CR_IMPORT_HISTORICAL_RATES_C', 'CR_IMPORT_HISTORICAL_RATES_CLD');

INSERT INTO cr_object_information (object_id,info_type,info_value,info_description,additional_information1,additional_information2,additional_information3,additional_information4,additional_information5,creation_date,created_by,last_update_date,last_update_by,attribute1,attribute2,attribute3,attribute4,attribute5,attribute6,attribute7,attribute8,attribute9,attribute10,attribute11,attribute12,attribute13,attribute14,attribute15) VALUES
	 (58,'DocumentAccount','fin/generalLedger/import',NULL,NULL,NULL,NULL,NULL,NULL,current_date,'riteadmin',current_date,'riteadmin',NULL,NULL,NULL,NULL,NULL,NULL,NULL,NULL,NULL,NULL,NULL,NULL,NULL,NULL,NULL),
	 (58,'DocumentSecurityGroup','FAFusionImportExport',NULL,NULL,NULL,NULL,NULL,NULL,current_date,'riteadmin',current_date,'riteadmin',NULL,NULL,NULL,NULL,NULL,NULL,NULL,NULL,NULL,NULL,NULL,NULL,NULL,NULL,NULL),
	 (58,'JobName','/oracle/apps/ess/financials/generalLedger/programs/common/,AssignHistoricalRates',NULL,NULL,NULL,NULL,NULL,NULL,current_date,'riteadmin',current_date,'riteadmin',NULL,NULL,NULL,NULL,NULL,NULL,NULL,NULL,NULL,NULL,NULL,NULL,NULL,NULL,NULL),
	 (58,'InterfaceDetails','71',NULL,NULL,NULL,NULL,NULL,NULL,current_date,'riteadmin',current_date,'riteadmin',NULL,NULL,NULL,NULL,NULL,NULL,NULL,NULL,NULL,NULL,NULL,NULL,NULL,NULL,NULL),
	 (58,'Sequence','8',NULL,NULL,NULL,NULL,NULL,NULL,current_date,'riteadmin',current_date,'riteadmin',NULL,NULL,NULL,NULL,NULL,NULL,NULL,NULL,NULL,NULL,NULL,NULL,NULL,NULL,NULL);



-- Segment Hierarchies Import
INSERT INTO cr_objects (object_id, object_name, object_code, user_object_name, module_code, parent_object_id, fbdi_sheet, loader_endpoint, re_con_query, sequence_in_parent, interface_table_name, rejection_table_name, ctl_file_name, xlsm_file_name, immediate_parent, batch_size, base_tables, creation_date, created_by, last_update_date, last_update_by, attribute1, attribute2, attribute3, attribute4, attribute5, attribute6, attribute7, attribute8, attribute9, attribute10, attribute11, attribute12, attribute13, attribute14, attribute15, conversion_type,cld_template_code,cld_metadata_table_name,cld_template_name) 
VALUES (59,'Segment Hierarchies Import', 'SEGMENT_HIERARCHIES_IMPORT', 'Segment Hierarchies Import', 'FIN', 50, 'GL_SEGMENT_HIER_INTERFACE','FBDI', NULL, 9, 'GL_SEGMENT_HIER_INTERFACE','GL_JE_ERROR_CODES',  'GlSegmentHierInterface', 'ChartofAccountsSegmentValuesandHierarchiesImportTemplate', NULL, 30000, 'GL_SEGMENT_FREQUENCIES', current_date, 'riteadmin', current_date, 'riteadmin', NULL, NULL, NULL, NULL,NULL, NULL, NULL, NULL, NULL, NULL, NULL, NULL, NULL, NULL, NULL,'DATA_MIGRATION', 'SEGMENT_HIERARCHIES_IMPORT', 'CR_SEGMENT_HIERARCHIES_IMPORT_C', 'CR_SEGMENT_HIERARCHIES_IMPORT_CLD');

INSERT INTO cr_object_information (object_id,info_type,info_value,info_description,additional_information1,additional_information2,additional_information3,additional_information4,additional_information5,creation_date,created_by,last_update_date,last_update_by,attribute1,attribute2,attribute3,attribute4,attribute5,attribute6,attribute7,attribute8,attribute9,attribute10,attribute11,attribute12,attribute13,attribute14,attribute15) VALUES
	 (59,'DocumentAccount','fin/generalLedger/import',NULL,NULL,NULL,NULL,NULL,NULL,current_date,'riteadmin',current_date,'riteadmin',NULL,NULL,NULL,NULL,NULL,NULL,NULL,NULL,NULL,NULL,NULL,NULL,NULL,NULL,NULL),
	 (59,'DocumentSecurityGroup','FAFusionImportExport',NULL,NULL,NULL,NULL,NULL,NULL,current_date,'riteadmin',current_date,'riteadmin',NULL,NULL,NULL,NULL,NULL,NULL,NULL,NULL,NULL,NULL,NULL,NULL,NULL,NULL,NULL),
	 (59,'JobName','/oracle/apps/ess/financials/generalLedger/programs/masterData/,LoadSegValAndHierData',NULL,NULL,NULL,NULL,NULL,NULL,current_date,'riteadmin',current_date,'riteadmin',NULL,NULL,NULL,NULL,NULL,NULL,NULL,NULL,NULL,NULL,NULL,NULL,NULL,NULL,NULL),
	 (59,'InterfaceDetails','71',NULL,NULL,NULL,NULL,NULL,NULL,current_date,'riteadmin',current_date,'riteadmin',NULL,NULL,NULL,NULL,NULL,NULL,NULL,NULL,NULL,NULL,NULL,NULL,NULL,NULL,NULL),
	 (59,'Sequence','9',NULL,NULL,NULL,NULL,NULL,NULL,current_date,'riteadmin',current_date,'riteadmin',NULL,NULL,NULL,NULL,NULL,NULL,NULL,NULL,NULL,NULL,NULL,NULL,NULL,NULL,NULL);


-- Segment Values Import
INSERT INTO cr_objects (object_id, object_name, object_code, user_object_name, module_code, parent_object_id, fbdi_sheet, loader_endpoint, re_con_query, sequence_in_parent, interface_table_name, rejection_table_name, ctl_file_name, xlsm_file_name, immediate_parent, batch_size, base_tables, creation_date, created_by, last_update_date, last_update_by, attribute1, attribute2, attribute3, attribute4, attribute5, attribute6, attribute7, attribute8, attribute9, attribute10, attribute11, attribute12, attribute13, attribute14, attribute15, conversion_type,cld_template_code,cld_metadata_table_name,cld_template_name) 
VALUES (60,'Segment Values Import', 'SEGMENT_VALUES_IMPORT', 'Segment Values Import', 'FIN', 50, 'GL_SEGMENT_VALUES_INTERFACE','FBDI', NULL, 10, 'GL_SEGMENT_VALUES_INTERFACE','GL_JE_ERROR_CODES',  'GlSegmentValuesInterface', 'ChartofAccountsSegmentValuesandHierarchiesImportTemplate', NULL, 30000, 'GL_SEGMENT_FREQUENCIES', current_date, 'riteadmin', current_date, 'riteadmin', NULL, NULL, NULL, NULL,NULL, NULL, NULL, NULL, NULL, NULL, NULL, NULL, NULL, NULL, NULL,'DATA_MIGRATION', 'SEGMENT_VALUES_IMPORT', 'CR_SEGMENT_VALUES_IMPORT_C', 'CR_SEGMENT_VALUES_IMPORT_CLD');

INSERT INTO cr_object_information (object_id,info_type,info_value,info_description,additional_information1,additional_information2,additional_information3,additional_information4,additional_information5,creation_date,created_by,last_update_date,last_update_by,attribute1,attribute2,attribute3,attribute4,attribute5,attribute6,attribute7,attribute8,attribute9,attribute10,attribute11,attribute12,attribute13,attribute14,attribute15) VALUES
	 (60,'DocumentAccount','fin/generalLedger/import',NULL,NULL,NULL,NULL,NULL,NULL,current_date,'riteadmin',current_date,'riteadmin',NULL,NULL,NULL,NULL,NULL,NULL,NULL,NULL,NULL,NULL,NULL,NULL,NULL,NULL,NULL),
	 (60,'DocumentSecurityGroup','FAFusionImportExport',NULL,NULL,NULL,NULL,NULL,NULL,current_date,'riteadmin',current_date,'riteadmin',NULL,NULL,NULL,NULL,NULL,NULL,NULL,NULL,NULL,NULL,NULL,NULL,NULL,NULL,NULL),
	 (60,'JobName','/oracle/apps/ess/financials/generalLedger/programs/masterData/,LoadSegValAndHierData',NULL,NULL,NULL,NULL,NULL,NULL,current_date,'riteadmin',current_date,'riteadmin',NULL,NULL,NULL,NULL,NULL,NULL,NULL,NULL,NULL,NULL,NULL,NULL,NULL,NULL,NULL),
	 (60,'InterfaceDetails','71',NULL,NULL,NULL,NULL,NULL,NULL,current_date,'riteadmin',current_date,'riteadmin',NULL,NULL,NULL,NULL,NULL,NULL,NULL,NULL,NULL,NULL,NULL,NULL,NULL,NULL,NULL),
	 (60,'Sequence','10',NULL,NULL,NULL,NULL,NULL,NULL,current_date,'riteadmin',current_date,'riteadmin',NULL,NULL,NULL,NULL,NULL,NULL,NULL,NULL,NULL,NULL,NULL,NULL,NULL,NULL,NULL);


-- Journal Import
INSERT INTO cr_objects (object_id, object_name, object_code, user_object_name, module_code, parent_object_id, fbdi_sheet, loader_endpoint, re_con_query, sequence_in_parent, interface_table_name, rejection_table_name, ctl_file_name, xlsm_file_name, immediate_parent, batch_size, base_tables, creation_date, created_by, last_update_date, last_update_by, attribute1, attribute2, attribute3, attribute4, attribute5, attribute6, attribute7, attribute8, attribute9, attribute10, attribute11, attribute12, attribute13, attribute14, attribute15, conversion_type,cld_template_code,cld_metadata_table_name,cld_template_name) 
VALUES (61,'Journal Import', 'JOURNAL_IMPORT', 'Journal Import', 'FIN', 50, 'GL_INTERFACE','FBDI', NULL, 11, 'GL_INTERFACE','GL_JE_ERROR_CODES',  'GlInterface', 'JournalImportTemplate', NULL, 30000, 'GL_IMPORT_REFERENCES', current_date, 'riteadmin', current_date, 'riteadmin', NULL, NULL, NULL, NULL,NULL, NULL, NULL, NULL, NULL, NULL, NULL, NULL, NULL, NULL, NULL,'DATA_MIGRATION', 'JOURNAL_IMPORT', 'CR_JOURNAL_IMPORT_C', 'CR_JOURNAL_IMPORT_CLD');


INSERT INTO cr_object_information (object_id,info_type,info_value,info_description,additional_information1,additional_information2,additional_information3,additional_information4,additional_information5,creation_date,created_by,last_update_date,last_update_by,attribute1,attribute2,attribute3,attribute4,attribute5,attribute6,attribute7,attribute8,attribute9,attribute10,attribute11,attribute12,attribute13,attribute14,attribute15) VALUES
	 (61,'Sequence','11',NULL,NULL,NULL,NULL,NULL,NULL,current_date,'riteadmin',current_date,'riteadmin',NULL,NULL,NULL,NULL,NULL,NULL,NULL,NULL,NULL,NULL,NULL,NULL,NULL,NULL,NULL),
	 (61,'DocumentAccount','fin/generalLedger/import',NULL,NULL,NULL,NULL,NULL,NULL,current_date,'riteadmin',current_date,'riteadmin',NULL,NULL,NULL,NULL,NULL,NULL,NULL,NULL,NULL,NULL,NULL,NULL,NULL,NULL,NULL),
	 (61,'DocumentSecurityGroup','FAFusionImportExport',NULL,NULL,NULL,NULL,NULL,NULL,current_date,'riteadmin',current_date,'riteadmin',NULL,NULL,NULL,NULL,NULL,NULL,NULL,NULL,NULL,NULL,NULL,NULL,NULL,NULL,NULL),
	 (61,'JobName','/oracle/apps/ess/financials/generalLedger/programs/common/,JournalImportLauncher',NULL,NULL,NULL,NULL,NULL,NULL,current_date,'riteadmin',current_date,'riteadmin',NULL,NULL,NULL,NULL,NULL,NULL,NULL,NULL,NULL,NULL,NULL,NULL,NULL,NULL,NULL),
	 (61,'InterfaceDetails','15',NULL,NULL,NULL,NULL,NULL,NULL,current_date,'riteadmin',current_date,'riteadmin',NULL,NULL,NULL,NULL,NULL,NULL,NULL,NULL,NULL,NULL,NULL,NULL,NULL,NULL,NULL),
	 (61,'CCID Column Name','ATTRIBUTE20','','',NULL,NULL,NULL,NULL,current_date,'riteadmin',current_date,'riteadmin',NULL,NULL,NULL,NULL,NULL,NULL,NULL,NULL,NULL,NULL,NULL,NULL,NULL,NULL,NULL),
	 (61,'Ledger Column Name','LEDGER_NAME','','',NULL,NULL,NULL,NULL,current_date,'riteadmin',current_date,'riteadmin',NULL,NULL,NULL,NULL,NULL,NULL,NULL,NULL,NULL,NULL,NULL,NULL,NULL,NULL,NULL),
	 (61,'RECON_CLOUD_SUCCESS','SELECT  base_gjh.Ledger_id ,base_gjh.JE_SOURCE ,base_gjh.JE_CATEGORY ,base_gjb.NAME AS BATCH_NAME ,base_gjh.NAME AS JOURNAL_NAME   from gl_je_headers  base_gjh ,GL_JE_BATCHES  base_gjb ,GL_INTERFACE int ,:cld_stg_table cld_stg ,:src_stg_table src_stg where  base_gjh.JE_BATCH_ID=base_gjb.JE_BATCH_ID  AND cld_stg.orig_trans_id = int.attribute20 AND src_stg_stg.cr_batch_name = cld_stg.cr_batch_name AND int.interface_status = ''P'' AND cld_stg.cr_batch_name ='':cr_batch_name'' AND int.load_request_id =’:load_request_id’ AND src_stg_stg.orig_trans_id = cld_stg.orig_trans_id;','','',NULL,NULL,NULL,NULL,current_date,'riteadmin',current_date,'riteadmin',NULL,NULL,NULL,NULL,NULL,NULL,NULL,NULL,NULL,NULL,NULL,NULL,NULL,NULL,NULL),
	 (61,'RECON_CLOUD_FAIL','SELECT 	:cld_cols ||'',''||      ''"''    || SELECT 	GJL.STATUS_DESCRIPTION ERROR_MESSAGE AS error_msg 	FROM 	GL_INTERFACE GJL, 	:cld_stg_table cld_stg,   :src_stg_stg_table src_stg_stg WHERE   1 = 1   AND GJL.REFERENCE10 = src_stg.COMPANY || ''.'' || src_stg.BUSINESS_UNIT || ''.'' || src_stg.ACCOUNT || ''.'' || src_stg.SUBSIDIARY || '' ACC_CAT_3:'' || NVL(src_stg.ACC_CATEGORY_3, '''') || '' ACC_CAT_21:'' || NVL(src_stg.ACC_CATEGORY_21, '''') || '' ACC_CAT_22:'' || NVL(src_stg.ACC_CATEGORY_22, '''') || '' BU_CAT_20:'' || NVL(src_stg.BU_CATEGORY_20, '''')   AND src_stg.VALIDATION_FLAG = ''VS''   AND src_stg.CR_BATCH_NAME = '':cr_batch_name''     AND cld_stg.cr_batch_name = '':cr_batch_name''   AND rila.load_request_id = :load_request_id   AND src_stg.orig_trans_id = cld_stg.orig_trans_id;','','',NULL,NULL,NULL,NULL,current_date,'riteadmin',current_date,'riteadmin',NULL,NULL,NULL,NULL,NULL,NULL,NULL,NULL,NULL,NULL,NULL,NULL,NULL,NULL,NULL),
	 (61,'SQL_EXTRACTION_QUERY','SELECT
  NULL batch_identifier,
  NULL party_original_system,
  orig_system_reference "Party_Original_system_ref",
  NULL insert_update_indicator,
  party_type party_type,
  party_number party_number,
  NULL salutation,
  NULL party_usage_code,
  jgzz_fiscal_code taxpayer_identification_number,
  party_name organization_name,
  duns_number_c duns_number,
  person_first_name,
  person_last_name,
  NULL person_last_name_prefix,
  NULL person_second_last_name,
  person_middle_name,
  person_name_suffix,
  person_title,
  attribute_category "User_Defined_Context_Prompt",
  attribute1 "Descriptive_Flexfield_Segment1",
  attribute2 "Descriptive_Flexfield_Segment2",
  attribute3 "Descriptive_Flexfield_Segment3",
  attribute4 "Descriptive_Flexfield_Segment4",
  attribute5 "Descriptive_Flexfield_Segment5",
  attribute6 "Descriptive_Flexfield_Segment6",
  attribute7 "Descriptive_Flexfield_Segment7",
  attribute8 "Descriptive_Flexfield_Segment8",
  attribute9 "Descriptive_Flexfield_Segment9",
  attribute10 "DFF_Segment10",
  attribute11 "DFF_Segment11",
  attribute12 "DFF_Segment12",
  attribute13 "DFF_Segment13",
  attribute14 "DFF_Segment14",
  attribute15 "DFF_Segment15",
  attribute16 "DFF_Segment16",
  attribute17 "DFF_Segment17",
  attribute18 "DFF_Segment18",
  attribute19 "DFF_Segment19",
  attribute20 "DFF_Segment20",
  attribute21 "DFF_Segment21",
  attribute22 "DFF_Segment22",
  attribute23 "DFF_Segment23",
  attribute24 "DFF_Segment24",
  NULL "DFF_Segment25",
  NULL "DFF_Segment26",
  NULL "DFF_Segment27",
  NULL "DFF_Segment28",
  NULL "DFF_Segment29",
  NULL "DFF_Segment30" --,party_id
FROM
  hz_parties --where party_name=''World of Business'';
  has context menu
','',NULL,NULL,NULL,NULL,NULL,current_date,'riteadmin',current_date,'riteadmin',NULL,NULL,NULL,NULL,NULL,NULL,NULL,NULL,NULL,NULL,NULL,NULL,NULL,NULL,NULL);
---checked above


---Fixed Assets
INSERT INTO cr_objects (object_id, object_name, object_code, user_object_name, module_code, parent_object_id, fbdi_sheet, loader_endpoint, re_con_query, sequence_in_parent, interface_table_name, rejection_table_name, ctl_file_name, xlsm_file_name, immediate_parent, batch_size, base_tables, creation_date, created_by, last_update_date, last_update_by, attribute1, attribute2, attribute3, attribute4, attribute5, attribute6, attribute7, attribute8, attribute9, attribute10, attribute11, attribute12, attribute13, attribute14, attribute15, conversion_type,cld_template_code,cld_metadata_table_name,cld_template_name) 
VALUES (62,'Asset Mass Revaluations', 'ASSET_MASS_REVALUATIONS', 'Asset Mass Revaluations', 'FIN', NULL, '','FBDI', NULL, NULL, '','',  '', '', NULL, 30000, NULL, current_date, 'riteadmin', current_date, 'riteadmin', NULL, NULL, NULL, NULL,NULL, NULL, NULL, NULL, NULL, NULL, NULL, NULL, NULL, NULL, NULL,'DATA_MIGRATION', NULL, NULL, NULL);
INSERT INTO cr_objects (object_id, object_name, object_code, user_object_name, module_code, parent_object_id, fbdi_sheet, loader_endpoint, re_con_query, sequence_in_parent, interface_table_name, rejection_table_name, ctl_file_name, xlsm_file_name, immediate_parent, batch_size, base_tables, creation_date, created_by, last_update_date, last_update_by, attribute1, attribute2, attribute3, attribute4, attribute5, attribute6, attribute7, attribute8, attribute9, attribute10, attribute11, attribute12, attribute13, attribute14, attribute15, conversion_type,cld_template_code,cld_metadata_table_name,cld_template_name)
VALUES (63,'Fixed Asset Mass Revaluations Import', 'FIXED_ASSET_MASS_REVALUATIONS_IMPORT', 'Fixed Asset Mass Revaluations Import', 'FIN', 62, 'FA_ADJUSTMENTS_T','FBDI', NULL, 1, 'FA_ADJUSTMENTS_T','',  'FaAdjustmentsT', 'FixedAssetMassRevaluationsImportTemplate', NULL, 30000, 'FA_ADJUSTMENTS', current_date, 'riteadmin', current_date, 'riteadmin', NULL, NULL, NULL, NULL,NULL, NULL, NULL, NULL, NULL, NULL, NULL, NULL, NULL, NULL, NULL,'DATA_MIGRATION', 'FIXED_ASSET_MASS_REVALUATIONS', 'CR_FIXED_ASSET_MASS_REVALUATIONS_C', 'CR_FIXED_ASSET_MASS_REVALUATIONS_CLD');

INSERT INTO cr_object_information (object_id,info_type,info_value,info_description,additional_information1,additional_information2,additional_information3,additional_information4,additional_information5,creation_date,created_by,last_update_date,last_update_by,attribute1,attribute2,attribute3,attribute4,attribute5,attribute6,attribute7,attribute8,attribute9,attribute10,attribute11,attribute12,attribute13,attribute14,attribute15) VALUES
	(63,'Sequence','1','','',NULL,NULL,NULL,NULL,current_date,'riteadmin',current_date,'riteadmin',NULL,NULL,NULL,NULL,NULL,NULL,NULL,NULL,NULL,NULL,NULL,NULL,NULL,NULL,NULL),
    (63,'JobName','/oracle/apps/ess/financials/assets/adjustments/workArea/,PostMassFinTransactions','','',NULL,NULL,NULL,NULL,current_date,'riteadmin',current_date,'riteadmin',NULL,NULL,NULL,NULL,NULL,NULL,NULL,NULL,NULL,NULL,NULL,NULL,NULL,NULL,NULL),
	(63,'DocumentAccount','fin/fixedAsset/import','','',NULL,NULL,NULL,NULL,current_date,'riteadmin',current_date,'riteadmin',NULL,NULL,NULL,NULL,NULL,NULL,NULL,NULL,NULL,NULL,NULL,NULL,NULL,NULL,NULL),
	(63,'DocumentSecurityGroup','FAFusionImportExport','','',NULL,NULL,NULL,NULL,current_date,'riteadmin',current_date,'riteadmin',NULL,NULL,NULL,NULL,NULL,NULL,NULL,NULL,NULL,NULL,NULL,NULL,NULL,NULL,NULL),
	(63,'InterfaceDetails','12','','',NULL,NULL,NULL,NULL,current_date,'riteadmin',current_date,'riteadmin',NULL,NULL,NULL,NULL,NULL,NULL,NULL,NULL,NULL,NULL,NULL,NULL,NULL,NULL,NULL);


-- Item
INSERT INTO cr_objects (object_id, object_name, object_code, user_object_name, module_code, parent_object_id, fbdi_sheet, loader_endpoint, re_con_query, sequence_in_parent, interface_table_name, rejection_table_name, ctl_file_name, xlsm_file_name, immediate_parent, batch_size, base_tables, creation_date, created_by, last_update_date, last_update_by, attribute1, attribute2, attribute3, attribute4, attribute5, attribute6, attribute7, attribute8, attribute9, attribute10, attribute11, attribute12, attribute13, attribute14, attribute15, conversion_type,cld_template_code,cld_metadata_table_name,cld_template_name) 
VALUES (64,'Item', 'ITEM', 'Item', 'SCM', NULL, '','FBDI', NULL, NULL, '','',  '', '', NULL, 30000, NULL, current_date, 'riteadmin', current_date, 'riteadmin', NULL, NULL, NULL, NULL,NULL, NULL, NULL, NULL, NULL, NULL, NULL, NULL, NULL, NULL, NULL,'DATA_MIGRATION', NULL, NULL, NULL);

-- Items Import
INSERT INTO cr_objects (object_id, object_name, object_code, user_object_name, module_code, parent_object_id, fbdi_sheet, loader_endpoint, re_con_query, sequence_in_parent, interface_table_name, rejection_table_name, ctl_file_name, xlsm_file_name, immediate_parent, batch_size, base_tables, creation_date, created_by, last_update_date, last_update_by, attribute1, attribute2, attribute3, attribute4, attribute5, attribute6, attribute7, attribute8, attribute9, attribute10, attribute11, attribute12, attribute13, attribute14, attribute15, conversion_type,cld_template_code,cld_metadata_table_name,cld_template_name) 
VALUES (65,'Items Import', 'ITEMS_IMPORT', 'Items Import', 'SCM', 64, 'EGP_SYSTEM_ITEMS_INTERFACE','FBDI', NULL, 1, 'EGP_SYSTEM_ITEMS_INTERFACE','EGP_IMPORT_ERRORS',  'EgpSystemItemsInterface', 'ItemImportTemplate', NULL, 30000, 'EGP_SYSTEM_ITEMS_B', current_date, 'riteadmin', current_date, 'riteadmin', NULL, NULL, NULL, NULL,NULL, NULL, NULL, NULL, NULL, NULL, NULL, NULL, NULL, NULL, NULL,'DATA_MIGRATION', 'ITEMS_IMPORT', 'CR_ITEMS_IMPORT_C', 'CR_ITEMS_IMPORT_CLD');

INSERT INTO cr_object_information (object_id,info_type,info_value,info_description,additional_information1,additional_information2,additional_information3,additional_information4,additional_information5,creation_date,created_by,last_update_date,last_update_by,attribute1,attribute2,attribute3,attribute4,attribute5,attribute6,attribute7,attribute8,attribute9,attribute10,attribute11,attribute12,attribute13,attribute14,attribute15) VALUES
	 (65,'Sequence','1',NULL,NULL,NULL,NULL,NULL,NULL,current_date,'riteadmin',current_date,'riteadmin',NULL,NULL,NULL,NULL,NULL,NULL,NULL,NULL,NULL,NULL,NULL,NULL,NULL,NULL,NULL),
     (65,'DocumentAccount','scm/item/import',NULL,NULL,NULL,NULL,NULL,NULL,current_date,'riteadmin',current_date,'riteadmin',NULL,NULL,NULL,NULL,NULL,NULL,NULL,NULL,NULL,NULL,NULL,NULL,NULL,NULL,NULL),
	 (65,'DocumentSecurityGroup','FAFusionImportExport',NULL,NULL,NULL,NULL,NULL,NULL,current_date,'riteadmin',current_date,'riteadmin',NULL,NULL,NULL,NULL,NULL,NULL,NULL,NULL,NULL,NULL,NULL,NULL,NULL,NULL,NULL),
	 (65,'JobName','/oracle/apps/ess/scm/productModel/items/,ItemImportJobDef',NULL,NULL,NULL,NULL,NULL,NULL,current_date,'riteadmin',current_date,'riteadmin',NULL,NULL,NULL,NULL,NULL,NULL,NULL,NULL,NULL,NULL,NULL,NULL,NULL,NULL,NULL),
	 (65,'InterfaceDetails','29',NULL,NULL,NULL,NULL,NULL,NULL,current_date,'riteadmin',current_date,'riteadmin',NULL,NULL,NULL,NULL,NULL,NULL,NULL,NULL,NULL,NULL,NULL,NULL,NULL,NULL,NULL),
	 (65,'SQL_EXTRACTION_QUERY','SELECT
    NULL                           TRANSACTION_TYPE,
    to_char(sysdate, ''YYYYMMDD'') BATCH_ID,
    NULL                           BATCH_NUMBER,
    esib.segment1                  ITEM_NUMBER, ---esib.item_number,
    NULL                           OUTSIDE_PROCESS_SERVICE_FLAG,
    base_iop.ORGANIZATION_CODE,
    esib.DESCRIPTION,
    NULL                           TEMPLATE_NAME,---ESIV.TEMPLATE_NAME	,
    NULL                           SOURCE_SYSTEM_CODE,
    NULL                           SOURCE_SYSTEM_REFERENCE,
    NULL                           SOURCE_SYSTEM_REFERENCE_DESC,
    NULL                           ITEM_CATALOG_GROUP_NAME,
    (
        SELECT
            unit_of_measure
        FROM
            mtl_units_of_measure_tl @{0} uom
        WHERE
                1 = 1
            AND esib.primary_uom_code = uom.uom_code
    )             PRIMARY_UOM_NAME,
    NULL          CURRENT_PHASE_CODE,----ESIB.current_phase_code,	
    esib.INVENTORY_ITEM_STATUS_CODE,
    NULL          NEW_ITEM_CLASS_NAME,
    NULL          ASSET_TRACKED_FLAG,----esib.ASSET_TRACKED_FLAG	,
    NULL          ALLOW_MAINTENANCE_ASSET_FLAG,---ESIV.ALLOW_MAINTENANCE_ASSET_FLAG,	
    NULL          ENABLE_GENEALOGY_TRACKING_FLAG,---esib.ENABLE_GENEALOGY_TRACKING_FLAG,	
    NULL          ASSET_CLASS,---esib.ASSET_CLASS,	
    ESIB.EAM_ITEM_TYPE,
    ESIB.EAM_ACTIVITY_TYPE_CODE,
    ESIB.EAM_ACTIVITY_CAUSE_CODE,
    ESIB.EAM_ACT_NOTIFICATION_FLAG,
    ESIB.EAM_ACT_SHUTDOWN_STATUS,
    ESIB.EAM_ACTIVITY_SOURCE_CODE,
    ESIB.COSTING_ENABLED_FLAG,
    ESIB.STD_LOT_SIZE,
    ESIB.INVENTORY_ASSET_FLAG,
    ESIB.DEFAULT_INCLUDE_IN_ROLLUP_FLAG,
    ESIB.ORDER_COST,
    ESIB.VMI_MINIMUM_DAYS,
    ESIB.VMI_FIXED_ORDER_QUANTITY,
    ESIB.VMI_MINIMUM_UNITS,
    ESIB.ASN_AUTOEXPIRE_FLAG,
    ESIB.CARRYING_COST,
    ESIB.CONSIGNED_FLAG,
    ESIB.FIXED_DAYS_SUPPLY,
    ESIB.FIXED_LOT_MULTIPLIER,
    ESIB.FIXED_ORDER_QUANTITY,
    ESIB.FORECAST_HORIZON,
    ESIB.INVENTORY_PLANNING_CODE,
    NULL          SAFETY_STOCK_PLANNING_METHOD, ----ESIB.SAFETY_STOCK_PLANNING_METHOD,	
    NULL          DEMAND_PERIOD,                      ---- ESIB.DEMAND_PERIOD,	
    NULL          DAYS_OF_COVER,   -----ESIB.DAYS_OF_COVER,	
    ESIB.MIN_MINMAX_QUANTITY,
    ESIB.MAX_MINMAX_QUANTITY,
    ESIB.MINIMUM_ORDER_QUANTITY,
    ESIB.MAXIMUM_ORDER_QUANTITY,
    ESIB.PLANNER_CODE,
    ESIB.PLANNING_MAKE_BUY_CODE,
    ESIB.SOURCE_SUBINVENTORY,
    BASE_IOP.SOURCE_TYPE,
    ESIB.SO_AUTHORIZATION_FLAG,
    ESIB.SUBCONTRACTING_COMPONENT,
    ESIB.VMI_FORECAST_TYPE,
    ESIB.VMI_MAXIMUM_UNITS,
    ESIB.VMI_MAXIMUM_DAYS,
    NULL          SOURCE_ORGANIZATION_CODE,
    ESIB.RESTRICT_SUBINVENTORIES_CODE,
    ESIB.RESTRICT_LOCATORS_CODE,
    ESIB.CHILD_LOT_FLAG,
    ESIB.CHILD_LOT_PREFIX,
    ESIB.CHILD_LOT_STARTING_NUMBER,
    ESIB.CHILD_LOT_VALIDATION_FLAG,
    ESIB.COPY_LOT_ATTRIBUTE_FLAG,
    ESIB.EXPIRATION_ACTION_CODE,
    ESIB.EXPIRATION_ACTION_INTERVAL,
    ESIB.STOCK_ENABLED_FLAG,
    NULL          START_AUTO_LOT_NUMBER,
    ESIB.SHELF_LIFE_CODE,
    ESIB.SHELF_LIFE_DAYS,
    ESIB.SERIAL_NUMBER_CONTROL_CODE,
    ESIB.SERIAL_STATUS_ENABLED,
    ESIB.REVISION_QTY_CONTROL_CODE,
    ESIB.RETEST_INTERVAL,
    ESIB.AUTO_LOT_ALPHA_PREFIX,
    ESIB.AUTO_SERIAL_ALPHA_PREFIX,
    ESIB.BULK_PICKED_FLAG,
    ESIB.CHECK_SHORTAGES_FLAG,
    ESIB.CYCLE_COUNT_ENABLED_FLAG,
    ESIB.DEFAULT_GRADE,
    ESIB.GRADE_CONTROL_FLAG,
    ESIB.HOLD_DAYS,
    ESIB.LOT_DIVISIBLE_FLAG,
    ESIB.MATURITY_DAYS,
    ESIB.DEFAULT_LOT_STATUS_ID,
    ESIB.DEFAULT_SERIAL_STATUS_ID,
    ESIB.LOT_SPLIT_ENABLED,
    ESIB.LOT_MERGE_ENABLED,
    ESIB.INVENTORY_ITEM_FLAG,
    ESIB.LOCATION_CONTROL_CODE,
    ESIB.LOT_CONTROL_CODE,
    ESIB.LOT_STATUS_ENABLED,
    ESIB.LOT_SUBSTITUTION_ENABLED,
    ESIB.LOT_TRANSLATE_ENABLED,
    ESIB.MTL_TRANSACTIONS_ENABLED_FLAG,
    ESIB.POSITIVE_MEASUREMENT_ERROR,
    ESIB.NEGATIVE_MEASUREMENT_ERROR,
    ESIB.PARENT_CHILD_GENERATION_FLAG,
    ESIB.RESERVABLE_TYPE,
    ESIB.START_AUTO_SERIAL_NUMBER,
    NULL          INVOICING_RULE_NAME,
    esib.TAX_CODE,
    (
        SELECT
            segment1
            || ''.''
            || segment2
            || ''.''
            || segment3
            || ''.''
            || segment4
            || ''.''
            || segment5
            || ''.''
            || segment6
            || ''.''
            || segment7
        FROM
            gl_code_combinations @{0} gcc
        WHERE
            gcc.code_combination_id = esib.sales_account
    )             SALES_ACCOUNT_KFFDISP,
    (
        SELECT
            rt.name
        FROM
            ra_terms  rt
        WHERE
            rt.term_id = esib.payment_terms_id
    )             PAYMENT_TERMS_NAME,
    esib.INVOICE_ENABLED_FLAG,
    esib.INVOICEABLE_ITEM_FLAG,
    NULL          ACCOUNTING_RULE_NAME,
    ESIB.AUTO_CREATED_CONFIG_FLAG,
    ESIB.REPLENISH_TO_ORDER_FLAG,
    ESIB.PICK_COMPONENTS_FLAG,
    NULL          BASE_ITEM_NUMBER,
    esib.EFFECTIVITY_CONTROL,
    ESIB.CONFIG_ORGS,
    ESIB.CONFIG_MATCH,
    ESIB.CONFIG_MODEL_TYPE,
    ESIB.BOM_ITEM_TYPE,
    ESIB.CUM_MANUFACTURING_LEAD_TIME,
    ESIB.PREPROCESSING_LEAD_TIME,
    ESIB.CUMULATIVE_TOTAL_LEAD_TIME,
    NULL          FIXED_LEAD_TIME,
    ESIB.VARIABLE_LEAD_TIME,
    ESIB.FULL_LEAD_TIME,
    ESIB.LEAD_TIME_LOT_SIZE,
    ESIB.POSTPROCESSING_LEAD_TIME,
    ESIB.ATO_FORECAST_CONTROL,
    ESIB.CRITICAL_COMPONENT_FLAG,
    ESIB.ACCEPTABLE_EARLY_DAYS,
    ESIB.CREATE_SUPPLY_FLAG,
    ESIB.DAYS_TGT_INV_SUPPLY,
    ESIB.DAYS_TGT_INV_WINDOW,
    ESIB.DAYS_MAX_INV_SUPPLY,
    ESIB.DAYS_MAX_INV_WINDOW,
    ESIB.DEMAND_TIME_FENCE_CODE,
    ESIB.DEMAND_TIME_FENCE_DAYS,
    ESIB.DRP_PLANNED_FLAG,
    ESIB.END_ASSEMBLY_PEGGING_FLAG,
    ESIB.EXCLUDE_FROM_BUDGET_FLAG,
    ESIB.MRP_CALCULATE_ATP_FLAG,
    ESIB.MRP_PLANNING_CODE,
    ESIB.PLANNED_INV_POINT_FLAG,
    ESIB.PLANNING_TIME_FENCE_CODE,
    ESIB.PLANNING_TIME_FENCE_DAYS,
    ESIB.PREPOSITION_POINT,
    ESIB.RELEASE_TIME_FENCE_CODE,
    ESIB.RELEASE_TIME_FENCE_DAYS,
    ESIB.REPAIR_LEADTIME,
    ESIB.REPAIR_YIELD,
    ESIB.REPAIR_PROGRAM,
    ESIB.ROUNDING_CONTROL_TYPE,
    ESIB.SHRINKAGE_RATE,
    ESIB.SUBSTITUTION_WINDOW_CODE,
    ESIB.SUBSTITUTION_WINDOW_DAYS,
    ESIB.TRADE_ITEM_DESCRIPTOR,
    ESIB.ALLOWED_UNITS_LOOKUP_CODE,
    ESIB.DUAL_UOM_DEVIATION_HIGH,
    ESIB.DUAL_UOM_DEVIATION_LOW,
    ESIB.ITEM_TYPE,
    NULL          LONG_DESCRIPTION,--ESIB.LONG_DESCRIPTION,
    NULL          HTML_LONG_DESCRIPTION,---ESIB.HTML_LONG_DESCRIPTION,
    ESIB.ONT_PRICING_QTY_SOURCE,
    ESIB.SECONDARY_DEFAULT_IND,
    NULL          SECONDARY_UOM_NAME,
    ESIB.TRACKING_QUANTITY_IND,
    NULL          ENGINEERED_ITEM_FLAG,--ESIB.ENGINEERED_ITEM_FLAG,
    ESIB.ATP_COMPONENTS_FLAG,
    ESIB.ATP_FLAG,
    ESIB.OVER_SHIPMENT_TOLERANCE,
    ESIB.UNDER_SHIPMENT_TOLERANCE,
    ESIB.OVER_RETURN_TOLERANCE,
    ESIB.UNDER_RETURN_TOLERANCE,
    ESIB.DOWNLOADABLE_FLAG,
    ESIB.ELECTRONIC_FLAG,
    ESIB.INDIVISIBLE_FLAG,
    ESIB.INTERNAL_ORDER_ENABLED_FLAG,
    ESIB.ATP_RULE_ID,
    NULL          CHARGE_PERIODICITY,
    ESIB.CUSTOMER_ORDER_ENABLED_FLAG,
    NULL          DEFAULT_SHIPPING_ORGANIZATION,
    ESIB.DEFAULT_SO_SOURCE_TYPE,
    NULL          ELIGIBILITY_COMPATIBILITY_RULE,---esib.ELIGIBILITY_COMPATIBILITY_RULE,
    ESIB.FINANCING_ALLOWED_FLAG,
    ESIB.INTERNAL_ORDER_FLAG,
    ESIB.PICKING_RULE_ID,
    ESIB.RETURNABLE_FLAG,
    ESIB.RETURN_INSPECTION_REQUIREMENT,
    NULL          SALES_PRODUCT_TYPE,--ESIB.SALES_PRODUCT_TYPE,
    NULL          BACK_TO_BACK_ENABLED,--ESIB.BACK_TO_BACK_ENABLED,
    ESIB.SHIPPABLE_ITEM_FLAG,
    ESIB.SHIP_MODEL_COMPLETE_FLAG,
    ESIB.SO_TRANSACTIONS_FLAG,
    ESIB.CUSTOMER_ORDER_FLAG,
    ESIB.UNIT_WEIGHT,
    NULL          WEIGHT_UNIT_OF_MEASURE,
    ESIB.UNIT_VOLUME,
    NULL          VOLUME_UNIT_OF_MEASURE,
    NULL          DIMENSION_UNIT_OF_MEASURE,
    ESIB.UNIT_LENGTH,
    ESIB.UNIT_WIDTH,
    ESIB.UNIT_HEIGHT,
    ESIB.COLLATERAL_FLAG,
    ESIB.CONTAINER_ITEM_FLAG,
    ESIB.CONTAINER_TYPE_CODE,
    ESIB.EQUIPMENT_TYPE,
    ESIB.EVENT_FLAG,
    ESIB.INTERNAL_VOLUME,
    ESIB.MAXIMUM_LOAD_WEIGHT,
    ESIB.MINIMUM_FILL_PERCENT,
    ESIB.VEHICLE_ITEM_FLAG,
    ESIB.CAS_NUMBER,
    ESIB.HAZARDOUS_MATERIAL_FLAG,
    ESIB.PROCESS_COSTING_ENABLED_FLAG,
    ESIB.PROCESS_EXECUTION_ENABLED_FLAG,
    ESIB.PROCESS_QUALITY_ENABLED_FLAG,
    ESIB.PROCESS_SUPPLY_LOCATOR_ID,
    ESIB.PROCESS_SUPPLY_SUBINVENTORY,
    ESIB.PROCESS_YIELD_LOCATOR_ID,
    ESIB.PROCESS_YIELD_SUBINVENTORY,
    ESIB.RECIPE_ENABLED_FLAG,
    ESIB.EXPENSE_ACCOUNT,
    NULL          UN_NUMBER,
    ESIB.UNIT_OF_ISSUE,
    ESIB.ROUNDING_FACTOR,
    ESIB.RECEIVE_CLOSE_TOLERANCE,
    ESIB.PURCHASING_TAX_CODE,
    ESIB.PURCHASING_ITEM_FLAG,
    ESIB.PRICE_TOLERANCE_PERCENT,
    ESIB.OUTSOURCED_ASSEMBLY,
    ESIB.OUTSIDE_OPERATION_UOM_TYPE,
    NULL          NEGOTIATION_REQUIRED_FLAG,--ESIB.NEGOTIATION_REQUIRED_FLAG,
    ESIB.MUST_USE_APPROVED_VENDOR_FLAG,
    NULL          MATCH_APPROVAL_LEVEL, --ESIB.MATCH_APPROVAL_LEVEL,
    NULL          INVOICE_MATCH_OPTION,--ESIB.INVOICE_MATCH_OPTION,
    ESIB.LIST_PRICE_PER_UNIT,
    ESIB.INVOICE_CLOSE_TOLERANCE,
    NULL          HAZARD_CLASS,
    NULL          DEFAULT_BUYER,
    ESIB.TAXABLE_FLAG,
    ESIB.PURCHASING_ENABLED_FLAG,
    ESIB.OUTSIDE_OPERATION_FLAG,
    ESIB.MARKET_PRICE,
    ESIB.ASSET_CATEGORY_ID,
    ESIB.ALLOW_ITEM_DESC_UPDATE_FLAG,
    ESIB.ALLOW_EXPRESS_DELIVERY_FLAG,
    ESIB.ALLOW_SUBSTITUTE_RECEIPTS_FLAG,
    ESIB.ALLOW_UNORDERED_RECEIPTS_FLAG,
    ESIB.DAYS_EARLY_RECEIPT_ALLOWED,
    ESIB.DAYS_LATE_RECEIPT_ALLOWED,
    ESIB.RECEIVING_ROUTING_ID,
    ESIB.ENFORCE_SHIP_TO_LOCATION_CODE,
    ESIB.QTY_RCV_EXCEPTION_CODE,
    ESIB.QTY_RCV_TOLERANCE,
    ESIB.RECEIPT_DAYS_EXCEPTION_CODE,
    ESIB.ASSET_CREATION_CODE,
    NULL          SERVICE_START_TYPE_CODE,--ESIB.SERVICE_START_TYPE_CODE,
    ESIB.COMMS_NL_TRACKABLE_FLAG,
    NULL          CSS_ENABLED_FLAG,--ESIB.CSS_ENABLED_FLAG,
    ESIB.CONTRACT_ITEM_TYPE_CODE,
    NULL          STANDARDCOVERAGE,
    ESIB.DEFECT_TRACKING_ON_FLAG,
    ESIB.IB_ITEM_INSTANCE_CLASS,
    ESIB.MATERIAL_BILLABLE_FLAG,
    ESIB.RECOVERED_PART_DISP_CODE,
    ESIB.SERVICEABLE_PRODUCT_FLAG,
    ESIB.SERVICE_STARTING_DELAY,
    ESIB.SERVICE_DURATION,
    NULL          SERVICE_DURATION_PERIOD,
    ESIB.SERV_REQ_ENABLED_CODE,
    NULL          ALLOW_SUSPEND_FLAG,--ESIB.ALLOW_SUSPEND_FLAG,
    NULL          ALLOW_TERMINATE_FLAG,--ESIB.ALLOW_TERMINATE_FLAG,
    NULL          REQUIRES_FULFILLMENT_LOC_FLAG,--ESIB.REQUIRES_FULFILLMENT_LOC_FLAG,
    NULL          REQUIRES_ITM_ASSOCIATION_FLAG,--ESIB.REQUIRES_ITM_ASSOCIATION_FLAG,
    NULL          SERVICE_START_DELAY,--ESIB.SERVICE_START_DELAY,
    NULL          SERVICE_DURATION_TYPE_CODE,--ESIB.SERVICE_DURATION_TYPE_CODE,
    ESIB.COMMS_ACTIVATION_REQD_FLAG,
    ESIB.SERV_BILLING_ENABLED_FLAG,
    ESIB.ORDERABLE_ON_WEB_FLAG,
    ESIB.BACK_ORDERABLE_FLAG,
    ESIB.WEB_STATUS,
    ESIB.MINIMUM_LICENSE_QUANTITY,
    ESIB.BUILD_IN_WIP_FLAG,
    NULL          CONTRACT_MANUFACTURING,---ESIB.CONTRACT_MANUFACTURING,
    ESIB.WIP_SUPPLY_LOCATOR_ID,
    ESIB.WIP_SUPPLY_TYPE,
    ESIB.WIP_SUPPLY_SUBINVENTORY,
    ESIB.OVERCOMPLETION_TOLERANCE_TYPE,
    ESIB.OVERCOMPLETION_TOLERANCE_VALUE,
    ESIB.INVENTORY_CARRY_PENALTY,
    ESIB.OPERATION_SLACK_PENALTY,
    NULL          REVISION,
    ESIB.STYLE_ITEM_FLAG,
    NULL          STYLE_ITEM_NUMBER,
    NULL          VERSION_START_DATE,---ESIB.VERSION_START_DATE,
    NULL          VERSION_REVISION_CODE,
    NULL          VERSION_LABEL,
    NULL          START_UPON_MILESTONE_CODE,--ESIB.START_UPON_MILESTONE_CODE,
    NULL          SALES_PRODUCT_SUB_TYPE,--ESIB.SALES_PRODUCT_SUB_TYPE,
    ESIB.GLOBAL_ATTRIBUTE_CATEGORY,
    ESIB.GLOBAL_ATTRIBUTE1,
    ESIB.GLOBAL_ATTRIBUTE2,
    ESIB.GLOBAL_ATTRIBUTE3,
    ESIB.GLOBAL_ATTRIBUTE4,
    ESIB.GLOBAL_ATTRIBUTE5,
    ESIB.GLOBAL_ATTRIBUTE6,
    ESIB.GLOBAL_ATTRIBUTE7,
    ESIB.GLOBAL_ATTRIBUTE8,
    ESIB.GLOBAL_ATTRIBUTE9,
    ESIB.GLOBAL_ATTRIBUTE10,
    ESIB.ATTRIBUTE_CATEGORY,
    ESIB.ATTRIBUTE1,
    ESIB.ATTRIBUTE2,
    ESIB.ATTRIBUTE3,
    ESIB.ATTRIBUTE4,
    ESIB.ATTRIBUTE5,
    ESIB.ATTRIBUTE6,
    ESIB.ATTRIBUTE7,
    ESIB.ATTRIBUTE8,
    ESIB.ATTRIBUTE9,
    ESIB.ATTRIBUTE10,
    ESIB.ATTRIBUTE11,
    ESIB.ATTRIBUTE12,
    ESIB.ATTRIBUTE13,
    ESIB.ATTRIBUTE14,
    ESIB.ATTRIBUTE15,
    ESIB.ATTRIBUTE16,
    ESIB.ATTRIBUTE17,
    ESIB.ATTRIBUTE18,
    ESIB.ATTRIBUTE19,
    ESIB.ATTRIBUTE20,
    ESIB.ATTRIBUTE21,
    ESIB.ATTRIBUTE22,
    ESIB.ATTRIBUTE23,
    ESIB.ATTRIBUTE24,
    ESIB.ATTRIBUTE25,
    ESIB.ATTRIBUTE26,
    ESIB.ATTRIBUTE27,
    ESIB.ATTRIBUTE28,
    ESIB.ATTRIBUTE29,
    ESIB.ATTRIBUTE30,
    NULL          ATTRIBUTE_NUMBER1,
    NULL          ATTRIBUTE_NUMBER2,
    NULL          ATTRIBUTE_NUMBER3,
    NULL          ATTRIBUTE_NUMBER4,
    NULL          ATTRIBUTE_NUMBER5,
    NULL          ATTRIBUTE_NUMBER6,
    NULL          ATTRIBUTE_NUMBER7,
    NULL          ATTRIBUTE_NUMBER8,
    NULL          ATTRIBUTE_NUMBER9,
    NULL          ATTRIBUTE_NUMBER10,
/*esib.ATTRIBUTE_NUMBER1,
esib.ATTRIBUTE_NUMBER2,
esib.ATTRIBUTE_NUMBER3,
esib.ATTRIBUTE_NUMBER4,
esib.ATTRIBUTE_NUMBER5,
esib.ATTRIBUTE_NUMBER6,
esib.ATTRIBUTE_NUMBER7,
esib.ATTRIBUTE_NUMBER8,
esib.ATTRIBUTE_NUMBER9,
esib.ATTRIBUTE_NUMBER10,*/
    NULL          attribute_date1,
    NULL          attribute_date2,
    NULL          attribute_date3,
    NULL          attribute_date4,
    NULL          attribute_date5,
/*esib.ATTRIBUTE_DATE1,
esib.ATTRIBUTE_DATE2,
esib.ATTRIBUTE_DATE3,
esib.ATTRIBUTE_DATE4,
esib.ATTRIBUTE_DATE5,*/
    NULL          attribute_timestamp1,
    NULL          attribute_timestamp2,
    NULL          attribute_timestamp3,
    NULL          attribute_timestamp4,
    NULL          attribute_timestamp5,
/*esib.ATTRIBUTE_TIMESTAMP1,
esib.ATTRIBUTE_TIMESTAMP2,
esib.ATTRIBUTE_TIMESTAMP3,
esib.ATTRIBUTE_TIMESTAMP4,
esib.ATTRIBUTE_TIMESTAMP5,*/
    esib.global_attribute11,
    esib.global_attribute12,
    esib.global_attribute13,
    esib.global_attribute14,
    esib.global_attribute15,
    esib.global_attribute16,
    esib.global_attribute17,
    esib.global_attribute18,
    esib.global_attribute19,
    esib.global_attribute20,
    NULL          global_attribute_number1,
    NULL          global_attribute_number2,
    NULL          global_attribute_number3,
    NULL          global_attribute_number4,
    NULL          global_attribute_number5,
/*esib.GLOBAL_ATTRIBUTE_NUMBER1,
esib.GLOBAL_ATTRIBUTE_NUMBER2,
esib.GLOBAL_ATTRIBUTE_NUMBER3,
esib.GLOBAL_ATTRIBUTE_NUMBER4,
esib.GLOBAL_ATTRIBUTE_NUMBER5,*/
    NULL          global_attribute_date1,--esib.GLOBAL_ATTRIBUTE_DATE1,
    NULL          global_attribute_date2,--esib.GLOBAL_ATTRIBUTE_DATE2,
    NULL          global_attribute_date3,--esib.GLOBAL_ATTRIBUTE_DATE3,
    NULL          global_attribute_date4,--esib.GLOBAL_ATTRIBUTE_DATE4,
    NULL          global_attribute_date5,---esib.GLOBAL_ATTRIBUTE_DATE5,
    NULL          PRC_BU_NAME,
    NULL          FORCE_PURCHASE_LEAD_TIME_FLAG,----esib.FORCE_PURCHASE_LEAD_TIME_FLAG,
    NULL          REPLACEMENT_TYPE,--esib.REPLACEMENT_TYPE,
    NULL          BUYER_EMAIL_ADDRESS,
    NULL          default_expenditure_type,
    NULL          hard_pegging_level,---esib.HARD_PEGGING_LEVEL,
    NULL          comn_supply_prj_demand_flag,  ---esib.COMN_SUPPLY_PRJ_DEMAND_FLAG,
    NULL          enable_iot_flag,---esib.ENABLE_IOT_FLAG,
    NULL          create_supply_after_date,---esib.CREATE_SUPPLY_AFTER_DATE,
    NULL          create_fixed_asset, --esib.CREATE_FIXED_ASSET,
    NULL          under_compl_tolerance_type,---esib.UNDER_COMPL_TOLERANCE_TYPE,
    NULL          under_compl_tolerance_value,---esib.UNDER_COMPL_TOLERANCE_VALUE,
    NULL          repair_transaction_name,
	NULL NEW_PRIMARY_UOM_NAME,
    NULL NEW_SECONDARY_UOM_NAME,
    NULL PARTS_SOURCING_NAME	,
    NULL ORDER_MODIFIER_START_QTY_FLAG
FROM
    mtl_system_items_b  @{0} esib,
  --MTL_SYSTEM_ITEMS_B ESIV,
    mtl_parameters   @{0}  base_iop--,
--MTL_units_of_measure_TL uom --, 
--egp_item_classes_b icls,
--ra_terms rt

WHERE
        1 = 1
    AND esib.organization_id = base_iop.organization_id
--AND ESIB.INVENTORY_ITEM_ID = ESIV.INVENTORY_ITEM_ID
--AND ESIB.ORGANIZATION_ID = ESIV.ORGANIZATION_ID
--AND ESIV.LANGUAGE = USERENV(''LANG'')
---and esib.primary_uom_code = uom.uom_code
--and icls.item_class_id = esib.item_catalog_group_id
---and esib.payment_terms_id = rt.term_id(+)
--and base_iop.organization_code = ''204''--MASTER ORGANIZATION CODE
 ---and esib.enabled_flag = ''Y''
    AND esib.inventory_item_id IN (
        SELECT DISTINCT
            inventory_item_id
        FROM
            mtl_system_items_b  esb, mtl_parameters  iop
WHERE
        esb.organization_id = iop.organization_id
    AND esb.enabled_flag = ''Y''
            --AND iop.organization_id = 204 --MASTER ORGANIZATION ID
            --and iop.organization_code in  (''CN_CONSIGN'', ''CN_MAIN'', ''IN_CONSIGN'' ,''IN_MAIN'')
    )
    AND esib.segment1 IN (''CM74123'', ''CM74237'', ''CM76962'', ''CM89108'')','',NULL,NULL,NULL,NULL,NULL,current_date,'riteadmin',current_date,'riteadmin',NULL,NULL,NULL,NULL,NULL,NULL,NULL,NULL,NULL,NULL,NULL,NULL,NULL,NULL,NULL);


-- Item Revisions
 
INSERT INTO cr_objects (object_id, object_name, object_code, user_object_name, module_code, parent_object_id, fbdi_sheet, hdl_sheet, loader_endpoint, re_con_query, sequence_in_parent, interface_table_name, rejection_table_name, ctl_file_name, xlsm_file_name, immediate_parent, batch_size, base_tables, creation_date, created_by, last_update_date, last_update_by, attribute1, attribute2, attribute3, attribute4, attribute5, attribute6, attribute7, attribute8, attribute9, attribute10, attribute11, attribute12, attribute13, attribute14, attribute15, conversion_type,cld_template_code,cld_metadata_table_name,cld_template_name)
 VALUES (66,'Item Revisions', 'ITEM_REVISIONS', 'Item Revisions', 'SCM', 64, 'EGP_ITEM_REVISIONS_INTERFACE',null,'FBDI', NULL, 2, 'EGP_ITEM_REVISIONS_INTERFACE', 'EGP_IMPORT_ERRORS', 'EgpItemRevisionsInterface', 'ItemImportTemplate', NULL, 30000, 'EGP_ITEM_REVISIONS_B', current_date, 'riteadmin', current_date, 'riteadmin', NULL, NULL, NULL, NULL,NULL, NULL, NULL, NULL, NULL, NULL, NULL, NULL, NULL, NULL, NULL,'DATA_MIGRATION', 'ITEM_REVISIONS', 'CR_ITEM_REVISIONS_C', 'CR_ITEM_REVISIONS_CLD');

INSERT INTO cr_object_information (object_id,info_type,info_value,info_description,additional_information1,additional_information2,additional_information3,additional_information4,additional_information5,creation_date,created_by,last_update_date,last_update_by,attribute1,attribute2,attribute3,attribute4,attribute5,attribute6,attribute7,attribute8,attribute9,attribute10,attribute11,attribute12,attribute13,attribute14,attribute15) VALUES
	 (66,'DocumentAccount','scm/item/import','','',NULL,NULL,NULL,NULL,current_date,'riteadmin',current_date,'riteadmin',NULL,NULL,NULL,NULL,NULL,NULL,NULL,NULL,NULL,NULL,NULL,NULL,NULL,NULL,NULL),
	 (66,'DocumentSecurityGroup','FAFusionImportExport','','',NULL,NULL,NULL,NULL,current_date,'riteadmin',current_date,'riteadmin',NULL,NULL,NULL,NULL,NULL,NULL,NULL,NULL,NULL,NULL,NULL,NULL,NULL,NULL,NULL),
	 (66,'JobName','/oracle/apps/ess/scm/productModel/items/,ItemImportJobDef','','',NULL,NULL,NULL,NULL,current_date,'riteadmin',current_date,'riteadmin',NULL,NULL,NULL,NULL,NULL,NULL,NULL,NULL,NULL,NULL,NULL,NULL,NULL,NULL,NULL),
	 (66,'InterfaceDetails','29','','',NULL,NULL,NULL,NULL,current_date,'riteadmin',current_date,'riteadmin',NULL,NULL,NULL,NULL,NULL,NULL,NULL,NULL,NULL,NULL,NULL,NULL,NULL,NULL,NULL),
     (66,'Sequence','2','','',NULL,NULL,NULL,NULL,current_date,'riteadmin',current_date,'riteadmin',NULL,NULL,NULL,NULL,NULL,NULL,NULL,NULL,NULL,NULL,NULL,NULL,NULL,NULL,NULL);

-- Item Categories
INSERT INTO cr_objects (object_id, object_name, object_code, user_object_name, module_code, parent_object_id, fbdi_sheet, hdl_sheet, loader_endpoint, re_con_query, sequence_in_parent, interface_table_name, rejection_table_name, ctl_file_name, xlsm_file_name, immediate_parent, batch_size, base_tables, creation_date, created_by, last_update_date, last_update_by, attribute1, attribute2, attribute3, attribute4, attribute5, attribute6, attribute7, attribute8, attribute9, attribute10, attribute11, attribute12, attribute13, attribute14, attribute15, conversion_type,cld_template_code,cld_metadata_table_name,cld_template_name)
 VALUES (67,'Item Categories', 'ITEM_CATEGORIES', 'Item Categories', 'SCM', 64, 'EGP_ITEM_CATEGORIES_INTERFACE',Null,'FBDI', NULL, 3, 'EGP_ITEM_CATEGORIES_INTERFACE', 'EGP_IMPORT_ERRORS', 'EgpItemCategoriesInterface', 'ItemImportTemplate', NULL, 30000, 'EGP_ITEM_CAT_ASSIGNMENTS', current_date, 'riteadmin', current_date, 'riteadmin', NULL, NULL, NULL, NULL,NULL, NULL, NULL, NULL, NULL, NULL, NULL, NULL, NULL, NULL, NULL,'DATA_MIGRATION', 'ITEM_CATEGORIES', 'CR_ITEM_CATEGORIES_C', 'CR_ITEM_CATEGORIES_CLD');

INSERT INTO cr_object_information (object_id,info_type,info_value,info_description,additional_information1,additional_information2,additional_information3,additional_information4,additional_information5,creation_date,created_by,last_update_date,last_update_by,attribute1,attribute2,attribute3,attribute4,attribute5,attribute6,attribute7,attribute8,attribute9,attribute10,attribute11,attribute12,attribute13,attribute14,attribute15) VALUES
	 (67,'DocumentAccount','scm/item/import','','',NULL,NULL,NULL,NULL,current_date,'riteadmin',current_date,'riteadmin',NULL,NULL,NULL,NULL,NULL,NULL,NULL,NULL,NULL,NULL,NULL,NULL,NULL,NULL,NULL),
	 (67,'DocumentSecurityGroup','FAFusionImportExport','','',NULL,NULL,NULL,NULL,current_date,'riteadmin',current_date,'riteadmin',NULL,NULL,NULL,NULL,NULL,NULL,NULL,NULL,NULL,NULL,NULL,NULL,NULL,NULL,NULL),
	 (67,'JobName','/oracle/apps/ess/scm/productModel/items/,ItemImportJobDef','','',NULL,NULL,NULL,NULL,current_date,'riteadmin',current_date,'riteadmin',NULL,NULL,NULL,NULL,NULL,NULL,NULL,NULL,NULL,NULL,NULL,NULL,NULL,NULL,NULL),
	 (67,'InterfaceDetails','29','','',NULL,NULL,NULL,NULL,current_date,'riteadmin',current_date,'riteadmin',NULL,NULL,NULL,NULL,NULL,NULL,NULL,NULL,NULL,NULL,NULL,NULL,NULL,NULL,NULL),
	 (67,'RECON_CLOUD_FAIL_COUNT','SELECT 	     count(1)  FROM 	     EGP_ITEM_CATEGORIES_INTERFACE  WHERE 	     1=1     AND PROCESS_STATUS <> ''7''     AND load_request_id ='':load_request_id''','','',NULL,NULL,NULL,NULL,current_date,'riteadmin',current_date,'riteadmin',NULL,NULL,NULL,NULL,NULL,NULL,NULL,NULL,NULL,NULL,NULL,NULL,NULL,NULL,NULL),
	 (67,'RECON_CLOUD_FAIL','SELECT     :src_cols     || '',''     || ''"''     || (         SELECT             LISTAGG(message_text, '','') WITHIN GROUP(             ORDER BY                 transaction_id             ) error_msg         FROM             egp_import_errors         WHERE                 error_table_name = ''EGP_ITEM_CATEGORIES_INTERFACE''             AND transaction_id = int.transaction_id         GROUP BY             transaction_id || ''"''     ) reject_lookup_codefrom FROM     egp_item_categories_interface int,	      :cld_stg_table cld_stg,		     : src_stg_table src_stg WHERE     1 = 1     AND int.process_status <> ''7''     AND cld_stg.cr_batch_name = '':cr_batch_name''     AND int.load_request_id = '':load_request_id''     AND int.source_system_reference = cld_stg.orig_trans_id     AND src_stg.orig_trans_id = cld_stg.orig_trans_idand     AND src_stg.cr_batch_name = cld_stg.cr_batch_name','','',NULL,NULL,NULL,NULL,current_date,'riteadmin',current_date,'riteadmin',NULL,NULL,NULL,NULL,NULL,NULL,NULL,NULL,NULL,NULL,NULL,NULL,NULL,NULL,NULL),
	 (67,'Sequence','3','','',NULL,NULL,NULL,NULL,current_date,'riteadmin',current_date,'riteadmin',NULL,NULL,NULL,NULL,NULL,NULL,NULL,NULL,NULL,NULL,NULL,NULL,NULL,NULL,NULL),
	 (67,'RECON_CLOUD_SUCCESS','SELECT     :src_cols FROM     egp_item_categories_interface int,     egp_system_items_b base_esi,     inv_org_parameters            base_iop,     egp_item_categories           base_eic,     egp_categories_vl             base_ecv,     egp_category_sets_vl          base_ecsv,     :cld_stg_table cld_stg,		     :src_stg_table src_stg WHERE         int.process_status = ''7''     AND cld_stg.cr_batch_name = '':cr_batch_name''         AND int.load_request_id = '':load_request_id''             AND src_stg.orig_trans_id = cld_stg.orig_trans_id                 AND src_stg.cr_batch_name = cld_stg.cr_batch_name                     AND cld_stg.orig_trans_id = int.source_system_reference                         AND int.request_id = base_esi.request_id                             AND base_esi.organization_id = base_iop.organization_id                                 AND base_eic.inventory_item_id = base_esi.inventory_item_id                                     AND base_eic.organization_id = base_iop.organization_id                                         AND base_eic.category_id = base_ecv.category_id     AND base_eic.category_set_id = base_ecsv.category_set_id','','base_esi.item_number,base_iop.organization_code,base_ecsv.category_set_name,base_ecv.category_name,base_ecv.category_code',NULL,NULL,NULL,NULL,current_date,'riteadmin',current_date,'riteadmin',NULL,NULL,NULL,NULL,NULL,NULL,NULL,NULL,NULL,NULL,NULL,NULL,NULL,NULL,NULL);

-- Item Associations
INSERT INTO cr_objects (object_id, object_name, object_code, user_object_name, module_code, parent_object_id, fbdi_sheet, hdl_sheet, loader_endpoint, re_con_query, sequence_in_parent, interface_table_name, rejection_table_name, ctl_file_name, xlsm_file_name, immediate_parent, batch_size, base_tables, creation_date, created_by, last_update_date, last_update_by, attribute1, attribute2, attribute3, attribute4, attribute5, attribute6, attribute7, attribute8, attribute9, attribute10, attribute11, attribute12, attribute13, attribute14, attribute15, conversion_type,cld_template_code,cld_metadata_table_name,cld_template_name)
 VALUES (68,'Item Associations', 'ITEM_ASSOCIATIONS', 'Item Associations', 'SCM', 64, 'EGO_ITEM_ASSOCIATIONS_INTF',Null,'FBDI', NULL, 4, 'EGO_ITEM_ASSOCIATIONS_INTF','EGP_IMPORT_ERRORS',  'EgoItemAssociationsIntf', 'ItemImportTemplate', NULL, 30000, 'EGO_ITEM_ASSOCIATIONS', current_date, 'riteadmin', current_date, 'riteadmin', NULL, NULL, NULL, NULL,NULL, NULL, NULL, NULL, NULL, NULL, NULL, NULL, NULL, NULL, NULL,'DATA_MIGRATION', 'ITEM_ASSOCIATIONS', 'CR_ITEM_ASSOCIATIONS_C', 'CR_ITEM_ASSOCIATIONS_CLD');

INSERT INTO cr_object_information (object_id,info_type,info_value,info_description,additional_information1,additional_information2,additional_information3,additional_information4,additional_information5,creation_date,created_by,last_update_date,last_update_by,attribute1,attribute2,attribute3,attribute4,attribute5,attribute6,attribute7,attribute8,attribute9,attribute10,attribute11,attribute12,attribute13,attribute14,attribute15) VALUES
	 (68,'DocumentAccount','scm/item/import','','',NULL,NULL,NULL,NULL,current_date,'riteadmin',current_date,'riteadmin',NULL,NULL,NULL,NULL,NULL,NULL,NULL,NULL,NULL,NULL,NULL,NULL,NULL,NULL,NULL),
	 (68,'DocumentSecurityGroup','FAFusionImportExport','','',NULL,NULL,NULL,NULL,current_date,'riteadmin',current_date,'riteadmin',NULL,NULL,NULL,NULL,NULL,NULL,NULL,NULL,NULL,NULL,NULL,NULL,NULL,NULL,NULL),
	 (68,'JobName','/oracle/apps/ess/scm/productModel/items/,ItemImportJobDef','','',NULL,NULL,NULL,NULL,current_date,'riteadmin',current_date,'riteadmin',NULL,NULL,NULL,NULL,NULL,NULL,NULL,NULL,NULL,NULL,NULL,NULL,NULL,NULL,NULL),
	 (68,'InterfaceDetails','29','','',NULL,NULL,NULL,NULL,current_date,'riteadmin',current_date,'riteadmin',NULL,NULL,NULL,NULL,NULL,NULL,NULL,NULL,NULL,NULL,NULL,NULL,NULL,NULL,NULL),
     (68,'Sequence','4','','',NULL,NULL,NULL,NULL,current_date,'riteadmin',current_date,'riteadmin',NULL,NULL,NULL,NULL,NULL,NULL,NULL,NULL,NULL,NULL,NULL,NULL,NULL,NULL,NULL);


-- Item Relationships
INSERT INTO cr_objects (object_id, object_name, object_code, user_object_name, module_code, parent_object_id, fbdi_sheet, hdl_sheet, loader_endpoint, re_con_query, sequence_in_parent, interface_table_name, rejection_table_name, ctl_file_name, xlsm_file_name, immediate_parent, batch_size, base_tables, creation_date, created_by, last_update_date, last_update_by, attribute1, attribute2, attribute3, attribute4, attribute5, attribute6, attribute7, attribute8, attribute9, attribute10, attribute11, attribute12, attribute13, attribute14, attribute15, conversion_type,cld_template_code,cld_metadata_table_name,cld_template_name)
 VALUES (69,'Item Relationships', 'ITEM_RELATIONSHIPS', 'Item Relationships', 'SCM', 64, 'EGP_ITEM_RELATIONSHIPS_INTF',Null,'FBDI', NULL, 5, 'EGP_ITEM_RELATIONSHIPS_INTF','EGP_IMPORT_ERRORS',  'EgpItemRelationshipsIntf', 'ItemImportTemplate', NULL, 30000, 'EGP_ITEM_RELATIONSHIPS_B', current_date, 'riteadmin', current_date, 'riteadmin', NULL, NULL, NULL, NULL,NULL, NULL, NULL, NULL, NULL, NULL, NULL, NULL, NULL, NULL, NULL,'DATA_MIGRATION', 'ITEM_RELATIONSHIPS', 'CR_ITEM_RELATIONSHIPS_C', 'CR_ITEM_RELATIONSHIPS_CLD');

INSERT INTO cr_object_information (object_id,info_type,info_value,info_description,additional_information1,additional_information2,additional_information3,additional_information4,additional_information5,creation_date,created_by,last_update_date,last_update_by,attribute1,attribute2,attribute3,attribute4,attribute5,attribute6,attribute7,attribute8,attribute9,attribute10,attribute11,attribute12,attribute13,attribute14,attribute15) VALUES
	 (69,'DocumentAccount','scm/item/import','','',NULL,NULL,NULL,NULL,current_date,'riteadmin',current_date,'riteadmin',NULL,NULL,NULL,NULL,NULL,NULL,NULL,NULL,NULL,NULL,NULL,NULL,NULL,NULL,NULL),
	 (69,'DocumentSecurityGroup','FAFusionImportExport','','',NULL,NULL,NULL,NULL,current_date,'riteadmin',current_date,'riteadmin',NULL,NULL,NULL,NULL,NULL,NULL,NULL,NULL,NULL,NULL,NULL,NULL,NULL,NULL,NULL),
	 (69,'InterfaceDetails','29','','',NULL,NULL,NULL,NULL,current_date,'riteadmin',current_date,'riteadmin',NULL,NULL,NULL,NULL,NULL,NULL,NULL,NULL,NULL,NULL,NULL,NULL,NULL,NULL,NULL),
	 (69,'JobName','/oracle/apps/ess/scm/productModel/items/,ItemImportJobDef','','',NULL,NULL,NULL,NULL,current_date,'riteadmin',current_date,'riteadmin',NULL,NULL,NULL,NULL,NULL,NULL,NULL,NULL,NULL,NULL,NULL,NULL,NULL,NULL,NULL),
	 (69,'RECON_CLOUD_FAIL_COUNT','SELECT 	count(1) FROM 	EGP_SYSTEM_ITEMS_INTERFACE WHERE 	process_status <> ''7'' 	AND load_request_id = '':load_request_id''','','',NULL,NULL,NULL,NULL,current_date,'riteadmin',current_date,'riteadmin',NULL,NULL,NULL,NULL,NULL,NULL,NULL,NULL,NULL,NULL,NULL,NULL,NULL,NULL,NULL),
	 (69,'Sequence','5','','',NULL,NULL,NULL,NULL,current_date,'riteadmin',current_date,'riteadmin',NULL,NULL,NULL,NULL,NULL,NULL,NULL,NULL,NULL,NULL,NULL,NULL,NULL,NULL,NULL),
	 (69,'RECON_CLOUD_FAIL','SELECT     :src_cols     || '',''     || ''"''     ||     (         SELECT             LISTAGG(message_text, '','') WITHIN GROUP(             ORDER BY                 TRANSACTION_ID             ) error_msg         FROM             EGP_IMPORT_ERRORS         WHERE                 error_table_name = ''EGP_SYSTEM_ITEMS_INTERFACE''             AND TRANSACTION_ID = int.TRANSACTION_ID         GROUP BY             TRANSACTION_ID              || ''"''     )      reject_lookup_code FROM     EGP_SYSTEM_ITEMS_INTERFACE int     , :cld_stg_table cld_stg, :src_stg_table src_stg WHERE         int.process_status <> ''7''     AND cld_stg.cr_batch_name ='':cr_batch_name''     AND int.load_request_id ='':load_request_id''     AND src_stg.orig_trans_id = cld_stg.orig_trans_id     AND cld_stg.ITEM_NUMBER = int.ITEM_NUMBER     AND src_stg.cr_batch_name = cld_stg.cr_batch_name','','',NULL,NULL,NULL,NULL,current_date,'riteadmin',current_date,'riteadmin',NULL,NULL,NULL,NULL,NULL,NULL,NULL,NULL,NULL,NULL,NULL,NULL,NULL,NULL,NULL),
	 (69,'RECON_CLOUD_SUCCESS','SELECT     :src_cols FROM     EGP_SYSTEM_ITEMS_INTERFACE int    , EGP_SYSTEM_ITEMS_B   base   ,:cld_stg_table cld_stg, :src_stg_table src_stg WHERE 1=1     AND    int.process_status = ''7''     AND cld_stg.cr_batch_name = '':cr_batch_name''     AND int.load_request_id ='':load_request_id''     AND src_stg.orig_trans_id = cld_stg.orig_trans_id AND cld_stg.ITEM_NUMBER = int.ITEM_NUMBER AND int.INVENTORY_ITEM_ID = base.INVENTORY_ITEM_ID and int.ORGANIZATION_ID =base.ORGANIZATION_ID','','base.INVENTORY_ITEM_ID base_INVENTORY_ITEM_ID, base.ITEM_TYPE base_ITEM_TYPE, base.INVENTORY_ITEM_STATUS_CODE base_INVENTORY_ITEM_STATUS_CODE, base.organization_id base_organization_id',NULL,NULL,NULL,NULL,current_date,'riteadmin',current_date,'riteadmin',NULL,NULL,NULL,NULL,NULL,NULL,NULL,NULL,NULL,NULL,NULL,NULL,NULL,NULL,NULL);

-- Item EFF
INSERT INTO cr_objects (object_id, object_name, object_code, user_object_name, module_code, parent_object_id, fbdi_sheet, hdl_sheet, loader_endpoint, re_con_query, sequence_in_parent, interface_table_name, rejection_table_name, ctl_file_name, xlsm_file_name, immediate_parent, batch_size, base_tables, creation_date, created_by, last_update_date, last_update_by, attribute1, attribute2, attribute3, attribute4, attribute5, attribute6, attribute7, attribute8, attribute9, attribute10, attribute11, attribute12, attribute13, attribute14, attribute15, conversion_type,cld_template_code,cld_metadata_table_name,cld_template_name)
 VALUES (70,'Item EFF', 'ITEM_EFF', 'Item EFF', 'SCM', 64, 'EGO_ITEM_INTF_EFF_B',Null,'FBDI', NULL, 6, 'EGO_ITEM_INTF_EFF_B', 'EGP_IMPORT_ERRORS',  'EgoItemIntfEffb', 'ItemImportTemplate', NULL, 30000, 'EGO_ITEM_EFF_B', current_date, 'riteadmin', current_date, 'riteadmin', NULL, NULL, NULL, NULL,NULL, NULL, NULL, NULL, NULL, NULL, NULL, NULL, NULL, NULL, NULL,'DATA_MIGRATION', 'ITEM_EFF', 'CR_ITEM_EFF_C', 'CR_ITEM_EFF_CLD');

INSERT INTO cr_object_information (object_id,info_type,info_value,info_description,additional_information1,additional_information2,additional_information3,additional_information4,additional_information5,creation_date,created_by,last_update_date,last_update_by,attribute1,attribute2,attribute3,attribute4,attribute5,attribute6,attribute7,attribute8,attribute9,attribute10,attribute11,attribute12,attribute13,attribute14,attribute15) VALUES
	 (70,'DocumentAccount','scm/item/import','','',NULL,NULL,NULL,NULL,current_date,'riteadmin',current_date,'riteadmin',NULL,NULL,NULL,NULL,NULL,NULL,NULL,NULL,NULL,NULL,NULL,NULL,NULL,NULL,NULL),
	 (70,'DocumentSecurityGroup','FAFusionImportExport','','',NULL,NULL,NULL,NULL,current_date,'riteadmin',current_date,'riteadmin',NULL,NULL,NULL,NULL,NULL,NULL,NULL,NULL,NULL,NULL,NULL,NULL,NULL,NULL,NULL),
	 (70,'JobName','/oracle/apps/ess/scm/productModel/items/,ItemImportJobDef','','',NULL,NULL,NULL,NULL,current_date,'riteadmin',current_date,'riteadmin',NULL,NULL,NULL,NULL,NULL,NULL,NULL,NULL,NULL,NULL,NULL,NULL,NULL,NULL,NULL),
	 (70,'InterfaceDetails','29','','',NULL,NULL,NULL,NULL,current_date,'riteadmin',current_date,'riteadmin',NULL,NULL,NULL,NULL,NULL,NULL,NULL,NULL,NULL,NULL,NULL,NULL,NULL,NULL,NULL),
	 (70,'Sequence','6','','',NULL,NULL,NULL,NULL,current_date,'riteadmin',current_date,'riteadmin',NULL,NULL,NULL,NULL,NULL,NULL,NULL,NULL,NULL,NULL,NULL,NULL,NULL,NULL,NULL);


-- Item Translatable EFF
INSERT INTO cr_objects (object_id, object_name, object_code, user_object_name, module_code, parent_object_id, fbdi_sheet, hdl_sheet, loader_endpoint, re_con_query, sequence_in_parent, interface_table_name, rejection_table_name, ctl_file_name, xlsm_file_name, immediate_parent, batch_size, base_tables, creation_date, created_by, last_update_date, last_update_by, attribute1, attribute2, attribute3, attribute4, attribute5, attribute6, attribute7, attribute8, attribute9, attribute10, attribute11, attribute12, attribute13, attribute14, attribute15, conversion_type,cld_template_code,cld_metadata_table_name,cld_template_name)
 VALUES (71,'Item Translatable EFF', 'ITEM_TRANSLATABLE_EFF', 'Item Translatable EFF', 'SCM', 64, 'EGO_ITEM_INTF_EFF_TL',Null,'FBDI', NULL, 7, 'EGO_ITEM_INTF_EFF_TL','EGP_IMPORT_ERRORS',  'EgoItemIntfEfftl', 'ItemImportTemplate', NULL, 30000, 'EGO_ITEM_EFF_TL', current_date, 'riteadmin', current_date, 'riteadmin', NULL, NULL, NULL, NULL,NULL, NULL, NULL, NULL, NULL, NULL, NULL, NULL, NULL, NULL, NULL,'DATA_MIGRATION', 'ITEM_TRANSLATABLE_EFF', 'CR_ITEM_TRANSLATABLE_EFF_C', 'CR_ITEM_TRANSLATABLE_EFF_CLD');

INSERT INTO cr_object_information (object_id,info_type,info_value,info_description,additional_information1,additional_information2,additional_information3,additional_information4,additional_information5,creation_date,created_by,last_update_date,last_update_by,attribute1,attribute2,attribute3,attribute4,attribute5,attribute6,attribute7,attribute8,attribute9,attribute10,attribute11,attribute12,attribute13,attribute14,attribute15) VALUES
	 (71,'DocumentAccount','scm/item/import','','',NULL,NULL,NULL,NULL,current_date,'riteadmin',current_date,'riteadmin',NULL,NULL,NULL,NULL,NULL,NULL,NULL,NULL,NULL,NULL,NULL,NULL,NULL,NULL,NULL),
	 (71,'DocumentSecurityGroup','FAFusionImportExport','','',NULL,NULL,NULL,NULL,current_date,'riteadmin',current_date,'riteadmin',NULL,NULL,NULL,NULL,NULL,NULL,NULL,NULL,NULL,NULL,NULL,NULL,NULL,NULL,NULL),
	 (71,'JobName','/oracle/apps/ess/scm/productModel/items/,ItemImportJobDef','','',NULL,NULL,NULL,NULL,current_date,'riteadmin',current_date,'riteadmin',NULL,NULL,NULL,NULL,NULL,NULL,NULL,NULL,NULL,NULL,NULL,NULL,NULL,NULL,NULL),
	 (71,'InterfaceDetails','29','','',NULL,NULL,NULL,NULL,current_date,'riteadmin',current_date,'riteadmin',NULL,NULL,NULL,NULL,NULL,NULL,NULL,NULL,NULL,NULL,NULL,NULL,NULL,NULL,NULL),
     (71,'Sequence','7','','',NULL,NULL,NULL,NULL,current_date,'riteadmin',current_date,'riteadmin',NULL,NULL,NULL,NULL,NULL,NULL,NULL,NULL,NULL,NULL,NULL,NULL,NULL,NULL,NULL);


-- Item Revision EFF
INSERT INTO cr_objects (object_id, object_name, object_code, user_object_name, module_code, parent_object_id, fbdi_sheet, hdl_sheet, loader_endpoint, re_con_query, sequence_in_parent, interface_table_name, rejection_table_name, ctl_file_name, xlsm_file_name, immediate_parent, batch_size, base_tables, creation_date, created_by, last_update_date, last_update_by, attribute1, attribute2, attribute3, attribute4, attribute5, attribute6, attribute7, attribute8, attribute9, attribute10, attribute11, attribute12, attribute13, attribute14, attribute15, conversion_type,cld_template_code,cld_metadata_table_name,cld_template_name)
 VALUES (72,'Item Revision EFF', 'ITEM_REVISION_EFF', 'Item Revision EFF', 'SCM', 64, 'EGO_ITEM_REVISION_INTF_EFF_B',Null,'FBDI', NULL, 8, 'EGO_ITEM_REVISION_INTF_EFF_B','EGP_IMPORT_ERRORS',  'EgoItemRevisionIntfEffb', 'ItemImportTemplate', NULL, 30000, 'EGO_ITEM_REVISION_EFF_B', current_date, 'riteadmin', current_date, 'riteadmin', NULL, NULL, NULL, NULL,NULL, NULL, NULL, NULL, NULL, NULL, NULL, NULL, NULL, NULL, NULL,'DATA_MIGRATION', 'ITEM_REVISION_EFF', 'CR_ITEM_REVISION_EFF_C', 'CR_ITEM_REVISION_EFF_CLD');

INSERT INTO cr_object_information (object_id,info_type,info_value,info_description,additional_information1,additional_information2,additional_information3,additional_information4,additional_information5,creation_date,created_by,last_update_date,last_update_by,attribute1,attribute2,attribute3,attribute4,attribute5,attribute6,attribute7,attribute8,attribute9,attribute10,attribute11,attribute12,attribute13,attribute14,attribute15) VALUES
	 (72,'DocumentAccount','scm/item/import','','',NULL,NULL,NULL,NULL,current_date,'riteadmin',current_date,'riteadmin',NULL,NULL,NULL,NULL,NULL,NULL,NULL,NULL,NULL,NULL,NULL,NULL,NULL,NULL,NULL),
	 (72,'DocumentSecurityGroup','FAFusionImportExport','','',NULL,NULL,NULL,NULL,current_date,'riteadmin',current_date,'riteadmin',NULL,NULL,NULL,NULL,NULL,NULL,NULL,NULL,NULL,NULL,NULL,NULL,NULL,NULL,NULL),
	 (72,'JobName','/oracle/apps/ess/scm/productModel/items/,ItemImportJobDef','','',NULL,NULL,NULL,NULL,current_date,'riteadmin',current_date,'riteadmin',NULL,NULL,NULL,NULL,NULL,NULL,NULL,NULL,NULL,NULL,NULL,NULL,NULL,NULL,NULL),
	 (72,'InterfaceDetails','29','','',NULL,NULL,NULL,NULL,current_date,'riteadmin',current_date,'riteadmin',NULL,NULL,NULL,NULL,NULL,NULL,NULL,NULL,NULL,NULL,NULL,NULL,NULL,NULL,NULL),
     (72,'Sequence','8','','',NULL,NULL,NULL,NULL,current_date,'riteadmin',current_date,'riteadmin',NULL,NULL,NULL,NULL,NULL,NULL,NULL,NULL,NULL,NULL,NULL,NULL,NULL,NULL,NULL);


-- Item Revision Translatable EFF
INSERT INTO cr_objects (object_id, object_name, object_code, user_object_name, module_code, parent_object_id, fbdi_sheet, hdl_sheet, loader_endpoint, re_con_query, sequence_in_parent, interface_table_name, rejection_table_name, ctl_file_name, xlsm_file_name, immediate_parent, batch_size, base_tables, creation_date, created_by, last_update_date, last_update_by, attribute1, attribute2, attribute3, attribute4, attribute5, attribute6, attribute7, attribute8, attribute9, attribute10, attribute11, attribute12, attribute13, attribute14, attribute15, conversion_type,cld_template_code,cld_metadata_table_name,cld_template_name)
 VALUES (73,'Item Revision Translatable EFF', 'ITEM_REVISION_TRANSLATABLE_EFF', 'Item Revision Translatable EFF', 'SCM', 64, 'EGO_ITEM_REVISION_INTF_EFF_TL',Null,'FBDI', NULL, 9, 'EGO_ITEM_REVISION_INTF_EFF_TL', 'EGP_IMPORT_ERRORS', 'EgoItemRevisionIntfEfftl', 'ItemImportTemplate', NULL, 30000, 'EGO_ITEM_REVISION_EFF_TL', current_date, 'riteadmin', current_date, 'riteadmin', NULL, NULL, NULL, NULL,NULL, NULL, NULL, NULL, NULL, NULL, NULL, NULL, NULL, NULL, NULL,'DATA_MIGRATION', 'ITEM_REVISION_TRANSLATABLE_EFF', 'CR_ITEM_REVISION_TRANSLATABLE_EFF_C', 'CR_ITEM_REVISION_TRANSLATABLE_EFF_CLD');

INSERT INTO cr_object_information (object_id,info_type,info_value,info_description,additional_information1,additional_information2,additional_information3,additional_information4,additional_information5,creation_date,created_by,last_update_date,last_update_by,attribute1,attribute2,attribute3,attribute4,attribute5,attribute6,attribute7,attribute8,attribute9,attribute10,attribute11,attribute12,attribute13,attribute14,attribute15) VALUES
	 (73,'DocumentAccount','scm/item/import','','',NULL,NULL,NULL,NULL,current_date,'riteadmin',current_date,'riteadmin',NULL,NULL,NULL,NULL,NULL,NULL,NULL,NULL,NULL,NULL,NULL,NULL,NULL,NULL,NULL),
	 (73,'DocumentSecurityGroup','FAFusionImportExport','','',NULL,NULL,NULL,NULL,current_date,'riteadmin',current_date,'riteadmin',NULL,NULL,NULL,NULL,NULL,NULL,NULL,NULL,NULL,NULL,NULL,NULL,NULL,NULL,NULL),
	 (73,'JobName','/oracle/apps/ess/scm/productModel/items/,ItemImportJobDef','','',NULL,NULL,NULL,NULL,current_date,'riteadmin',current_date,'riteadmin',NULL,NULL,NULL,NULL,NULL,NULL,NULL,NULL,NULL,NULL,NULL,NULL,NULL,NULL,NULL),
	 (73,'InterfaceDetails','29','','',NULL,NULL,NULL,NULL,current_date,'riteadmin',current_date,'riteadmin',NULL,NULL,NULL,NULL,NULL,NULL,NULL,NULL,NULL,NULL,NULL,NULL,NULL,NULL,NULL),
     (73,'Sequence','9','','',NULL,NULL,NULL,NULL,current_date,'riteadmin',current_date,'riteadmin',NULL,NULL,NULL,NULL,NULL,NULL,NULL,NULL,NULL,NULL,NULL,NULL,NULL,NULL,NULL);


-- Item Supplier EFF
INSERT INTO cr_objects (object_id, object_name, object_code, user_object_name, module_code, parent_object_id, fbdi_sheet, hdl_sheet, loader_endpoint, re_con_query, sequence_in_parent, interface_table_name, rejection_table_name, ctl_file_name, xlsm_file_name, immediate_parent, batch_size, base_tables, creation_date, created_by, last_update_date, last_update_by, attribute1, attribute2, attribute3, attribute4, attribute5, attribute6, attribute7, attribute8, attribute9, attribute10, attribute11, attribute12, attribute13, attribute14, attribute15, conversion_type,cld_template_code,cld_metadata_table_name,cld_template_name)
 VALUES (74,'Item Supplier EFF', 'ITEM_SUPPLIER_EFF', 'Item Supplier EFF', 'SCM', 64, 'EGO_ITEM_SUPPLIER_INTF_EFF_B',Null,'FBDI', NULL, 10, 'EGO_ITEM_SUPPLIER_INTF_EFF_B', 'EGP_IMPORT_ERRORS', 'EgoItemSupplierIntfEffb', 'ItemImportTemplate', NULL, 30000, 'EGO_ITEM_SUPPLIER_EFF_B', current_date, 'riteadmin', current_date, 'riteadmin', NULL, NULL, NULL, NULL,NULL, NULL, NULL, NULL, NULL, NULL, NULL, NULL, NULL, NULL, NULL,'DATA_MIGRATION', 'ITEM_SUPPLIER_EFF', 'CR_ITEM_SUPPLIER_EFF_C', 'CR_ITEM_SUPPLIER_EFF_CLD');

INSERT INTO cr_object_information (object_id,info_type,info_value,info_description,additional_information1,additional_information2,additional_information3,additional_information4,additional_information5,creation_date,created_by,last_update_date,last_update_by,attribute1,attribute2,attribute3,attribute4,attribute5,attribute6,attribute7,attribute8,attribute9,attribute10,attribute11,attribute12,attribute13,attribute14,attribute15) VALUES
	 (74,'DocumentAccount','scm/item/import','','',NULL,NULL,NULL,NULL,current_date,'riteadmin',current_date,'riteadmin',NULL,NULL,NULL,NULL,NULL,NULL,NULL,NULL,NULL,NULL,NULL,NULL,NULL,NULL,NULL),
	 (74,'DocumentSecurityGroup','FAFusionImportExport','','',NULL,NULL,NULL,NULL,current_date,'riteadmin',current_date,'riteadmin',NULL,NULL,NULL,NULL,NULL,NULL,NULL,NULL,NULL,NULL,NULL,NULL,NULL,NULL,NULL),
	 (74,'JobName','/oracle/apps/ess/scm/productModel/items/,ItemImportJobDef','','',NULL,NULL,NULL,NULL,current_date,'riteadmin',current_date,'riteadmin',NULL,NULL,NULL,NULL,NULL,NULL,NULL,NULL,NULL,NULL,NULL,NULL,NULL,NULL,NULL),
	 (74,'InterfaceDetails','29','','',NULL,NULL,NULL,NULL,current_date,'riteadmin',current_date,'riteadmin',NULL,NULL,NULL,NULL,NULL,NULL,NULL,NULL,NULL,NULL,NULL,NULL,NULL,NULL,NULL),
     (74,'Sequence','10','','',NULL,NULL,NULL,NULL,current_date,'riteadmin',current_date,'riteadmin',NULL,NULL,NULL,NULL,NULL,NULL,NULL,NULL,NULL,NULL,NULL,NULL,NULL,NULL,NULL);


-- Item Supplier Translatable EFF
INSERT INTO cr_objects (object_id, object_name, object_code, user_object_name, module_code, parent_object_id, fbdi_sheet, hdl_sheet, loader_endpoint, re_con_query, sequence_in_parent, interface_table_name, rejection_table_name, ctl_file_name, xlsm_file_name, immediate_parent, batch_size, base_tables, creation_date, created_by, last_update_date, last_update_by, attribute1, attribute2, attribute3, attribute4, attribute5, attribute6, attribute7, attribute8, attribute9, attribute10, attribute11, attribute12, attribute13, attribute14, attribute15, conversion_type,cld_template_code,cld_metadata_table_name,cld_template_name)
 VALUES (75,'Item Supplier Translatable EFF', 'ITEM_SUPPLIER_TRANSLATABLE_EFF', 'Item Supplier Translatable EFF', 'SCM', 64, 'EGO_ITEM_SUPPLIER_INTF_EFF_TL',Null,'FBDI', NULL, 11, 'EGO_ITEM_SUPPLIER_INTF_EFF_TL', 'EGP_IMPORT_ERRORS', 'EgoItemSupplierIntfEfftl', 'ItemImportTemplate', NULL, 30000, 'EGO_ITEM_SUPPLIER_EFF_TL', current_date, 'riteadmin', current_date, 'riteadmin', NULL, NULL, NULL, NULL,NULL, NULL, NULL, NULL, NULL, NULL, NULL, NULL, NULL, NULL, NULL,'DATA_MIGRATION', 'ITEM_SUPPLIER_TRANSLATABLE_EFF', 'CR_ITEM_SUPPLIER_TRANSLATABLE_EFF_C', 'CR_ITEM_SUPPLIER_TRANSLATABLE_EFF_CLD');

INSERT INTO cr_object_information (object_id,info_type,info_value,info_description,additional_information1,additional_information2,additional_information3,additional_information4,additional_information5,creation_date,created_by,last_update_date,last_update_by,attribute1,attribute2,attribute3,attribute4,attribute5,attribute6,attribute7,attribute8,attribute9,attribute10,attribute11,attribute12,attribute13,attribute14,attribute15) VALUES
	 (75,'DocumentAccount','scm/item/import','','',NULL,NULL,NULL,NULL,current_date,'riteadmin',current_date,'riteadmin',NULL,NULL,NULL,NULL,NULL,NULL,NULL,NULL,NULL,NULL,NULL,NULL,NULL,NULL,NULL),
	 (75,'DocumentSecurityGroup','FAFusionImportExport','','',NULL,NULL,NULL,NULL,current_date,'riteadmin',current_date,'riteadmin',NULL,NULL,NULL,NULL,NULL,NULL,NULL,NULL,NULL,NULL,NULL,NULL,NULL,NULL,NULL),
	 (75,'JobName','/oracle/apps/ess/scm/productModel/items/,ItemImportJobDef','','',NULL,NULL,NULL,NULL,current_date,'riteadmin',current_date,'riteadmin',NULL,NULL,NULL,NULL,NULL,NULL,NULL,NULL,NULL,NULL,NULL,NULL,NULL,NULL,NULL),
	 (75,'InterfaceDetails','29','','',NULL,NULL,NULL,NULL,current_date,'riteadmin',current_date,'riteadmin',NULL,NULL,NULL,NULL,NULL,NULL,NULL,NULL,NULL,NULL,NULL,NULL,NULL,NULL,NULL),
     (75,'Sequence','11','','',NULL,NULL,NULL,NULL,current_date,'riteadmin',current_date,'riteadmin',NULL,NULL,NULL,NULL,NULL,NULL,NULL,NULL,NULL,NULL,NULL,NULL,NULL,NULL,NULL);


-- Item Style Variant Attribute Value Sets
INSERT INTO cr_objects (object_id, object_name, object_code, user_object_name, module_code, parent_object_id, fbdi_sheet, hdl_sheet, loader_endpoint, re_con_query, sequence_in_parent, interface_table_name, rejection_table_name, ctl_file_name, xlsm_file_name, immediate_parent, batch_size, base_tables, creation_date, created_by, last_update_date, last_update_by, attribute1, attribute2, attribute3, attribute4, attribute5, attribute6, attribute7, attribute8, attribute9, attribute10, attribute11, attribute12, attribute13, attribute14, attribute15, conversion_type,cld_template_code,cld_metadata_table_name,cld_template_name)
 VALUES (76,'Item Style Variant Attribute Value Sets', 'ITEM_STYLE_VARIANT_ATTRIBUTE_VALUE_SETS', 'Item Style Variant Attribute Value Sets', 'SCM', 64, 'EGO_STYLE_VARIANT_ATTR_VS_INTF',Null,'FBDI', NULL, 12, 'EGO_STYLE_VARIANT_ATTR_VS_INTF','EGP_IMPORT_ERRORS',  'EgoStyleVariantAttrvsIntf', 'ItemImportTemplate', NULL, 30000, 'EGO_STYLE_VARIANT_ATTR_VS', current_date, 'riteadmin', current_date, 'riteadmin', NULL, NULL, NULL, NULL,NULL, NULL, NULL, NULL, NULL, NULL, NULL, NULL, NULL, NULL, NULL,'DATA_MIGRATION', 'ITEM_STY_VARIANT_ATTR_VS', 'CR_ITEM_STY_VARIANT_ATTR_VS_C', 'CR_ITEM_STY_VARIANT_ATTR_VS_CLD');

INSERT INTO cr_object_information (object_id,info_type,info_value,info_description,additional_information1,additional_information2,additional_information3,additional_information4,additional_information5,creation_date,created_by,last_update_date,last_update_by,attribute1,attribute2,attribute3,attribute4,attribute5,attribute6,attribute7,attribute8,attribute9,attribute10,attribute11,attribute12,attribute13,attribute14,attribute15) VALUES
	 (76,'DocumentAccount','scm/item/import','','',NULL,NULL,NULL,NULL,current_date,'riteadmin',current_date,'riteadmin',NULL,NULL,NULL,NULL,NULL,NULL,NULL,NULL,NULL,NULL,NULL,NULL,NULL,NULL,NULL),
	 (76,'DocumentSecurityGroup','FAFusionImportExport','','',NULL,NULL,NULL,NULL,current_date,'riteadmin',current_date,'riteadmin',NULL,NULL,NULL,NULL,NULL,NULL,NULL,NULL,NULL,NULL,NULL,NULL,NULL,NULL,NULL),
	 (76,'JobName','/oracle/apps/ess/scm/productModel/items/,ItemImportJobDef','','',NULL,NULL,NULL,NULL,current_date,'riteadmin',current_date,'riteadmin',NULL,NULL,NULL,NULL,NULL,NULL,NULL,NULL,NULL,NULL,NULL,NULL,NULL,NULL,NULL),
	 (76,'InterfaceDetails','29','','',NULL,NULL,NULL,NULL,current_date,'riteadmin',current_date,'riteadmin',NULL,NULL,NULL,NULL,NULL,NULL,NULL,NULL,NULL,NULL,NULL,NULL,NULL,NULL,NULL),
     (76,'Sequence','12','','',NULL,NULL,NULL,NULL,current_date,'riteadmin',current_date,'riteadmin',NULL,NULL,NULL,NULL,NULL,NULL,NULL,NULL,NULL,NULL,NULL,NULL,NULL,NULL,NULL);


-- Trading Partner Items Import
INSERT INTO cr_objects (object_id, object_name, object_code, user_object_name, module_code, parent_object_id, fbdi_sheet, hdl_sheet, loader_endpoint, re_con_query, sequence_in_parent, interface_table_name, rejection_table_name, ctl_file_name, xlsm_file_name, immediate_parent, batch_size, base_tables, creation_date, created_by, last_update_date, last_update_by, attribute1, attribute2, attribute3, attribute4, attribute5, attribute6, attribute7, attribute8, attribute9, attribute10, attribute11, attribute12, attribute13, attribute14, attribute15, conversion_type,cld_template_code,cld_metadata_table_name,cld_template_name)
 VALUES (77,'Trading Partner Items Import', 'TRADING_PARTNER_ITEMS_IMPORT', 'Trading Partner Items Import', 'SCM', 64, 'EGP_TRADING_PARTNER_ITEMS_INTF',Null,'FBDI', NULL, 13, 'EGP_TRADING_PARTNER_ITEMS_INTF', 'EGP_IMPORT_ERRORS', 'EgpTradingPartnerItemsIntf', 'ItemImportTemplate', NULL, 30000, 'EGP_TRADING_PARTNER_ITEMS', current_date, 'riteadmin', current_date, 'riteadmin', NULL, NULL, NULL, NULL,NULL, NULL, NULL, NULL, NULL, NULL, NULL, NULL, NULL, NULL, NULL,'DATA_MIGRATION', 'TRADING_PARTNER_ITEMS_IMPORT', 'CR_TRADING_PARTNER_ITEMS_IMPORT_C', 'CR_TRADING_PARTNER_ITEMS_IMPORT_CLD');

INSERT INTO cr_object_information (object_id,info_type,info_value,info_description,additional_information1,additional_information2,additional_information3,additional_information4,additional_information5,creation_date,created_by,last_update_date,last_update_by,attribute1,attribute2,attribute3,attribute4,attribute5,attribute6,attribute7,attribute8,attribute9,attribute10,attribute11,attribute12,attribute13,attribute14,attribute15) VALUES
	 (77,'DocumentAccount','scm/item/import','','',NULL,NULL,NULL,NULL,current_date,'riteadmin',current_date,'riteadmin',NULL,NULL,NULL,NULL,NULL,NULL,NULL,NULL,NULL,NULL,NULL,NULL,NULL,NULL,NULL),
	 (77,'DocumentSecurityGroup','FAFusionImportExport','','',NULL,NULL,NULL,NULL,current_date,'riteadmin',current_date,'riteadmin',NULL,NULL,NULL,NULL,NULL,NULL,NULL,NULL,NULL,NULL,NULL,NULL,NULL,NULL,NULL),
	 (77,'JobName','/oracle/apps/ess/scm/productModel/items/,ItemImportJobDef','','',NULL,NULL,NULL,NULL,current_date,'riteadmin',current_date,'riteadmin',NULL,NULL,NULL,NULL,NULL,NULL,NULL,NULL,NULL,NULL,NULL,NULL,NULL,NULL,NULL),
	 (77,'InterfaceDetails','29','','',NULL,NULL,NULL,NULL,current_date,'riteadmin',current_date,'riteadmin',NULL,NULL,NULL,NULL,NULL,NULL,NULL,NULL,NULL,NULL,NULL,NULL,NULL,NULL,NULL),
     (77,'Sequence','13','','',NULL,NULL,NULL,NULL,current_date,'riteadmin',current_date,'riteadmin',NULL,NULL,NULL,NULL,NULL,NULL,NULL,NULL,NULL,NULL,NULL,NULL,NULL,NULL,NULL);


-- Item Cost Import
INSERT INTO cr_objects (object_id, object_name, object_code, user_object_name, module_code, parent_object_id, fbdi_sheet, hdl_sheet, loader_endpoint, re_con_query, sequence_in_parent, interface_table_name, rejection_table_name, ctl_file_name, xlsm_file_name, immediate_parent, batch_size, base_tables, creation_date, created_by, last_update_date, last_update_by, attribute1, attribute2, attribute3, attribute4, attribute5, attribute6, attribute7, attribute8, attribute9, attribute10, attribute11, attribute12, attribute13, attribute14, attribute15, conversion_type,cld_template_code,cld_metadata_table_name,cld_template_name)
 VALUES (78,'Item Cost Import', 'ITEM_COST_IMPORT', 'Item Cost Import', 'SCM', 64, '',Null,'FBDI', NULL, 14, '',  '',null, 'ItemImportTemplate', NULL, 30000, NULL, current_date, 'riteadmin', current_date, 'riteadmin', NULL, NULL, NULL, NULL,NULL, NULL, NULL, NULL, NULL, NULL, NULL, NULL, NULL, NULL, NULL,'DATA_MIGRATION', 'ITEM_COST_IMPORT', 'CR_ITEM_COST_IMPORT_C', 'CR_ITEM_COST_IMPORT_CLD');

INSERT INTO cr_object_information (object_id,info_type,info_value,info_description,additional_information1,additional_information2,additional_information3,additional_information4,additional_information5,creation_date,created_by,last_update_date,last_update_by,attribute1,attribute2,attribute3,attribute4,attribute5,attribute6,attribute7,attribute8,attribute9,attribute10,attribute11,attribute12,attribute13,attribute14,attribute15) VALUES
	 (78,'DocumentAccount','scm/item/import','','',NULL,NULL,NULL,NULL,current_date,'riteadmin',current_date,'riteadmin',NULL,NULL,NULL,NULL,NULL,NULL,NULL,NULL,NULL,NULL,NULL,NULL,NULL,NULL,NULL),
	 (78,'DocumentSecurityGroup','FAFusionImportExport','','',NULL,NULL,NULL,NULL,current_date,'riteadmin',current_date,'riteadmin',NULL,NULL,NULL,NULL,NULL,NULL,NULL,NULL,NULL,NULL,NULL,NULL,NULL,NULL,NULL),
	 (78,'JobName','/oracle/apps/ess/scm/productModel/items/,ItemImportJobDef','','',NULL,NULL,NULL,NULL,current_date,'riteadmin',current_date,'riteadmin',NULL,NULL,NULL,NULL,NULL,NULL,NULL,NULL,NULL,NULL,NULL,NULL,NULL,NULL,NULL),
	 (78,'InterfaceDetails','29','','',NULL,NULL,NULL,NULL,current_date,'riteadmin',current_date,'riteadmin',NULL,NULL,NULL,NULL,NULL,NULL,NULL,NULL,NULL,NULL,NULL,NULL,NULL,NULL,NULL),
     (78,'Sequence','14','','',NULL,NULL,NULL,NULL,current_date,'riteadmin',current_date,'riteadmin',NULL,NULL,NULL,NULL,NULL,NULL,NULL,NULL,NULL,NULL,NULL,NULL,NULL,NULL,NULL);

-- Inventory Transaction Parent
INSERT INTO cr_objects (object_id, object_name, object_code, user_object_name, module_code, parent_object_id, fbdi_sheet, hdl_sheet, loader_endpoint, re_con_query, sequence_in_parent, interface_table_name, rejection_table_name, ctl_file_name, xlsm_file_name, immediate_parent, batch_size, base_tables, creation_date, created_by, last_update_date, last_update_by, attribute1, attribute2, attribute3, attribute4, attribute5, attribute6, attribute7, attribute8, attribute9, attribute10, attribute11, attribute12, attribute13, attribute14, attribute15, conversion_type,cld_template_code,cld_metadata_table_name,cld_template_name) 
	VALUES (79,'Inventory Transaction Parent', 'INVENTORY_TRANSACTION_PARENT', 'Inventory Transaction Parent', 'SCM', NULL, '',null, 'FBDI', NULL, NULL, '',  '', '',null, NULL, 30000, NULL, current_date, 'riteadmin', current_date, 'riteadmin', NULL, NULL, NULL, NULL,NULL, NULL, NULL, NULL, NULL, NULL, NULL, NULL, NULL, NULL, NULL,'DATA_MIGRATION', NULL, NULL, NULL);

-- Inventory Transactions
INSERT INTO cr_objects (object_id, object_name, object_code, user_object_name, module_code, parent_object_id, fbdi_sheet, hdl_sheet, loader_endpoint, re_con_query, sequence_in_parent, interface_table_name, rejection_table_name, ctl_file_name, xlsm_file_name, immediate_parent, batch_size, base_tables, creation_date, created_by, last_update_date, last_update_by, attribute1, attribute2, attribute3, attribute4, attribute5, attribute6, attribute7, attribute8, attribute9, attribute10, attribute11, attribute12, attribute13, attribute14, attribute15, conversion_type,cld_template_code,cld_metadata_table_name,cld_template_name) 
	VALUES (80,'Inventory Transactions', 'INVENTORY_TRANSACTIONS', 'Inventory Transactions', 'SCM', 79, 'INV_TRANSACTIONS_INTERFACE',null,'FBDI', NULL, 1, 'INV_TRANSACTIONS_INTERFACE','INV_PROCESSING_ERRORS', 'InvTransactionsInterface', 'InventoryTransactionImportTemplate', NULL, 30000, 'INV_MATERIAL_TXNS', current_date, 'riteadmin', current_date, 'riteadmin', NULL, NULL, NULL, NULL,NULL, NULL, NULL, NULL, NULL, NULL, NULL, NULL, NULL, NULL, NULL,'DATA_MIGRATION', 'INVENTORY_TRANSACTIONS', 'CR_INVENTORY_TRANSACTIONS_C', 'CR_INVENTORY_TRANSACTIONS_CLD');

INSERT INTO cr_object_information (object_id,info_type,info_value,info_description,additional_information1,additional_information2,additional_information3,additional_information4,additional_information5,creation_date,created_by,last_update_date,last_update_by,attribute1,attribute2,attribute3,attribute4,attribute5,attribute6,attribute7,attribute8,attribute9,attribute10,attribute11,attribute12,attribute13,attribute14,attribute15) VALUES
		 (80,'Sequence','1','','',NULL,NULL,NULL,NULL,current_date,'riteadmin',current_date,'riteadmin',NULL,NULL,NULL,NULL,NULL,NULL,NULL,NULL,NULL,NULL,NULL,NULL,NULL,NULL,NULL),
		 (80,'DocumentAccount','scm/inventoryTransaction/import','','',NULL,NULL,NULL,NULL,current_date,'riteadmin',current_date,'riteadmin',NULL,NULL,NULL,NULL,NULL,NULL,NULL,NULL,NULL,NULL,NULL,NULL,NULL,NULL,NULL),
		 (80,'DocumentSecurityGroup','FAFusionImportExport','','',NULL,NULL,NULL,NULL,current_date,'riteadmin',current_date,'riteadmin',NULL,NULL,NULL,NULL,NULL,NULL,NULL,NULL,NULL,NULL,NULL,NULL,NULL,NULL,NULL),
		 (80,'InterfaceDetails','33','','',NULL,NULL,NULL,NULL,current_date,'riteadmin',current_date,'riteadmin',NULL,NULL,NULL,NULL,NULL,NULL,NULL,NULL,NULL,NULL,NULL,NULL,NULL,NULL,NULL),
		 (80,'JobName','/oracle/apps/ess/scm/costing/standardCosts/stdCostInterface,cstStdCostInterfaceJob','','',NULL,NULL,NULL,NULL,current_date,'riteadmin',current_date,'riteadmin',NULL,NULL,NULL,NULL,NULL,NULL,NULL,NULL,NULL,NULL,NULL,NULL,NULL,NULL,NULL);



	-- Inventory Lots
INSERT INTO cr_objects (object_id, object_name, object_code, user_object_name, module_code, parent_object_id, fbdi_sheet, hdl_sheet, loader_endpoint, re_con_query, sequence_in_parent, interface_table_name, rejection_table_name, ctl_file_name, xlsm_file_name, immediate_parent, batch_size, base_tables, creation_date, created_by, last_update_date, last_update_by, attribute1, attribute2, attribute3, attribute4, attribute5, attribute6, attribute7, attribute8, attribute9, attribute10, attribute11, attribute12, attribute13, attribute14, attribute15, conversion_type,cld_template_code,cld_metadata_table_name,cld_template_name) 
VALUES (81,'Inventory Lots', 'INVENTORY_LOTS', 'Inventory Lots', 'SCM', 79, 'INV_TRANSACTION_LOTS_INTERFACE',null,'FBDI', NULL, 2, 'INV_TRANSACTION_LOTS_INTERFACE', 'INV_PROCESSING_ERRORS', 'InvTransactionLotsInterface', 'InventoryTransactionImportTemplate', NULL, 30000, 'INV_TRANSACTION_LOT_NUMBERS', current_date, 'riteadmin', current_date, 'riteadmin', NULL, NULL, NULL, NULL,NULL, NULL, NULL, NULL, NULL, NULL, NULL, NULL, NULL, NULL, NULL,'DATA_MIGRATION', 'INVENTORY_LOTS', 'CR_INVENTORY_LOTS_C', 'CR_INVENTORY_LOTS_CLD');

INSERT INTO cr_object_information (object_id,info_type,info_value,info_description,additional_information1,additional_information2,additional_information3,additional_information4,additional_information5,creation_date,created_by,last_update_date,last_update_by,attribute1,attribute2,attribute3,attribute4,attribute5,attribute6,attribute7,attribute8,attribute9,attribute10,attribute11,attribute12,attribute13,attribute14,attribute15) VALUES
		 (81,'Sequence','2','','',NULL,NULL,NULL,NULL,current_date,'riteadmin',current_date,'riteadmin',NULL,NULL,NULL,NULL,NULL,NULL,NULL,NULL,NULL,NULL,NULL,NULL,NULL,NULL,NULL),
		 (81,'DocumentAccount','scm/inventoryTransaction/import','','',NULL,NULL,NULL,NULL,current_date,'riteadmin',current_date,'riteadmin',NULL,NULL,NULL,NULL,NULL,NULL,NULL,NULL,NULL,NULL,NULL,NULL,NULL,NULL,NULL),
		 (81,'DocumentSecurityGroup','FAFusionImportExport','','',NULL,NULL,NULL,NULL,current_date,'riteadmin',current_date,'riteadmin',NULL,NULL,NULL,NULL,NULL,NULL,NULL,NULL,NULL,NULL,NULL,NULL,NULL,NULL,NULL),
		 (81,'InterfaceDetails','33','','',NULL,NULL,NULL,NULL,current_date,'riteadmin',current_date,'riteadmin',NULL,NULL,NULL,NULL,NULL,NULL,NULL,NULL,NULL,NULL,NULL,NULL,NULL,NULL,NULL),
		 (81,'JobName','/oracle/apps/ess/scm/inventory/materialTransactions/txnManager/,PollTMEssJob','','',NULL,NULL,NULL,NULL,current_date,'riteadmin',current_date,'riteadmin',NULL,NULL,NULL,NULL,NULL,NULL,NULL,NULL,NULL,NULL,NULL,NULL,NULL,NULL,NULL);


	-- Inventory Serial Numbers
INSERT INTO cr_objects (object_id, object_name, object_code, user_object_name, module_code, parent_object_id, fbdi_sheet, hdl_sheet, loader_endpoint, re_con_query, sequence_in_parent, interface_table_name, rejection_table_name, ctl_file_name, xlsm_file_name, immediate_parent, batch_size, base_tables, creation_date, created_by, last_update_date, last_update_by, attribute1, attribute2, attribute3, attribute4, attribute5, attribute6, attribute7, attribute8, attribute9, attribute10, attribute11, attribute12, attribute13, attribute14, attribute15, conversion_type,cld_template_code,cld_metadata_table_name,cld_template_name) 
VALUES (82,'Inventory Serial Numbers', 'INVENTORY_SERIAL_NUMBERS', 'Inventory Serial Numbers', 'SCM', 79, 'INV_SERIAL_NUMBERS_INTERFACE',null,'FBDI', NULL, 3, 'INV_SERIAL_NUMBERS_INTERFACE', 'INV_PROCESSING_ERRORS', 'InvSerialNumbersInterface', 'InventoryTransactionImportTemplate', NULL, 30000, 'INV_SERIAL_NUMBERS ', current_date, 'riteadmin', current_date, 'riteadmin', NULL, NULL, NULL, NULL,NULL, NULL, NULL, NULL, NULL, NULL, NULL, NULL, NULL, NULL, NULL,'DATA_MIGRATION', 'INVENTORY_SERIAL_NUMBERS', 'CR_INVENTORY_SERIAL_NUMBERS_C', 'CR_INVENTORY_SERIAL_NUMBERS_CLD');

INSERT INTO cr_object_information (object_id,info_type,info_value,info_description,additional_information1,additional_information2,additional_information3,additional_information4,additional_information5,creation_date,created_by,last_update_date,last_update_by,attribute1,attribute2,attribute3,attribute4,attribute5,attribute6,attribute7,attribute8,attribute9,attribute10,attribute11,attribute12,attribute13,attribute14,attribute15) VALUES
		 (82,'Sequence','3','','',NULL,NULL,NULL,NULL,current_date,'riteadmin',current_date,'riteadmin',NULL,NULL,NULL,NULL,NULL,NULL,NULL,NULL,NULL,NULL,NULL,NULL,NULL,NULL,NULL),
		 (82,'DocumentAccount','scm/standardCost/import','','',NULL,NULL,NULL,NULL,current_date,'riteadmin',current_date,'riteadmin',NULL,NULL,NULL,NULL,NULL,NULL,NULL,NULL,NULL,NULL,NULL,NULL,NULL,NULL,NULL),
		 (82,'DocumentSecurityGroup','FAFusionImportExport','','',NULL,NULL,NULL,NULL,current_date,'riteadmin',current_date,'riteadmin',NULL,NULL,NULL,NULL,NULL,NULL,NULL,NULL,NULL,NULL,NULL,NULL,NULL,NULL,NULL),
		 (82,'InterfaceDetails','33','','',NULL,NULL,NULL,NULL,current_date,'riteadmin',current_date,'riteadmin',NULL,NULL,NULL,NULL,NULL,NULL,NULL,NULL,NULL,NULL,NULL,NULL,NULL,NULL,NULL),
		 (82,'JobName','/oracle/apps/ess/scm/inventory/materialTransactions/txnManager/,PollTMEssJob','','',NULL,NULL,NULL,NULL,current_date,'riteadmin',current_date,'riteadmin',NULL,NULL,NULL,NULL,NULL,NULL,NULL,NULL,NULL,NULL,NULL,NULL,NULL,NULL,NULL);

	-- Transaction Costs
INSERT INTO cr_objects (object_id, object_name, object_code, user_object_name, module_code, parent_object_id, fbdi_sheet, hdl_sheet, loader_endpoint, re_con_query, sequence_in_parent, interface_table_name, rejection_table_name, ctl_file_name, xlsm_file_name, immediate_parent, batch_size, base_tables, creation_date, created_by, last_update_date, last_update_by, attribute1, attribute2, attribute3, attribute4, attribute5, attribute6, attribute7, attribute8, attribute9, attribute10, attribute11, attribute12, attribute13, attribute14, attribute15, conversion_type,cld_template_code,cld_metadata_table_name,cld_template_name) 
VALUES (83,'Transaction Costs', 'TRANSACTION_COSTS', 'Transaction Costs', 'SCM', 79, 'CST_I_INCOMING_TXN_COSTS',null,'FBDI', NULL, 4, 'CST_I_INCOMING_TXN_COSTS','INV_PROCESSING_ERRORS',  'CstTransCostInterface', 'InventoryTransactionImportTemplate', NULL, 30000, NULL, current_date, 'riteadmin', current_date, 'riteadmin', NULL, NULL, NULL, NULL,NULL, NULL, NULL, NULL, NULL, NULL, NULL, NULL, NULL, NULL, NULL,'DATA_MIGRATION', 'TRANSACTION_COSTS', 'CR_TRANSACTION_COSTS_C', 'CR_TRANSACTION_COSTS_CLD');

INSERT INTO cr_object_information (object_id,info_type,info_value,info_description,additional_information1,additional_information2,additional_information3,additional_information4,additional_information5,creation_date,created_by,last_update_date,last_update_by,attribute1,attribute2,attribute3,attribute4,attribute5,attribute6,attribute7,attribute8,attribute9,attribute10,attribute11,attribute12,attribute13,attribute14,attribute15) VALUES
		 (83,'Sequence','4','','',NULL,NULL,NULL,NULL,current_date,'riteadmin',current_date,'riteadmin',NULL,NULL,NULL,NULL,NULL,NULL,NULL,NULL,NULL,NULL,NULL,NULL,NULL,NULL,NULL),
		 (83,'DocumentAccount','scm/standardCost/import','','',NULL,NULL,NULL,NULL,current_date,'riteadmin',current_date,'riteadmin',NULL,NULL,NULL,NULL,NULL,NULL,NULL,NULL,NULL,NULL,NULL,NULL,NULL,NULL,NULL),
		 (83,'DocumentSecurityGroup','FAFusionImportExport','','',NULL,NULL,NULL,NULL,current_date,'riteadmin',current_date,'riteadmin',NULL,NULL,NULL,NULL,NULL,NULL,NULL,NULL,NULL,NULL,NULL,NULL,NULL,NULL,NULL),
		 (83,'InterfaceDetails','33','','',NULL,NULL,NULL,NULL,current_date,'riteadmin',current_date,'riteadmin',NULL,NULL,NULL,NULL,NULL,NULL,NULL,NULL,NULL,NULL,NULL,NULL,NULL,NULL,NULL),
		 (83,'JobName','/oracle/apps/ess/scm/inventory/materialTransactions/txnManager/,PollTMEssJob','','',NULL,NULL,NULL,NULL,current_date,'riteadmin',current_date,'riteadmin',NULL,NULL,NULL,NULL,NULL,NULL,NULL,NULL,NULL,NULL,NULL,NULL,NULL,NULL,NULL);
		
--Payables Standard Invoice		
INSERT INTO cr_objects (object_id, object_name, object_code, user_object_name, module_code, parent_object_id, fbdi_sheet, loader_endpoint, re_con_query, sequence_in_parent, interface_table_name, rejection_table_name, ctl_file_name, xlsm_file_name, immediate_parent, batch_size, base_tables, creation_date, created_by, last_update_date, last_update_by, attribute1, attribute2, attribute3, attribute4, attribute5, attribute6, attribute7, attribute8, attribute9, attribute10, attribute11, attribute12, attribute13, attribute14, attribute15, conversion_type,cld_template_code,cld_metadata_table_name,cld_template_name) 
VALUES (84,'Payables Standard Invoice', 'PAYABLES_STANDARD_INVOICE', 'Payables Standard Invoice', 'FIN', NULL, '','FBDI', NULL, NULL, '','',  '', '', NULL, 30000, NULL, current_date, 'riteadmin', current_date, 'riteadmin', NULL, NULL, NULL, NULL,NULL, NULL, NULL, NULL, NULL, NULL, NULL, NULL, NULL, NULL, NULL,'DATA_MIGRATION', NULL, NULL, NULL);

INSERT INTO cr_objects (object_id, object_name, object_code, user_object_name, module_code, parent_object_id, fbdi_sheet, loader_endpoint, re_con_query, sequence_in_parent, interface_table_name, rejection_table_name, ctl_file_name, xlsm_file_name, immediate_parent, batch_size, base_tables, creation_date, created_by, last_update_date, last_update_by, attribute1, attribute2, attribute3, attribute4, attribute5, attribute6, attribute7, attribute8, attribute9, attribute10, attribute11, attribute12, attribute13, attribute14, attribute15, conversion_type,cld_template_code,cld_metadata_table_name,cld_template_name) 
VALUES (85,'Invoice Header Import', 'INVOICE_HEADER_IMPORT', 'Invoice Header Import', 'FIN', 84, 'AP_INVOICES_INTERFACE','FBDI', NULL, 1, 'AP_INVOICES_INTERFACE','AP_ERRORS_GT',  'ApInvoicesInterface', 'PayablesStandardInvoiceImportTemplate', NULL, 30000, 'AP_INVOICES_ALL', current_date, 'riteadmin', current_date, 'riteadmin', NULL, NULL, NULL, NULL,NULL, NULL, NULL, NULL, NULL, NULL, NULL, NULL, NULL, NULL, NULL,'DATA_MIGRATION', 'INVOICE_HEADER_IMPORT', 'CR_INVOICE_HEADER_IMPORT_C', 'CR_INVOICE_HEADER_IMPORT_CLD');

INSERT INTO cr_object_information (object_id,info_type,info_value,info_description,additional_information1,additional_information2,additional_information3,additional_information4,additional_information5,creation_date,created_by,last_update_date,last_update_by,attribute1,attribute2,attribute3,attribute4,attribute5,attribute6,attribute7,attribute8,attribute9,attribute10,attribute11,attribute12,attribute13,attribute14,attribute15) VALUES
	 (85,'InterfaceDetails','1',NULL,NULL,NULL,NULL,NULL,NULL,current_date,'riteadmin',current_date,'riteadmin',NULL,NULL,NULL,NULL,NULL,NULL,NULL,NULL,NULL,NULL,NULL,NULL,NULL,NULL,NULL),
	 (85,'DocumentSecurityGroup','FAFusionImportExport','','',NULL,NULL,NULL,NULL,current_date,'riteadmin',current_date,'riteadmin',NULL,NULL,NULL,NULL,NULL,NULL,NULL,NULL,NULL,NULL,NULL,NULL,NULL,NULL,NULL),
	 (85,'DocumentAccount','fin/payables/import','','',NULL,NULL,NULL,NULL,current_date,'riteadmin',current_date,'riteadmin',NULL,NULL,NULL,NULL,NULL,NULL,NULL,NULL,NULL,NULL,NULL,NULL,NULL,NULL,NULL),
	 (85,'JobName','/oracle/apps/ess/financials/payables/invoices/transactions/,APXIIMPT','','',NULL,NULL,NULL,NULL,current_date,'riteadmin',current_date,'riteadmin',NULL,NULL,NULL,NULL,NULL,NULL,NULL,NULL,NULL,NULL,NULL,NULL,NULL,NULL,NULL),
	 (85,'Sequence','1','','',NULL,NULL,NULL,NULL,current_date,'riteadmin',current_date,'riteadmin',NULL,NULL,NULL,NULL,NULL,NULL,NULL,NULL,NULL,NULL,NULL,NULL,NULL,NULL,NULL);


INSERT INTO cr_objects (object_id, object_name, object_code, user_object_name, module_code, parent_object_id, fbdi_sheet, loader_endpoint, re_con_query, sequence_in_parent, interface_table_name, rejection_table_name, ctl_file_name, xlsm_file_name, immediate_parent, batch_size, base_tables, creation_date, created_by, last_update_date, last_update_by, attribute1, attribute2, attribute3, attribute4, attribute5, attribute6, attribute7, attribute8, attribute9, attribute10, attribute11, attribute12, attribute13, attribute14, attribute15, conversion_type,cld_template_code,cld_metadata_table_name,cld_template_name) 
VALUES (86,'Invoice Lines Import', 'INVOICE_LINES_IMPORT', 'Invoice Lines Import', 'FIN', 84, 'AP_INVOICE_LINES_INTERFACE','FBDI', NULL, 2, 'AP_INVOICE_LINES_INTERFACE','AP_ERRORS_GT',  'ApInvoiceLinesInterface', 'PayablesStandardInvoiceImportTemplate', NULL, 30000, 'AP_INVOICE_LINES_ALL', current_date, 'riteadmin', current_date, 'riteadmin', NULL, NULL, NULL, NULL,NULL, NULL, NULL, NULL, NULL, NULL, NULL, NULL, NULL, NULL, NULL,'DATA_MIGRATION', 'INVOICE_LINES_IMPORT', 'CR_INVOICE_LINES_IMPORT_C', 'CR_INVOICE_LINES_IMPORT_CLD');

INSERT INTO cr_object_information (object_id,info_type,info_value,info_description,additional_information1,additional_information2,additional_information3,additional_information4,additional_information5,creation_date,created_by,last_update_date,last_update_by,attribute1,attribute2,attribute3,attribute4,attribute5,attribute6,attribute7,attribute8,attribute9,attribute10,attribute11,attribute12,attribute13,attribute14,attribute15) VALUES
	 (86,'DocumentAccount','fin/payables/import','','',NULL,NULL,NULL,NULL,current_date,'riteadmin',current_date,'riteadmin',NULL,NULL,NULL,NULL,NULL,NULL,NULL,NULL,NULL,NULL,NULL,NULL,NULL,NULL,NULL),
	 (86,'Sequence','2','','',NULL,NULL,NULL,NULL,current_date,'riteadmin',current_date,'riteadmin',NULL,NULL,NULL,NULL,NULL,NULL,NULL,NULL,NULL,NULL,NULL,NULL,NULL,NULL,NULL),
	 (86,'InterfaceDetails','1','','',NULL,NULL,NULL,NULL,current_date,'riteadmin',current_date,'riteadmin',NULL,NULL,NULL,NULL,NULL,NULL,NULL,NULL,NULL,NULL,NULL,NULL,NULL,NULL,NULL),
	 (86,'DocumentSecurityGroup','FAFusionImportExport','','',NULL,NULL,NULL,NULL,current_date,'riteadmin',current_date,'riteadmin',NULL,NULL,NULL,NULL,NULL,NULL,NULL,NULL,NULL,NULL,NULL,NULL,NULL,NULL,NULL),
	 (86,'JobName','/oracle/apps/ess/financials/payables/invoices/transactions/,APXIIMPT','','',NULL,NULL,NULL,NULL,current_date,'riteadmin',current_date,'riteadmin',NULL,NULL,NULL,NULL,NULL,NULL,NULL,NULL,NULL,NULL,NULL,NULL,NULL,NULL,NULL);

--Supplier Bank Account	
INSERT INTO cr_objects (object_id, object_name, object_code, user_object_name, module_code, parent_object_id, fbdi_sheet, loader_endpoint, re_con_query, sequence_in_parent, interface_table_name, rejection_table_name, ctl_file_name, xlsm_file_name, immediate_parent, batch_size, base_tables, creation_date, created_by, last_update_date, last_update_by, attribute1, attribute2, attribute3, attribute4, attribute5, attribute6, attribute7, attribute8, attribute9, attribute10, attribute11, attribute12, attribute13, attribute14, attribute15, conversion_type,cld_template_code,cld_metadata_table_name,cld_template_name) 
VALUES (87,'Supplier Bank Account', 'SUPPLIER_BANK_ACCOUNT', 'Supplier Bank Account', 'FIN', NULL, '','FBDI', NULL, NULL, '','',  '', '', NULL, 30000, NULL, current_date, 'riteadmin', current_date, 'riteadmin', NULL, NULL, NULL, NULL,NULL, NULL, NULL, NULL, NULL, NULL, NULL, NULL, NULL, NULL, NULL,'DATA_MIGRATION', NULL, NULL, NULL);
INSERT INTO cr_objects (object_id, object_name, object_code, user_object_name, module_code, parent_object_id, fbdi_sheet, loader_endpoint, re_con_query, sequence_in_parent, interface_table_name, rejection_table_name, ctl_file_name, xlsm_file_name, immediate_parent, batch_size, base_tables, creation_date, created_by, last_update_date, last_update_by, attribute1, attribute2, attribute3, attribute4, attribute5, attribute6, attribute7, attribute8, attribute9, attribute10, attribute11, attribute12, attribute13, attribute14, attribute15, conversion_type,cld_template_code,cld_metadata_table_name,cld_template_name) 
VALUES (88,'External Payee', 'EXTERNAL_PAYEE', 'External Payee', 'FIN', 87, 'IBY_TEMP_EXT_PAYEES','FBDI', NULL, 1, 'IBY_TEMP_EXT_PAYEES','',  'IbyTempExtPayees', 'SupplierBankAccountImportTemplate', NULL, 30000, 'IBY_EXTERNAL_PAYEES_ALL', current_date, 'riteadmin', current_date, 'riteadmin', NULL, NULL, NULL, NULL,NULL, NULL, NULL, NULL, NULL, NULL, NULL, NULL, NULL, NULL, NULL,'DATA_MIGRATION', 'EXTERNAL_PAYEE', 'CR_EXTERNAL_PAYEE_C', 'CR_EXTERNAL_PAYEE_CLD');

INSERT INTO cr_object_information (object_id,info_type,info_value,info_description,additional_information1,additional_information2,additional_information3,additional_information4,additional_information5,creation_date,created_by,last_update_date,last_update_by,attribute1,attribute2,attribute3,attribute4,attribute5,attribute6,attribute7,attribute8,attribute9,attribute10,attribute11,attribute12,attribute13,attribute14,attribute15) VALUES
	 (88,'InterfaceDetails','1',NULL,NULL,NULL,NULL,NULL,NULL,current_date,'riteadmin',current_date,'riteadmin',NULL,NULL,NULL,NULL,NULL,NULL,NULL,NULL,NULL,NULL,NULL,NULL,NULL,NULL,NULL),
	 (88,'DocumentSecurityGroup','FAFusionImportExport','','',NULL,NULL,NULL,NULL,current_date,'riteadmin',current_date,'riteadmin',NULL,NULL,NULL,NULL,NULL,NULL,NULL,NULL,NULL,NULL,NULL,NULL,NULL,NULL,NULL),
	 (88,'DocumentAccount','fin/payables/import','','',NULL,NULL,NULL,NULL,current_date,'riteadmin',current_date,'riteadmin',NULL,NULL,NULL,NULL,NULL,NULL,NULL,NULL,NULL,NULL,NULL,NULL,NULL,NULL,NULL),
	 (88,'JobName','/oracle/apps/ess/financials/payments/fundsDisbursement/payments,ImportSuppBankAccounts','','',NULL,NULL,NULL,NULL,current_date,'riteadmin',current_date,'riteadmin',NULL,NULL,NULL,NULL,NULL,NULL,NULL,NULL,NULL,NULL,NULL,NULL,NULL,NULL,NULL),
     	 (88,'Sequence','1','','',NULL,NULL,NULL,NULL,current_date,'riteadmin',current_date,'riteadmin',NULL,NULL,NULL,NULL,NULL,NULL,NULL,NULL,NULL,NULL,NULL,NULL,NULL,NULL,NULL);

INSERT INTO cr_objects (object_id, object_name, object_code, user_object_name, module_code, parent_object_id, fbdi_sheet, loader_endpoint, re_con_query, sequence_in_parent, interface_table_name, rejection_table_name, ctl_file_name, xlsm_file_name, immediate_parent, batch_size, base_tables, creation_date, created_by, last_update_date, last_update_by, attribute1, attribute2, attribute3, attribute4, attribute5, attribute6, attribute7, attribute8, attribute9, attribute10, attribute11, attribute12, attribute13, attribute14, attribute15, conversion_type,cld_template_code,cld_metadata_table_name,cld_template_name) 
VALUES (89,'External Bank Account', 'EXTERNAL_BANK_ACCOUNT', 'External Bank Account', 'FIN', 87, 'IBY_TEMP_EXT_BANK_ACCTS','FBDI', NULL, 2, 'IBY_TEMP_EXT_BANK_ACCTS','',  'IbyTempExtBankAccts', 'SupplierBankAccountImportTemplate', NULL, 30000, 'IBY_EXT_BANK_ACCOUNTS', current_date, 'riteadmin', current_date, 'riteadmin', NULL, NULL, NULL, NULL,NULL, NULL, NULL, NULL, NULL, NULL, NULL, NULL, NULL, NULL, NULL,'DATA_MIGRATION', 'EXTERNAL_BANK_ACCOUNT', 'CR_EXTERNAL_BANK_ACCOUNT_C', 'CR_EXTERNAL_BANK_ACCOUNT_CLD');

INSERT INTO cr_object_information (object_id,info_type,info_value,info_description,additional_information1,additional_information2,additional_information3,additional_information4,additional_information5,creation_date,created_by,last_update_date,last_update_by,attribute1,attribute2,attribute3,attribute4,attribute5,attribute6,attribute7,attribute8,attribute9,attribute10,attribute11,attribute12,attribute13,attribute14,attribute15) VALUES
	 (89,'InterfaceDetails','1',NULL,NULL,NULL,NULL,NULL,NULL,current_date,'riteadmin',current_date,'riteadmin',NULL,NULL,NULL,NULL,NULL,NULL,NULL,NULL,NULL,NULL,NULL,NULL,NULL,NULL,NULL),
	 (89,'DocumentSecurityGroup','FAFusionImportExport','','',NULL,NULL,NULL,NULL,current_date,'riteadmin',current_date,'riteadmin',NULL,NULL,NULL,NULL,NULL,NULL,NULL,NULL,NULL,NULL,NULL,NULL,NULL,NULL,NULL),
	 (89,'DocumentAccount','fin/payables/import','','',NULL,NULL,NULL,NULL,current_date,'riteadmin',current_date,'riteadmin',NULL,NULL,NULL,NULL,NULL,NULL,NULL,NULL,NULL,NULL,NULL,NULL,NULL,NULL,NULL),
         (89,'JobName','/oracle/apps/ess/financials/payments/fundsDisbursement/payments,ImportSuppBankAccounts','','',NULL,NULL,NULL,NULL,current_date,'riteadmin',current_date,'riteadmin',NULL,NULL,NULL,NULL,NULL,NULL,NULL,NULL,NULL,NULL,NULL,NULL,NULL,NULL,NULL),
     	 (89,'Sequence','2','','',NULL,NULL,NULL,NULL,current_date,'riteadmin',current_date,'riteadmin',NULL,NULL,NULL,NULL,NULL,NULL,NULL,NULL,NULL,NULL,NULL,NULL,NULL,NULL,NULL);

INSERT INTO cr_objects (object_id, object_name, object_code, user_object_name, module_code, parent_object_id, fbdi_sheet, loader_endpoint, re_con_query, sequence_in_parent, interface_table_name, rejection_table_name, ctl_file_name, xlsm_file_name, immediate_parent, batch_size, base_tables, creation_date, created_by, last_update_date, last_update_by, attribute1, attribute2, attribute3, attribute4, attribute5, attribute6, attribute7, attribute8, attribute9, attribute10, attribute11, attribute12, attribute13, attribute14, attribute15, conversion_type,cld_template_code,cld_metadata_table_name,cld_template_name) 
VALUES (90,'Payment Instrument Uses', 'PAYMENT_INSTRUMENT_USES', 'Payment Instrument Uses', 'FIN', 87, 'IBY_TEMP_PMT_INSTR_USES','FBDI', NULL, 3, 'IBY_TEMP_PMT_INSTR_USES','',  'IbyTempPmtInstrUses', 'SupplierBankAccountImportTemplate', NULL, 30000, 'IBY_PMT_INSTR_USES_ALL', current_date, 'riteadmin', current_date, 'riteadmin', NULL, NULL, NULL, NULL,NULL, NULL, NULL, NULL, NULL, NULL, NULL, NULL, NULL, NULL, NULL,'DATA_MIGRATION', 'PAYMENT_INSTRUMENT_USES', 'CR_PAYMENT_INSTRUMENT_USES_C', 'CR_PAYMENT_INSTRUMENT_USES_CLD');

INSERT INTO cr_object_information (object_id,info_type,info_value,info_description,additional_information1,additional_information2,additional_information3,additional_information4,additional_information5,creation_date,created_by,last_update_date,last_update_by,attribute1,attribute2,attribute3,attribute4,attribute5,attribute6,attribute7,attribute8,attribute9,attribute10,attribute11,attribute12,attribute13,attribute14,attribute15) VALUES
	 (90,'InterfaceDetails','1',NULL,NULL,NULL,NULL,NULL,NULL,current_date,'riteadmin',current_date,'riteadmin',NULL,NULL,NULL,NULL,NULL,NULL,NULL,NULL,NULL,NULL,NULL,NULL,NULL,NULL,NULL),
	 (90,'DocumentSecurityGroup','FAFusionImportExport','','',NULL,NULL,NULL,NULL,current_date,'riteadmin',current_date,'riteadmin',NULL,NULL,NULL,NULL,NULL,NULL,NULL,NULL,NULL,NULL,NULL,NULL,NULL,NULL,NULL),
	 (90,'DocumentAccount','fin/payables/import','','',NULL,NULL,NULL,NULL,current_date,'riteadmin',current_date,'riteadmin',NULL,NULL,NULL,NULL,NULL,NULL,NULL,NULL,NULL,NULL,NULL,NULL,NULL,NULL,NULL),
	 (90,'JobName','/oracle/apps/ess/financials/payments/fundsDisbursement/payments,ImportSuppBankAccounts','','',NULL,NULL,NULL,NULL,current_date,'riteadmin',current_date,'riteadmin',NULL,NULL,NULL,NULL,NULL,NULL,NULL,NULL,NULL,NULL,NULL,NULL,NULL,NULL,NULL),
     	 (90,'Sequence','3','','',NULL,NULL,NULL,NULL,current_date,'riteadmin',current_date,'riteadmin',NULL,NULL,NULL,NULL,NULL,NULL,NULL,NULL,NULL,NULL,NULL,NULL,NULL,NULL,NULL);

	
-- Receivables AutoInvoice
INSERT INTO cr_objects (object_id, object_name, object_code, user_object_name, module_code, parent_object_id, fbdi_sheet, loader_endpoint, re_con_query, sequence_in_parent, interface_table_name, rejection_table_name, ctl_file_name, xlsm_file_name, immediate_parent, batch_size, base_tables, creation_date, created_by, last_update_date, last_update_by, attribute1, attribute2, attribute3, attribute4, attribute5, attribute6, attribute7, attribute8, attribute9, attribute10, attribute11, attribute12, attribute13, attribute14, attribute15, conversion_type,cld_template_code,cld_metadata_table_name,cld_template_name) 
VALUES (91,'Receivables AutoInvoice', 'RECEIVABLES_AUTOINVOICE', 'Receivables AutoInvoice', 'FIN', NULL, '','FBDI', NULL, NULL, '','',  '', 'AutoInvoiceImportTemplate', NULL, 30000, NULL, current_date, 'riteadmin', current_date, 'riteadmin', NULL, NULL, NULL, NULL,NULL, NULL, NULL, NULL, NULL, NULL, NULL, NULL, NULL, NULL, NULL,'DATA_MIGRATION', NULL, NULL, NULL);

-- 1	AutoInvoice Lines
INSERT INTO cr_objects (object_id, object_name, object_code, user_object_name, module_code, parent_object_id, fbdi_sheet, loader_endpoint, re_con_query, sequence_in_parent, interface_table_name, rejection_table_name, ctl_file_name, xlsm_file_name, immediate_parent, batch_size, base_tables, creation_date, created_by, last_update_date, last_update_by, attribute1, attribute2, attribute3, attribute4, attribute5, attribute6, attribute7, attribute8, attribute9, attribute10, attribute11, attribute12, attribute13, attribute14, attribute15, conversion_type,cld_template_code,cld_metadata_table_name,cld_template_name) 
VALUES (92,'AutoInvoice Lines', 'AUTOINVOICE_LINES', 'AutoInvoice Lines', 'FIN', 91, 'RA_INTERFACE_LINES_ALL','FBDI', NULL, 1, 'RA_INTERFACE_LINES_ALL','RA_INTERFACE_ERRORS_ALL',  'RaInterfaceLinesAll', 'AutoInvoiceImportTemplate', NULL, 30000, 'RA_CUSTOMER_TRX_LINES_ALL', current_date, 'riteadmin', current_date, 'riteadmin', NULL, NULL, NULL, NULL,NULL, NULL, NULL, NULL, NULL, NULL, NULL, NULL, NULL, NULL, NULL,'DATA_MIGRATION', 'AUTOINVOICE_LINES', 'CR_AUTOINVOICE_LINES_C', 'CR_AUTOINVOICE_LINES_CLD');

INSERT INTO cr_object_information (object_id,info_type,info_value,info_description,additional_information1,additional_information2,additional_information3,additional_information4,additional_information5,creation_date,created_by,last_update_date,last_update_by,attribute1,attribute2,attribute3,attribute4,attribute5,attribute6,attribute7,attribute8,attribute9,attribute10,attribute11,attribute12,attribute13,attribute14,attribute15) VALUES
	 (92,'DocumentAccount','fin/autoInvoice/import','','',NULL,NULL,NULL,NULL,current_date,'riteadmin',current_date,'riteadmin',NULL,NULL,NULL,NULL,NULL,NULL,NULL,NULL,NULL,NULL,NULL,NULL,NULL,NULL,NULL),
	 (92,'DocumentSecurityGroup','FAFusionImportExport','','',NULL,NULL,NULL,NULL,current_date,'riteadmin',current_date,'riteadmin',NULL,NULL,NULL,NULL,NULL,NULL,NULL,NULL,NULL,NULL,NULL,NULL,NULL,NULL,NULL),	      
	 (92,'Sequence','1','','',NULL,NULL,NULL,NULL,current_date,'riteadmin',current_date,'riteadmin',NULL,NULL,NULL,NULL,NULL,NULL,NULL,NULL,NULL,NULL,NULL,NULL,NULL,NULL,NULL),
     (92,'JobName','/oracle/apps/ess/financials/receivables/transactions/autoInvoices/,AutoInvoiceImportEss','','',NULL,NULL,NULL,NULL,current_date,'riteadmin',current_date,'riteadmin',NULL,NULL,NULL,NULL,NULL,NULL,NULL,NULL,NULL,NULL,NULL,NULL,NULL,NULL,NULL),
     (92,'InterfaceDetails','2','','',NULL,NULL,NULL,NULL,current_date,'riteadmin',current_date,'riteadmin',NULL,NULL,NULL,NULL,NULL,NULL,NULL,NULL,NULL,NULL,NULL,NULL,NULL,NULL,NULL);


-- 2	AutoInvoice Line Distributions
INSERT INTO cr_objects (object_id, object_name, object_code, user_object_name, module_code, parent_object_id, fbdi_sheet, loader_endpoint, re_con_query, sequence_in_parent, interface_table_name, rejection_table_name, ctl_file_name, xlsm_file_name, immediate_parent, batch_size, base_tables, creation_date, created_by, last_update_date, last_update_by, attribute1, attribute2, attribute3, attribute4, attribute5, attribute6, attribute7, attribute8, attribute9, attribute10, attribute11, attribute12, attribute13, attribute14, attribute15, conversion_type,cld_template_code,cld_metadata_table_name,cld_template_name) 
VALUES (93,'AutoInvoice Line Distributions', 'AUTOINVOICE_LINE_DISTRIBUTIONS', 'AutoInvoice Line Distributions', 'FIN', 91, 'RA_INTERFACE_DISTRIBUTIONS_ALL','FBDI', NULL, 2, 'RA_INTERFACE_DISTRIBUTIONS_ALL','RA_INTERFACE_ERRORS_ALL',  'RaInterfaceDistributionsAll', 'AutoInvoiceImportTemplate', NULL, 30000, 'RA_CUST_TRX_LINE_GL_DIST_ALL', current_date, 'riteadmin', current_date, 'riteadmin', NULL, NULL, NULL, NULL,NULL, NULL, NULL, NULL, NULL, NULL, NULL, NULL, NULL, NULL, NULL,'DATA_MIGRATION', 'AUTOINVOICE_LINE_DISTRIBUTIONS', 'CR_AUTOINVOICE_LINE_DISTRIBUTIONS_C', 'CR_AUTOINVOICE_LINE_DISTRIBUTIONS_CLD');

INSERT INTO cr_object_information (object_id,info_type,info_value,info_description,additional_information1,additional_information2,additional_information3,additional_information4,additional_information5,creation_date,created_by,last_update_date,last_update_by,attribute1,attribute2,attribute3,attribute4,attribute5,attribute6,attribute7,attribute8,attribute9,attribute10,attribute11,attribute12,attribute13,attribute14,attribute15) VALUES
	(93,'DocumentAccount','fin/autoInvoice/import','','',NULL,NULL,NULL,NULL,current_date,'riteadmin',current_date,'riteadmin',NULL,NULL,NULL,NULL,NULL,NULL,NULL,NULL,NULL,NULL,NULL,NULL,NULL,NULL,NULL),
	(93,'DocumentSecurityGroup','FAFusionImportExport','','',NULL,NULL,NULL,NULL,current_date,'riteadmin',current_date,'riteadmin',NULL,NULL,NULL,NULL,NULL,NULL,NULL,NULL,NULL,NULL,NULL,NULL,NULL,NULL,NULL),
    (93,'Sequence','2','','',NULL,NULL,NULL,NULL,current_date,'riteadmin',current_date,'riteadmin',NULL,NULL,NULL,NULL,NULL,NULL,NULL,NULL,NULL,NULL,NULL,NULL,NULL,NULL,NULL),
    (93,'JobName','/oracle/apps/ess/financials/receivables/transactions/autoInvoices/,AutoInvoiceImportEss','','',NULL,NULL,NULL,NULL,current_date,'riteadmin',current_date,'riteadmin',NULL,NULL,NULL,NULL,NULL,NULL,NULL,NULL,NULL,NULL,NULL,NULL,NULL,NULL,NULL),
    (93,'InterfaceDetails','2','','',NULL,NULL,NULL,NULL,current_date,'riteadmin',current_date,'riteadmin',NULL,NULL,NULL,NULL,NULL,NULL,NULL,NULL,NULL,NULL,NULL,NULL,NULL,NULL,NULL);


-- 3	AutoInvoice Line Salescredits
INSERT INTO cr_objects (object_id, object_name, object_code, user_object_name, module_code, parent_object_id, fbdi_sheet, loader_endpoint, re_con_query, sequence_in_parent, interface_table_name, rejection_table_name, ctl_file_name, xlsm_file_name, immediate_parent, batch_size, base_tables, creation_date, created_by, last_update_date, last_update_by, attribute1, attribute2, attribute3, attribute4, attribute5, attribute6, attribute7, attribute8, attribute9, attribute10, attribute11, attribute12, attribute13, attribute14, attribute15, conversion_type,cld_template_code,cld_metadata_table_name,cld_template_name) 
VALUES (94,'AutoInvoice Line Salescredits', 'AUTOINVOICE_LINE_SALESCREDITS', 'AutoInvoice Line Salescredits', 'FIN', 91, 'RA_INTERFACE_SALESCREDITS_ALL','FBDI', NULL, 3, 'RA_INTERFACE_SALESCREDITS_ALL','RA_INTERFACE_ERRORS_ALL',  'RaInterfaceSalesCreditsAll', 'AutoInvoiceImportTemplate', NULL, 30000, 'RA_CUST_TRX_LINE_SALESREPS_ALL', current_date, 'riteadmin', current_date, 'riteadmin', NULL, NULL, NULL, NULL,NULL, NULL, NULL, NULL, NULL, NULL, NULL, NULL, NULL, NULL, NULL,'DATA_MIGRATION', 'AUTOINVOICE_LINE_SALESCREDITS', 'CR_AUTOINVOICE_LINE_SALESCREDITS_C', 'CR_AUTOINVOICE_LINE_SALESCREDITS_CLD');

INSERT INTO cr_object_information (object_id,info_type,info_value,info_description,additional_information1,additional_information2,additional_information3,additional_information4,additional_information5,creation_date,created_by,last_update_date,last_update_by,attribute1,attribute2,attribute3,attribute4,attribute5,attribute6,attribute7,attribute8,attribute9,attribute10,attribute11,attribute12,attribute13,attribute14,attribute15) VALUES
	 (94,'DocumentAccount','fin/autoInvoice/import','','',NULL,NULL,NULL,NULL,current_date,'riteadmin',current_date,'riteadmin',NULL,NULL,NULL,NULL,NULL,NULL,NULL,NULL,NULL,NULL,NULL,NULL,NULL,NULL,NULL),
	 (94,'DocumentSecurityGroup','FAFusionImportExport','','',NULL,NULL,NULL,NULL,current_date,'riteadmin',current_date,'riteadmin',NULL,NULL,NULL,NULL,NULL,NULL,NULL,NULL,NULL,NULL,NULL,NULL,NULL,NULL,NULL),
	 (94,'Sequence','3','','',NULL,NULL,NULL,NULL,current_date,'riteadmin',current_date,'riteadmin',NULL,NULL,NULL,NULL,NULL,NULL,NULL,NULL,NULL,NULL,NULL,NULL,NULL,NULL,NULL),
     (94,'JobName','/oracle/apps/ess/financials/receivables/transactions/autoInvoices/,AutoInvoiceImportEss','','',NULL,NULL,NULL,NULL,current_date,'riteadmin',current_date,'riteadmin',NULL,NULL,NULL,NULL,NULL,NULL,NULL,NULL,NULL,NULL,NULL,NULL,NULL,NULL,NULL),
     (94,'InterfaceDetails','2','','',NULL,NULL,NULL,NULL,current_date,'riteadmin',current_date,'riteadmin',NULL,NULL,NULL,NULL,NULL,NULL,NULL,NULL,NULL,NULL,NULL,NULL,NULL,NULL,NULL);


-- 4	AutoInvoice Line Contingencies
INSERT INTO cr_objects (object_id, object_name, object_code, user_object_name, module_code, parent_object_id, fbdi_sheet, loader_endpoint, re_con_query, sequence_in_parent, interface_table_name, rejection_table_name, ctl_file_name, xlsm_file_name, immediate_parent, batch_size, base_tables, creation_date, created_by, last_update_date, last_update_by, attribute1, attribute2, attribute3, attribute4, attribute5, attribute6, attribute7, attribute8, attribute9, attribute10, attribute11, attribute12, attribute13, attribute14, attribute15, conversion_type,cld_template_code,cld_metadata_table_name,cld_template_name) 
VALUES (95,'AutoInvoice Line Contingencies', 'AUTOINVOICE_LINE_CONTINGENCIES', 'AutoInvoice Line Contingencies', 'FIN', 91, 'AR_INTERFACE_CONTS_ALL','FBDI', NULL, 4, 'AR_INTERFACE_CONTS_ALL','RA_INTERFACE_ERRORS_ALL',  'ArInterfaceContsAll', 'AutoInvoiceImportTemplate', NULL, 30000, 'RA_CUSTOMER_TRX_ALL', current_date, 'riteadmin', current_date, 'riteadmin', NULL, NULL, NULL, NULL,NULL, NULL, NULL, NULL, NULL, NULL, NULL, NULL, NULL, NULL, NULL,'DATA_MIGRATION', 'AUTOINVOICE_LINE_CONTINGENCIES', 'CR_AUTOINVOICE_LINE_CONTINGENCIES_C', 'CR_AUTOINVOICE_LINE_CONTINGENCIES_CLD');

INSERT INTO cr_object_information (object_id,info_type,info_value,info_description,additional_information1,additional_information2,additional_information3,additional_information4,additional_information5,creation_date,created_by,last_update_date,last_update_by,attribute1,attribute2,attribute3,attribute4,attribute5,attribute6,attribute7,attribute8,attribute9,attribute10,attribute11,attribute12,attribute13,attribute14,attribute15) VALUES
	 (95,'DocumentAccount','fin/autoInvoice/import','','',NULL,NULL,NULL,NULL,current_date,'riteadmin',current_date,'riteadmin',NULL,NULL,NULL,NULL,NULL,NULL,NULL,NULL,NULL,NULL,NULL,NULL,NULL,NULL,NULL),
	 (95,'DocumentSecurityGroup','FAFusionImportExport','','',NULL,NULL,NULL,NULL,current_date,'riteadmin',current_date,'riteadmin',NULL,NULL,NULL,NULL,NULL,NULL,NULL,NULL,NULL,NULL,NULL,NULL,NULL,NULL,NULL),
	 (95,'Sequence','4','','',NULL,NULL,NULL,NULL,current_date,'riteadmin',current_date,'riteadmin',NULL,NULL,NULL,NULL,NULL,NULL,NULL,NULL,NULL,NULL,NULL,NULL,NULL,NULL,NULL),
     (95,'JobName','/oracle/apps/ess/financials/receivables/transactions/autoInvoices/,AutoInvoiceImportEss','','',NULL,NULL,NULL,NULL,current_date,'riteadmin',current_date,'riteadmin',NULL,NULL,NULL,NULL,NULL,NULL,NULL,NULL,NULL,NULL,NULL,NULL,NULL,NULL,NULL),
     (95,'InterfaceDetails','2','','',NULL,NULL,NULL,NULL,current_date,'riteadmin',current_date,'riteadmin',NULL,NULL,NULL,NULL,NULL,NULL,NULL,NULL,NULL,NULL,NULL,NULL,NULL,NULL,NULL);

-- Receivables Standard Receipt
INSERT INTO cr_objects (object_id, object_name, object_code, user_object_name, module_code, parent_object_id, fbdi_sheet, loader_endpoint, re_con_query, sequence_in_parent, interface_table_name, rejection_table_name, ctl_file_name, xlsm_file_name, immediate_parent, batch_size, base_tables, creation_date, created_by, last_update_date, last_update_by, attribute1, attribute2, attribute3, attribute4, attribute5, attribute6, attribute7, attribute8, attribute9, attribute10, attribute11, attribute12, attribute13, attribute14, attribute15, conversion_type,cld_template_code,cld_metadata_table_name,cld_template_name) 
VALUES (96,'Receivables Standard Receipt', 'RECEIVABLES_STANDARD_RECEIPT', 'Receivables Standard Receipt', 'FIN', NULL, '','FBDI', NULL, NULL, '','',  '', 'ReceivablesStandardReceiptImportTemplate', NULL, 30000, NULL, current_date, 'riteadmin', current_date, 'riteadmin', NULL, NULL, NULL, NULL,NULL, NULL, NULL, NULL, NULL, NULL, NULL, NULL, NULL, NULL, NULL,'DATA_MIGRATION', NULL, NULL, NULL);

-- Receivables Standard Receipt Import
INSERT INTO cr_objects (object_id, object_name, object_code, user_object_name, module_code, parent_object_id, fbdi_sheet, loader_endpoint, re_con_query, sequence_in_parent, interface_table_name, rejection_table_name, ctl_file_name, xlsm_file_name, immediate_parent, batch_size, base_tables, creation_date, created_by, last_update_date, last_update_by, attribute1, attribute2, attribute3, attribute4, attribute5, attribute6, attribute7, attribute8, attribute9, attribute10, attribute11, attribute12, attribute13, attribute14, attribute15, conversion_type,cld_template_code,cld_metadata_table_name,cld_template_name) 
VALUES (97,'Receivables Standard Receipt Import', 'RECEIVABLES_STANDARD_RECEIPT_IMPORT', 'Receivables Standard Receipt Import', 'FIN', 96, 'AR_PAYMENTS_INTERFACE_ALL','FBDI', NULL, 1, 'AR_PAYMENTS_INTERFACE_ALL','AR_PAYMENTS_INTERFACE_ALL',  'arlockboximportc', 'ReceivablesStandardReceiptImportTemplate', NULL, 30000, 'AR_CASH_RECEIPTS_ALL', current_date, 'riteadmin', current_date, 'riteadmin', NULL, NULL, NULL, NULL,NULL, NULL, NULL, NULL, NULL, NULL, NULL, NULL, NULL, NULL, NULL,'DATA_MIGRATION', 'RECEIVABLES_STD_RECEIPT_IMP', 'CR_RECEIVABLES_STD_RECEIPT_IMP_C', 'CR_RECEIVABLES_STD_RECEIPT_IMP_CLD');

INSERT INTO cr_object_information (object_id,info_type,info_value,info_description,additional_information1,additional_information2,additional_information3,additional_information4,additional_information5,creation_date,created_by,last_update_date,last_update_by,attribute1,attribute2,attribute3,attribute4,attribute5,attribute6,attribute7,attribute8,attribute9,attribute10,attribute11,attribute12,attribute13,attribute14,attribute15) VALUES
	 (97,'DocumentAccount','fin/receivablesStandardReceipt/import','','',NULL,NULL,NULL,NULL,current_date,'riteadmin',current_date,'riteadmin',NULL,NULL,NULL,NULL,NULL,NULL,NULL,NULL,NULL,NULL,NULL,NULL,NULL,NULL,NULL),
	 (97,'DocumentSecurityGroup','FAFusionImportExport','','',NULL,NULL,NULL,NULL,current_date,'riteadmin',current_date,'riteadmin',NULL,NULL,NULL,NULL,NULL,NULL,NULL,NULL,NULL,NULL,NULL,NULL,NULL,NULL,NULL),
	 (97,'Sequence','1','','',NULL,NULL,NULL,NULL,current_date,'riteadmin',current_date,'riteadmin',NULL,NULL,NULL,NULL,NULL,NULL,NULL,NULL,NULL,NULL,NULL,NULL,NULL,NULL,NULL),
     (97,'JobName','/oracle/apps/ess/financials/receivables/receipts/lockboxes/,LockboxImportEss','','',NULL,NULL,NULL,NULL,current_date,'riteadmin',current_date,'riteadmin',NULL,NULL,NULL,NULL,NULL,NULL,NULL,NULL,NULL,NULL,NULL,NULL,NULL,NULL,NULL),
     (97,'InterfaceDetails','3','','',NULL,NULL,NULL,NULL,current_date,'riteadmin',current_date,'riteadmin',NULL,NULL,NULL,NULL,NULL,NULL,NULL,NULL,NULL,NULL,NULL,NULL,NULL,NULL,NULL);

--Projects
INSERT INTO cr_objects (object_id, object_name, object_code, user_object_name, module_code, parent_object_id, fbdi_sheet, loader_endpoint, re_con_query, sequence_in_parent, interface_table_name, rejection_table_name, ctl_file_name, xlsm_file_name, immediate_parent, batch_size, base_tables, creation_date, created_by, last_update_date, last_update_by, attribute1, attribute2, attribute3, attribute4, attribute5, attribute6, attribute7, attribute8, attribute9, attribute10, attribute11, attribute12, attribute13, attribute14, attribute15, conversion_type,cld_template_code,cld_metadata_table_name,cld_template_name) 
VALUES (98,'Projects Parent', 'PROJECTS_PARENT', 'Projects Parent', 'PPM', Null, '','FBDI', NULL, Null, '','',  '', '', NULL, 30000, NULL, current_date, 'riteadmin', current_date, 'riteadmin', NULL, NULL, NULL, NULL,NULL, NULL, NULL, NULL, NULL, NULL, NULL, NULL, NULL, NULL, NULL,'DATA_MIGRATION', NULL, NULL, NULL);
INSERT INTO cr_objects (object_id, object_name, object_code, user_object_name, module_code, parent_object_id, fbdi_sheet, loader_endpoint, re_con_query, sequence_in_parent, interface_table_name, rejection_table_name, ctl_file_name, xlsm_file_name, immediate_parent, batch_size, base_tables, creation_date, created_by, last_update_date, last_update_by, attribute1, attribute2, attribute3, attribute4, attribute5, attribute6, attribute7, attribute8, attribute9, attribute10, attribute11, attribute12, attribute13, attribute14, attribute15, conversion_type,cld_template_code,cld_metadata_table_name,cld_template_name) 
VALUES (99,'Projects', 'PROJECTS', 'Projects', 'PPM', NULL, 'PJF_PROJECTS_ALL_XFACE','FBDI', 98, 1, 'PJF_PROJECTS_ALL_XFACE','',  'PjfProjectsAllXface', 'ProjectImportTemplate', NULL, 30000, 'PJF_PROJECTS_ALL_B', current_date, 'riteadmin', current_date, 'riteadmin', NULL, NULL, NULL, NULL,NULL, NULL, NULL, NULL, NULL, NULL, NULL, NULL, NULL, NULL, NULL,'DATA_MIGRATION', 'PROJECTS', 'CR_PROJECTS_C', 'CR_PROJECTS_CLD');

INSERT INTO cr_object_information (object_id,info_type,info_value,info_description,additional_information1,additional_information2,additional_information3,additional_information4,additional_information5,creation_date,created_by,last_update_date,last_update_by,attribute1,attribute2,attribute3,attribute4,attribute5,attribute6,attribute7,attribute8,attribute9,attribute10,attribute11,attribute12,attribute13,attribute14,attribute15) VALUES
	 (99,'Sequence','1','','',NULL,NULL,NULL,NULL,current_date,'riteadmin',current_date,'riteadmin',NULL,NULL,NULL,NULL,NULL,NULL,NULL,NULL,NULL,NULL,NULL,NULL,NULL,NULL,NULL),
	 (99,'DocumentAccount','prj/projectFoundation/import','','',NULL,NULL,NULL,NULL,current_date,'riteadmin',current_date,'riteadmin',NULL,NULL,NULL,NULL,NULL,NULL,NULL,NULL,NULL,NULL,NULL,NULL,NULL,NULL,NULL),
	 (99,'DocumentSecurityGroup','FAFusionImportExport','','',NULL,NULL,NULL,NULL,current_date,'riteadmin',current_date,'riteadmin',NULL,NULL,NULL,NULL,NULL,NULL,NULL,NULL,NULL,NULL,NULL,NULL,NULL,NULL,NULL),
	 (99,'JobName','/oracle/apps/ess/projects/foundation/projectDefinition/,ImportProjectJobDef','','',NULL,NULL,NULL,NULL,current_date,'riteadmin',current_date,'riteadmin',NULL,NULL,NULL,NULL,NULL,NULL,NULL,NULL,NULL,NULL,NULL,NULL,NULL,NULL,NULL),
	 (99,'InterfaceDetails','46','','',NULL,NULL,NULL,NULL,current_date,'riteadmin',current_date,'riteadmin',NULL,NULL,NULL,NULL,NULL,NULL,NULL,NULL,NULL,NULL,NULL,NULL,NULL,NULL,NULL);


INSERT INTO cr_objects (object_id, object_name, object_code, user_object_name, module_code, parent_object_id, fbdi_sheet, loader_endpoint, re_con_query, sequence_in_parent, interface_table_name, rejection_table_name, ctl_file_name, xlsm_file_name, immediate_parent, batch_size, base_tables, creation_date, created_by, last_update_date, last_update_by, attribute1, attribute2, attribute3, attribute4, attribute5, attribute6, attribute7, attribute8, attribute9, attribute10, attribute11, attribute12, attribute13, attribute14, attribute15, conversion_type,cld_template_code,cld_metadata_table_name,cld_template_name) 
VALUES (100,'Tasks', 'TASKS', 'Tasks', 'PPM', 98, 'PJF_PROJ_ELEMENTS_XFACE','FBDI', NULL, 2, 'PJF_PROJ_ELEMENTS_XFACE','',  'PjfProjElementsXface', 'ProjectImportTemplate', NULL, 30000, 'PJF_PROJ_ELEMENTS_B', current_date, 'riteadmin', current_date, 'riteadmin', NULL, NULL, NULL, NULL,NULL, NULL, NULL, NULL, NULL, NULL, NULL, NULL, NULL, NULL, NULL,'DATA_MIGRATION', 'TASKS', 'CR_TASKS_C', 'CR_TASKS_CLD');

INSERT INTO cr_object_information (object_id,info_type,info_value,info_description,additional_information1,additional_information2,additional_information3,additional_information4,additional_information5,creation_date,created_by,last_update_date,last_update_by,attribute1,attribute2,attribute3,attribute4,attribute5,attribute6,attribute7,attribute8,attribute9,attribute10,attribute11,attribute12,attribute13,attribute14,attribute15) VALUES
	 (100,'Sequence','2','','',NULL,NULL,NULL,NULL,current_date,'riteadmin',current_date,'riteadmin',NULL,NULL,NULL,NULL,NULL,NULL,NULL,NULL,NULL,NULL,NULL,NULL,NULL,NULL,NULL),
	 (100,'DocumentAccount','prj/projectFoundation/import','','',NULL,NULL,NULL,NULL,current_date,'riteadmin',current_date,'riteadmin',NULL,NULL,NULL,NULL,NULL,NULL,NULL,NULL,NULL,NULL,NULL,NULL,NULL,NULL,NULL),
	 (100,'DocumentSecurityGroup','FAFusionImportExport','','',NULL,NULL,NULL,NULL,current_date,'riteadmin',current_date,'riteadmin',NULL,NULL,NULL,NULL,NULL,NULL,NULL,NULL,NULL,NULL,NULL,NULL,NULL,NULL,NULL),
	 (100,'JobName','/oracle/apps/ess/projects/foundation/projectDefinition/,ImportProjectJobDef','','',NULL,NULL,NULL,NULL,current_date,'riteadmin',current_date,'riteadmin',NULL,NULL,NULL,NULL,NULL,NULL,NULL,NULL,NULL,NULL,NULL,NULL,NULL,NULL,NULL),
	 (100,'InterfaceDetails','46','','',NULL,NULL,NULL,NULL,current_date,'riteadmin',current_date,'riteadmin',NULL,NULL,NULL,NULL,NULL,NULL,NULL,NULL,NULL,NULL,NULL,NULL,NULL,NULL,NULL);

INSERT INTO cr_objects (object_id, object_name, object_code, user_object_name, module_code, parent_object_id, fbdi_sheet, loader_endpoint, re_con_query, sequence_in_parent, interface_table_name, rejection_table_name, ctl_file_name, xlsm_file_name, immediate_parent, batch_size, base_tables, creation_date, created_by, last_update_date, last_update_by, attribute1, attribute2, attribute3, attribute4, attribute5, attribute6, attribute7, attribute8, attribute9, attribute10, attribute11, attribute12, attribute13, attribute14, attribute15, conversion_type,cld_template_code,cld_metadata_table_name,cld_template_name) 
VALUES (101,'Transaction Controls', 'TRANSACTION_CONTROLS', 'Transaction Controls', 'PPM', 98, 'PJC_TXN_CONTROLS_STAGE','FBDI', NULL, 3, 'PJC_TXN_CONTROLS_STAGE','',  'PjfTxnControlsStage', 'ProjectImportTemplate', NULL, 30000, NULL, current_date, 'riteadmin', current_date, 'riteadmin', NULL, NULL, NULL, NULL,NULL, NULL, NULL, NULL, NULL, NULL, NULL, NULL, NULL, NULL, NULL,'DATA_MIGRATION', 'TRANSACTION_CONTROLS', 'CR_TRANSACTION_CONTROLS_C', 'CR_TRANSACTION_CONTROLS_CLD');

INSERT INTO cr_object_information (object_id,info_type,info_value,info_description,additional_information1,additional_information2,additional_information3,additional_information4,additional_information5,creation_date,created_by,last_update_date,last_update_by,attribute1,attribute2,attribute3,attribute4,attribute5,attribute6,attribute7,attribute8,attribute9,attribute10,attribute11,attribute12,attribute13,attribute14,attribute15) VALUES
	 (101,'Sequence','3','','',NULL,NULL,NULL,NULL,current_date,'riteadmin',current_date,'riteadmin',NULL,NULL,NULL,NULL,NULL,NULL,NULL,NULL,NULL,NULL,NULL,NULL,NULL,NULL,NULL),
	 (101,'DocumentAccount','prj/projectFoundation/import','','',NULL,NULL,NULL,NULL,current_date,'riteadmin',current_date,'riteadmin',NULL,NULL,NULL,NULL,NULL,NULL,NULL,NULL,NULL,NULL,NULL,NULL,NULL,NULL,NULL),
	 (101,'DocumentSecurityGroup','FAFusionImportExport','','',NULL,NULL,NULL,NULL,current_date,'riteadmin',current_date,'riteadmin',NULL,NULL,NULL,NULL,NULL,NULL,NULL,NULL,NULL,NULL,NULL,NULL,NULL,NULL,NULL),
	 (101,'JobName','/oracle/apps/ess/projects/foundation/projectDefinition/,ImportProjectJobDef','','',NULL,NULL,NULL,NULL,current_date,'riteadmin',current_date,'riteadmin',NULL,NULL,NULL,NULL,NULL,NULL,NULL,NULL,NULL,NULL,NULL,NULL,NULL,NULL,NULL),
	 (101,'InterfaceDetails','46','','',NULL,NULL,NULL,NULL,current_date,'riteadmin',current_date,'riteadmin',NULL,NULL,NULL,NULL,NULL,NULL,NULL,NULL,NULL,NULL,NULL,NULL,NULL,NULL,NULL);

INSERT INTO cr_objects (object_id, object_name, object_code, user_object_name, module_code, parent_object_id, fbdi_sheet, loader_endpoint, re_con_query, sequence_in_parent, interface_table_name, rejection_table_name, ctl_file_name, xlsm_file_name, immediate_parent, batch_size, base_tables, creation_date, created_by, last_update_date, last_update_by, attribute1, attribute2, attribute3, attribute4, attribute5, attribute6, attribute7, attribute8, attribute9, attribute10, attribute11, attribute12, attribute13, attribute14, attribute15, conversion_type,cld_template_code,cld_metadata_table_name,cld_template_name) 
VALUES (102,'Project Team Members', 'PROJECT_TEAM_MEMBERS', 'Project Team Members', 'PPM', 98, 'PJF_PROJECT_PARTIES_INT','FBDI', NULL, 4, 'PJF_PROJECT_PARTIES_INT','',  'PjfProjectPartiesInt', 'ProjectImportTemplate', NULL, 30000, 'PJF_PROJECT_PARTIES', current_date, 'riteadmin', current_date, 'riteadmin', NULL, NULL, NULL, NULL,NULL, NULL, NULL, NULL, NULL, NULL, NULL, NULL, NULL, NULL, NULL,'DATA_MIGRATION', 'PROJECT_TEAM_MEMBERS', 'CR_PROJECT_TEAM_MEMBERS_C', 'CR_PROJECT_TEAM_MEMBERS_CLD');

INSERT INTO cr_object_information (object_id,info_type,info_value,info_description,additional_information1,additional_information2,additional_information3,additional_information4,additional_information5,creation_date,created_by,last_update_date,last_update_by,attribute1,attribute2,attribute3,attribute4,attribute5,attribute6,attribute7,attribute8,attribute9,attribute10,attribute11,attribute12,attribute13,attribute14,attribute15) VALUES
	 (102,'Sequence','4','','',NULL,NULL,NULL,NULL,current_date,'riteadmin',current_date,'riteadmin',NULL,NULL,NULL,NULL,NULL,NULL,NULL,NULL,NULL,NULL,NULL,NULL,NULL,NULL,NULL),
	 (102,'DocumentAccount','prj/projectFoundation/import','','',NULL,NULL,NULL,NULL,current_date,'riteadmin',current_date,'riteadmin',NULL,NULL,NULL,NULL,NULL,NULL,NULL,NULL,NULL,NULL,NULL,NULL,NULL,NULL,NULL),
	 (102,'DocumentSecurityGroup','FAFusionImportExport','','',NULL,NULL,NULL,NULL,current_date,'riteadmin',current_date,'riteadmin',NULL,NULL,NULL,NULL,NULL,NULL,NULL,NULL,NULL,NULL,NULL,NULL,NULL,NULL,NULL),
	 (102,'JobName','/oracle/apps/ess/projects/foundation/projectDefinition/,ImportProjectJobDef','','',NULL,NULL,NULL,NULL,current_date,'riteadmin',current_date,'riteadmin',NULL,NULL,NULL,NULL,NULL,NULL,NULL,NULL,NULL,NULL,NULL,NULL,NULL,NULL,NULL),
	 (102,'InterfaceDetails','46','','',NULL,NULL,NULL,NULL,current_date,'riteadmin',current_date,'riteadmin',NULL,NULL,NULL,NULL,NULL,NULL,NULL,NULL,NULL,NULL,NULL,NULL,NULL,NULL,NULL);

INSERT INTO cr_objects (object_id, object_name, object_code, user_object_name, module_code, parent_object_id, fbdi_sheet, loader_endpoint, re_con_query, sequence_in_parent, interface_table_name, rejection_table_name, ctl_file_name, xlsm_file_name, immediate_parent, batch_size, base_tables, creation_date, created_by, last_update_date, last_update_by, attribute1, attribute2, attribute3, attribute4, attribute5, attribute6, attribute7, attribute8, attribute9, attribute10, attribute11, attribute12, attribute13, attribute14, attribute15, conversion_type,cld_template_code,cld_metadata_table_name,cld_template_name) 
VALUES (103,'Project Classifications', 'PROJECT_CLASSIFICATIONS', 'Project Classifications', 'PPM', 98, 'PJF_PROJECT_CLASSES_INT','FBDI', NULL, 5, 'PJF_PROJECT_CLASSES_INT','',  'PjfProjectClassesInt', 'ProjectImportTemplate', NULL, 30000, 'PJF_PROJECT_CLASSES', current_date, 'riteadmin', current_date, 'riteadmin', NULL, NULL, NULL, NULL,NULL, NULL, NULL, NULL, NULL, NULL, NULL, NULL, NULL, NULL, NULL,'DATA_MIGRATION', 'PROJECT_CLASSIFICATIONS', 'CR_PROJECT_CLASSIFICATIONS_C', 'CR_PROJECT_CLASSIFICATIONS_CLD');

INSERT INTO cr_object_information (object_id,info_type,info_value,info_description,additional_information1,additional_information2,additional_information3,additional_information4,additional_information5,creation_date,created_by,last_update_date,last_update_by,attribute1,attribute2,attribute3,attribute4,attribute5,attribute6,attribute7,attribute8,attribute9,attribute10,attribute11,attribute12,attribute13,attribute14,attribute15) VALUES
	 (103,'Sequence','5','','',NULL,NULL,NULL,NULL,current_date,'riteadmin',current_date,'riteadmin',NULL,NULL,NULL,NULL,NULL,NULL,NULL,NULL,NULL,NULL,NULL,NULL,NULL,NULL,NULL),
	 (103,'DocumentAccount','prj/projectFoundation/import','','',NULL,NULL,NULL,NULL,current_date,'riteadmin',current_date,'riteadmin',NULL,NULL,NULL,NULL,NULL,NULL,NULL,NULL,NULL,NULL,NULL,NULL,NULL,NULL,NULL),
	 (103,'DocumentSecurityGroup','FAFusionImportExport','','',NULL,NULL,NULL,NULL,current_date,'riteadmin',current_date,'riteadmin',NULL,NULL,NULL,NULL,NULL,NULL,NULL,NULL,NULL,NULL,NULL,NULL,NULL,NULL,NULL),
	 (103,'JobName','/oracle/apps/ess/projects/foundation/projectDefinition/,ImportProjectJobDef','','',NULL,NULL,NULL,NULL,current_date,'riteadmin',current_date,'riteadmin',NULL,NULL,NULL,NULL,NULL,NULL,NULL,NULL,NULL,NULL,NULL,NULL,NULL,NULL,NULL),
	 (103,'InterfaceDetails','46','','',NULL,NULL,NULL,NULL,current_date,'riteadmin',current_date,'riteadmin',NULL,NULL,NULL,NULL,NULL,NULL,NULL,NULL,NULL,NULL,NULL,NULL,NULL,NULL,NULL);

INSERT INTO cr_objects (object_id, object_name, object_code, user_object_name, module_code, parent_object_id, fbdi_sheet, loader_endpoint, re_con_query, sequence_in_parent, interface_table_name, rejection_table_name, ctl_file_name, xlsm_file_name, immediate_parent, batch_size, base_tables, creation_date, created_by, last_update_date, last_update_by, attribute1, attribute2, attribute3, attribute4, attribute5, attribute6, attribute7, attribute8, attribute9, attribute10, attribute11, attribute12, attribute13, attribute14, attribute15, conversion_type,cld_template_code,cld_metadata_table_name,cld_template_name) 
VALUES (104,'Project Non-Labor Resources', 'PROJECT_NON-LABOR_RESOURCES', 'Project Non-Labor Resources', 'PPM', 98, 'PJT_PROJ_NONLABOR_RES_INT','FBDI', NULL, 6, 'PJT_PROJ_NONLABOR_RES_INT','',  'PjtProjectNonLaborResourcesInt', 'ProjectImportTemplate', NULL, 30000, NULL, current_date, 'riteadmin', current_date, 'riteadmin', NULL, NULL, NULL, NULL,NULL, NULL, NULL, NULL, NULL, NULL, NULL, NULL, NULL, NULL, NULL,'DATA_MIGRATION', 'PROJECT_NON-LABOR_RESOURCES', 'CR_PROJECT_NON-LABOR_RESOURCES_C', 'CR_PROJECT_NON-LABOR_RESOURCES_CLD');

INSERT INTO cr_object_information (object_id,info_type,info_value,info_description,additional_information1,additional_information2,additional_information3,additional_information4,additional_information5,creation_date,created_by,last_update_date,last_update_by,attribute1,attribute2,attribute3,attribute4,attribute5,attribute6,attribute7,attribute8,attribute9,attribute10,attribute11,attribute12,attribute13,attribute14,attribute15) VALUES
	 (104,'Sequence','6','','',NULL,NULL,NULL,NULL,current_date,'riteadmin',current_date,'riteadmin',NULL,NULL,NULL,NULL,NULL,NULL,NULL,NULL,NULL,NULL,NULL,NULL,NULL,NULL,NULL),
	 (104,'DocumentAccount','prj/projectFoundation/import','','',NULL,NULL,NULL,NULL,current_date,'riteadmin',current_date,'riteadmin',NULL,NULL,NULL,NULL,NULL,NULL,NULL,NULL,NULL,NULL,NULL,NULL,NULL,NULL,NULL),
	 (104,'DocumentSecurityGroup','FAFusionImportExport','','',NULL,NULL,NULL,NULL,current_date,'riteadmin',current_date,'riteadmin',NULL,NULL,NULL,NULL,NULL,NULL,NULL,NULL,NULL,NULL,NULL,NULL,NULL,NULL,NULL),
	 (104,'JobName','/oracle/apps/ess/projects/foundation/projectDefinition/,ImportProjectJobDef','','',NULL,NULL,NULL,NULL,current_date,'riteadmin',current_date,'riteadmin',NULL,NULL,NULL,NULL,NULL,NULL,NULL,NULL,NULL,NULL,NULL,NULL,NULL,NULL,NULL),
	 (104,'InterfaceDetails','46','','',NULL,NULL,NULL,NULL,current_date,'riteadmin',current_date,'riteadmin',NULL,NULL,NULL,NULL,NULL,NULL,NULL,NULL,NULL,NULL,NULL,NULL,NULL,NULL,NULL);

INSERT INTO cr_objects (object_id, object_name, object_code, user_object_name, module_code, parent_object_id, fbdi_sheet, loader_endpoint, re_con_query, sequence_in_parent, interface_table_name, rejection_table_name, ctl_file_name, xlsm_file_name, immediate_parent, batch_size, base_tables, creation_date, created_by, last_update_date, last_update_by, attribute1, attribute2, attribute3, attribute4, attribute5, attribute6, attribute7, attribute8, attribute9, attribute10, attribute11, attribute12, attribute13, attribute14, attribute15, conversion_type,cld_template_code,cld_metadata_table_name,cld_template_name) 
VALUES (105,'Task Resources', 'TASK_RESOURCES', 'Task Resources', 'PPM', 98, 'PJT_TASK_RESOURCES_INT','FBDI', NULL, 7, 'PJT_TASK_RESOURCES_INT','',  'PjtTaskResourcesInt', 'ProjectImportTemplate', NULL, 30000, NULL, current_date, 'riteadmin', current_date, 'riteadmin', NULL, NULL, NULL, NULL,NULL, NULL, NULL, NULL, NULL, NULL, NULL, NULL, NULL, NULL, NULL,'DATA_MIGRATION', 'TASK_RESOURCES', 'CR_TASK_RESOURCES_C', 'CR_TASK_RESOURCES_CLD');

INSERT INTO cr_object_information (object_id,info_type,info_value,info_description,additional_information1,additional_information2,additional_information3,additional_information4,additional_information5,creation_date,created_by,last_update_date,last_update_by,attribute1,attribute2,attribute3,attribute4,attribute5,attribute6,attribute7,attribute8,attribute9,attribute10,attribute11,attribute12,attribute13,attribute14,attribute15) VALUES
	 (105,'Sequence','7','','',NULL,NULL,NULL,NULL,current_date,'riteadmin',current_date,'riteadmin',NULL,NULL,NULL,NULL,NULL,NULL,NULL,NULL,NULL,NULL,NULL,NULL,NULL,NULL,NULL),
	 (105,'DocumentAccount','prj/projectFoundation/import','','',NULL,NULL,NULL,NULL,current_date,'riteadmin',current_date,'riteadmin',NULL,NULL,NULL,NULL,NULL,NULL,NULL,NULL,NULL,NULL,NULL,NULL,NULL,NULL,NULL),
	 (105,'DocumentSecurityGroup','FAFusionImportExport','','',NULL,NULL,NULL,NULL,current_date,'riteadmin',current_date,'riteadmin',NULL,NULL,NULL,NULL,NULL,NULL,NULL,NULL,NULL,NULL,NULL,NULL,NULL,NULL,NULL),
	 (105,'JobName','/oracle/apps/ess/projects/foundation/projectDefinition/,ImportProjectJobDef','','',NULL,NULL,NULL,NULL,current_date,'riteadmin',current_date,'riteadmin',NULL,NULL,NULL,NULL,NULL,NULL,NULL,NULL,NULL,NULL,NULL,NULL,NULL,NULL,NULL),
	 (105,'InterfaceDetails','46','','',NULL,NULL,NULL,NULL,current_date,'riteadmin',current_date,'riteadmin',NULL,NULL,NULL,NULL,NULL,NULL,NULL,NULL,NULL,NULL,NULL,NULL,NULL,NULL,NULL);

INSERT INTO cr_objects (object_id, object_name, object_code, user_object_name, module_code, parent_object_id, fbdi_sheet, loader_endpoint, re_con_query, sequence_in_parent, interface_table_name, rejection_table_name, ctl_file_name, xlsm_file_name, immediate_parent, batch_size, base_tables, creation_date, created_by, last_update_date, last_update_by, attribute1, attribute2, attribute3, attribute4, attribute5, attribute6, attribute7, attribute8, attribute9, attribute10, attribute11, attribute12, attribute13, attribute14, attribute15, conversion_type,cld_template_code,cld_metadata_table_name,cld_template_name) 
VALUES (106,'Task Dependencies', 'TASK_DEPENDENCIES', 'Task Dependencies', 'PPM', 98, 'PJT_TASK_DEPENDENCIES_INT','FBDI', NULL, 8, 'PJT_TASK_DEPENDENCIES_INT','',  'PjtTaskDependenciesInt', 'ProjectImportTemplate', NULL, 30000, 'PJT_TASK_DEPENDENCIES', current_date, 'riteadmin', current_date, 'riteadmin', NULL, NULL, NULL, NULL,NULL, NULL, NULL, NULL, NULL, NULL, NULL, NULL, NULL, NULL, NULL,'DATA_MIGRATION', 'TASK_DEPENDENCIES', 'CR_TASK_DEPENDENCIES_C', 'CR_TASK_DEPENDENCIES_CLD');

INSERT INTO cr_object_information (object_id,info_type,info_value,info_description,additional_information1,additional_information2,additional_information3,additional_information4,additional_information5,creation_date,created_by,last_update_date,last_update_by,attribute1,attribute2,attribute3,attribute4,attribute5,attribute6,attribute7,attribute8,attribute9,attribute10,attribute11,attribute12,attribute13,attribute14,attribute15) VALUES
	 (106,'Sequence','8','','',NULL,NULL,NULL,NULL,current_date,'riteadmin',current_date,'riteadmin',NULL,NULL,NULL,NULL,NULL,NULL,NULL,NULL,NULL,NULL,NULL,NULL,NULL,NULL,NULL),
	 (106,'DocumentAccount','prj/projectFoundation/import','','',NULL,NULL,NULL,NULL,current_date,'riteadmin',current_date,'riteadmin',NULL,NULL,NULL,NULL,NULL,NULL,NULL,NULL,NULL,NULL,NULL,NULL,NULL,NULL,NULL),
	 (106,'DocumentSecurityGroup','FAFusionImportExport','','',NULL,NULL,NULL,NULL,current_date,'riteadmin',current_date,'riteadmin',NULL,NULL,NULL,NULL,NULL,NULL,NULL,NULL,NULL,NULL,NULL,NULL,NULL,NULL,NULL),
	 (106,'JobName','/oracle/apps/ess/projects/foundation/projectDefinition/,ImportProjectJobDef','','',NULL,NULL,NULL,NULL,current_date,'riteadmin',current_date,'riteadmin',NULL,NULL,NULL,NULL,NULL,NULL,NULL,NULL,NULL,NULL,NULL,NULL,NULL,NULL,NULL),
	 (106,'InterfaceDetails','46','','',NULL,NULL,NULL,NULL,current_date,'riteadmin',current_date,'riteadmin',NULL,NULL,NULL,NULL,NULL,NULL,NULL,NULL,NULL,NULL,NULL,NULL,NULL,NULL,NULL);

INSERT INTO cr_objects (object_id, object_name, object_code, user_object_name, module_code, parent_object_id, fbdi_sheet, loader_endpoint, re_con_query, sequence_in_parent, interface_table_name, rejection_table_name, ctl_file_name, xlsm_file_name, immediate_parent, batch_size, base_tables, creation_date, created_by, last_update_date, last_update_by, attribute1, attribute2, attribute3, attribute4, attribute5, attribute6, attribute7, attribute8, attribute9, attribute10, attribute11, attribute12, attribute13, attribute14, attribute15, conversion_type,cld_template_code,cld_metadata_table_name,cld_template_name) 
VALUES (107,'Team Member Progress', 'TEAM_MEMBER_PROGRESS', 'Team Member Progress', 'PPM', 98, 'PJT_TEAM_MEMBER_PROG_INT','FBDI', NULL, 9, 'PJT_TEAM_MEMBER_PROG_INT','',  'PjtTeamMemberProgressInt', 'ProjectImportTemplate', NULL, 30000, NULL, current_date, 'riteadmin', current_date, 'riteadmin', NULL, NULL, NULL, NULL,NULL, NULL, NULL, NULL, NULL, NULL, NULL, NULL, NULL, NULL, NULL,'DATA_MIGRATION', 'TEAM_MEMBER_PROGRESS', 'CR_TEAM_MEMBER_PROGRESS_C', 'CR_TEAM_MEMBER_PROGRESS_CLD');

INSERT INTO cr_object_information (object_id,info_type,info_value,info_description,additional_information1,additional_information2,additional_information3,additional_information4,additional_information5,creation_date,created_by,last_update_date,last_update_by,attribute1,attribute2,attribute3,attribute4,attribute5,attribute6,attribute7,attribute8,attribute9,attribute10,attribute11,attribute12,attribute13,attribute14,attribute15) VALUES
	 (107,'Sequence','9','','',NULL,NULL,NULL,NULL,current_date,'riteadmin',current_date,'riteadmin',NULL,NULL,NULL,NULL,NULL,NULL,NULL,NULL,NULL,NULL,NULL,NULL,NULL,NULL,NULL),
	 (107,'DocumentAccount','prj/projectFoundation/import','','',NULL,NULL,NULL,NULL,current_date,'riteadmin',current_date,'riteadmin',NULL,NULL,NULL,NULL,NULL,NULL,NULL,NULL,NULL,NULL,NULL,NULL,NULL,NULL,NULL),
	 (107,'DocumentSecurityGroup','FAFusionImportExport','','',NULL,NULL,NULL,NULL,current_date,'riteadmin',current_date,'riteadmin',NULL,NULL,NULL,NULL,NULL,NULL,NULL,NULL,NULL,NULL,NULL,NULL,NULL,NULL,NULL),
	 (107,'JobName','/oracle/apps/ess/projects/foundation/projectDefinition/,ImportProjectJobDef','','',NULL,NULL,NULL,NULL,current_date,'riteadmin',current_date,'riteadmin',NULL,NULL,NULL,NULL,NULL,NULL,NULL,NULL,NULL,NULL,NULL,NULL,NULL,NULL,NULL),
	 (107,'InterfaceDetails','46','','',NULL,NULL,NULL,NULL,current_date,'riteadmin',current_date,'riteadmin',NULL,NULL,NULL,NULL,NULL,NULL,NULL,NULL,NULL,NULL,NULL,NULL,NULL,NULL,NULL);

INSERT INTO cr_objects (object_id, object_name, object_code, user_object_name, module_code, parent_object_id, fbdi_sheet, loader_endpoint, re_con_query, sequence_in_parent, interface_table_name, rejection_table_name, ctl_file_name, xlsm_file_name, immediate_parent, batch_size, base_tables, creation_date, created_by, last_update_date, last_update_by, attribute1, attribute2, attribute3, attribute4, attribute5, attribute6, attribute7, attribute8, attribute9, attribute10, attribute11, attribute12, attribute13, attribute14, attribute15, conversion_type,cld_template_code,cld_metadata_table_name,cld_template_name) 
VALUES (108,'Project Codes', 'PROJECT_CODES', 'Project Codes', 'PPM', 98, 'PJT_PROJECT_CODES_INT','FBDI', NULL, 10, 'PJT_PROJECT_CODES_INT','',  'PjtProjectCodesInt', 'ProjectImportTemplate', NULL, 30000, 'PJT_PRODUCT_B', current_date, 'riteadmin', current_date, 'riteadmin', NULL, NULL, NULL, NULL,NULL, NULL, NULL, NULL, NULL, NULL, NULL, NULL, NULL, NULL, NULL,'DATA_MIGRATION', 'PROJECT_CODES', 'CR_PROJECT_CODES_C', 'CR_PROJECT_CODES_CLD');

INSERT INTO cr_object_information (object_id,info_type,info_value,info_description,additional_information1,additional_information2,additional_information3,additional_information4,additional_information5,creation_date,created_by,last_update_date,last_update_by,attribute1,attribute2,attribute3,attribute4,attribute5,attribute6,attribute7,attribute8,attribute9,attribute10,attribute11,attribute12,attribute13,attribute14,attribute15) VALUES
	 (108,'Sequence','10','','',NULL,NULL,NULL,NULL,current_date,'riteadmin',current_date,'riteadmin',NULL,NULL,NULL,NULL,NULL,NULL,NULL,NULL,NULL,NULL,NULL,NULL,NULL,NULL,NULL),
	 (108,'DocumentAccount','prj/projectFoundation/import','','',NULL,NULL,NULL,NULL,current_date,'riteadmin',current_date,'riteadmin',NULL,NULL,NULL,NULL,NULL,NULL,NULL,NULL,NULL,NULL,NULL,NULL,NULL,NULL,NULL),
	 (108,'DocumentSecurityGroup','FAFusionImportExport','','',NULL,NULL,NULL,NULL,current_date,'riteadmin',current_date,'riteadmin',NULL,NULL,NULL,NULL,NULL,NULL,NULL,NULL,NULL,NULL,NULL,NULL,NULL,NULL,NULL),
	 (108,'JobName','/oracle/apps/ess/projects/foundation/projectDefinition/,ImportProjectJobDef','','',NULL,NULL,NULL,NULL,current_date,'riteadmin',current_date,'riteadmin',NULL,NULL,NULL,NULL,NULL,NULL,NULL,NULL,NULL,NULL,NULL,NULL,NULL,NULL,NULL),
	 (108,'InterfaceDetails','46','','',NULL,NULL,NULL,NULL,current_date,'riteadmin',current_date,'riteadmin',NULL,NULL,NULL,NULL,NULL,NULL,NULL,NULL,NULL,NULL,NULL,NULL,NULL,NULL,NULL);

INSERT INTO cr_objects (object_id, object_name, object_code, user_object_name, module_code, parent_object_id, fbdi_sheet, loader_endpoint, re_con_query, sequence_in_parent, interface_table_name, rejection_table_name, ctl_file_name, xlsm_file_name, immediate_parent, batch_size, base_tables, creation_date, created_by, last_update_date, last_update_by, attribute1, attribute2, attribute3, attribute4, attribute5, attribute6, attribute7, attribute8, attribute9, attribute10, attribute11, attribute12, attribute13, attribute14, attribute15, conversion_type,cld_template_code,cld_metadata_table_name,cld_template_name) 
VALUES (109,'Task Codes', 'TASK_CODES', 'Task Codes', 'PPM', 98, 'PJT_TASK_CODES_INT','FBDI', NULL, 11, 'PJT_TASK_CODES_INT','',  'PjtTaskCodesInt', 'ProjectImportTemplate', NULL, 30000, NULL, current_date, 'riteadmin', current_date, 'riteadmin', NULL, NULL, NULL, NULL,NULL, NULL, NULL, NULL, NULL, NULL, NULL, NULL, NULL, NULL, NULL,'DATA_MIGRATION', 'TASK_CODES', 'CR_TASK_CODES_C', 'CR_TASK_CODES_CLD');

INSERT INTO cr_object_information (object_id,info_type,info_value,info_description,additional_information1,additional_information2,additional_information3,additional_information4,additional_information5,creation_date,created_by,last_update_date,last_update_by,attribute1,attribute2,attribute3,attribute4,attribute5,attribute6,attribute7,attribute8,attribute9,attribute10,attribute11,attribute12,attribute13,attribute14,attribute15) VALUES
	 (109,'Sequence','11','','',NULL,NULL,NULL,NULL,current_date,'riteadmin',current_date,'riteadmin',NULL,NULL,NULL,NULL,NULL,NULL,NULL,NULL,NULL,NULL,NULL,NULL,NULL,NULL,NULL),
	 (109,'DocumentAccount','prj/projectFoundation/import','','',NULL,NULL,NULL,NULL,current_date,'riteadmin',current_date,'riteadmin',NULL,NULL,NULL,NULL,NULL,NULL,NULL,NULL,NULL,NULL,NULL,NULL,NULL,NULL,NULL),
	 (109,'DocumentSecurityGroup','FAFusionImportExport','','',NULL,NULL,NULL,NULL,current_date,'riteadmin',current_date,'riteadmin',NULL,NULL,NULL,NULL,NULL,NULL,NULL,NULL,NULL,NULL,NULL,NULL,NULL,NULL,NULL),
	 (109,'JobName','/oracle/apps/ess/projects/foundation/projectDefinition/,ImportProjectJobDef','','',NULL,NULL,NULL,NULL,current_date,'riteadmin',current_date,'riteadmin',NULL,NULL,NULL,NULL,NULL,NULL,NULL,NULL,NULL,NULL,NULL,NULL,NULL,NULL,NULL),
	 (109,'InterfaceDetails','46','','',NULL,NULL,NULL,NULL,current_date,'riteadmin',current_date,'riteadmin',NULL,NULL,NULL,NULL,NULL,NULL,NULL,NULL,NULL,NULL,NULL,NULL,NULL,NULL,NULL);

-- Project Budgets
INSERT INTO cr_objects (object_id, object_name, object_code, user_object_name, module_code, parent_object_id, fbdi_sheet, loader_endpoint, re_con_query, sequence_in_parent, interface_table_name, rejection_table_name, ctl_file_name, xlsm_file_name, immediate_parent, batch_size, base_tables, creation_date, created_by, last_update_date, last_update_by, attribute1, attribute2, attribute3, attribute4, attribute5, attribute6, attribute7, attribute8, attribute9, attribute10, attribute11, attribute12, attribute13, attribute14, attribute15, conversion_type,cld_template_code,cld_metadata_table_name,cld_template_name) 
VALUES (110,'Project Budgets', 'PROJECT_BUDGETS', 'Project Budgets', 'PPM', Null, '','FBDI', NULL, Null, '','',  '', '', NULL, 30000, NULL, current_date, 'riteadmin', current_date, 'riteadmin', NULL, NULL, NULL, NULL,NULL, NULL, NULL, NULL, NULL, NULL, NULL, NULL, NULL, NULL, NULL,'DATA_MIGRATION', NULL, NULL, NULL);

INSERT INTO cr_objects (object_id, object_name, object_code, user_object_name, module_code, parent_object_id, fbdi_sheet, loader_endpoint, re_con_query, sequence_in_parent, interface_table_name, rejection_table_name, ctl_file_name, xlsm_file_name, immediate_parent, batch_size, base_tables, creation_date, created_by, last_update_date, last_update_by, attribute1, attribute2, attribute3, attribute4, attribute5, attribute6, attribute7, attribute8, attribute9, attribute10, attribute11, attribute12, attribute13, attribute14, attribute15, conversion_type,cld_template_code,cld_metadata_table_name,cld_template_name)
VALUES (111,'Import Project Budgets', 'IMPORT_PROJECT_BUDGETS', 'Import Project Budgets', 'PPM', 110, 'PJO_PLAN_VERSIONS_XFACE','FBDI', NULL, 1, 'PJO_PLAN_VERSIONS_XFACE','',  'PjoPlanVersionsXface', 'ProjectBudgetsImportTemplate', NULL, 30000, 'PJO_PLAN_VERSIONS_B', current_date, 'riteadmin', current_date, 'riteadmin', NULL, NULL, NULL, NULL,NULL, NULL, NULL, NULL, NULL, NULL, NULL, NULL, NULL, NULL, NULL,'DATA_MIGRATION', 'IMPORT_PROJECT_BUDGETS', 'CR_IMPORT_PROJECT_BUDGETS_C', 'CR_IMPORT_PROJECT_BUDGETS_CLD');


INSERT INTO cr_object_information (object_id,info_type,info_value,info_description,additional_information1,additional_information2,additional_information3,additional_information4,additional_information5,creation_date,created_by,last_update_date,last_update_by,attribute1,attribute2,attribute3,attribute4,attribute5,attribute6,attribute7,attribute8,attribute9,attribute10,attribute11,attribute12,attribute13,attribute14,attribute15) VALUES
	 (111,'Sequence','1','','',NULL,NULL,NULL,NULL,current_date,'riteadmin',current_date,'riteadmin',NULL,NULL,NULL,NULL,NULL,NULL,NULL,NULL,NULL,NULL,NULL,NULL,NULL,NULL,NULL),
	 (111,'DocumentAccount','prj/projectControl/import','','',NULL,NULL,NULL,NULL,current_date,'riteadmin',current_date,'riteadmin',NULL,NULL,NULL,NULL,NULL,NULL,NULL,NULL,NULL,NULL,NULL,NULL,NULL,NULL,NULL),
	 (111,'DocumentSecurityGroup','FAFusionImportExport','','',NULL,NULL,NULL,NULL,current_date,'riteadmin',current_date,'riteadmin',NULL,NULL,NULL,NULL,NULL,NULL,NULL,NULL,NULL,NULL,NULL,NULL,NULL,NULL,NULL),
	 (111,'JobName','/oracle/apps/ess/projects/control/budgetsAndForecasts/,ImportBudgetsInterfaceData','','',NULL,NULL,NULL,NULL,current_date,'riteadmin',current_date,'riteadmin',NULL,NULL,NULL,NULL,NULL,NULL,NULL,NULL,NULL,NULL,NULL,NULL,NULL,NULL,NULL),
	 (111,'InterfaceDetails','39','','',NULL,NULL,NULL,NULL,current_date,'riteadmin',current_date,'riteadmin',NULL,NULL,NULL,NULL,NULL,NULL,NULL,NULL,NULL,NULL,NULL,NULL,NULL,NULL,NULL);

-- Project MISC Cost

INSERT INTO cr_objects (object_id, object_name, object_code, user_object_name, module_code, parent_object_id, fbdi_sheet, loader_endpoint, re_con_query, sequence_in_parent, interface_table_name, rejection_table_name, ctl_file_name, xlsm_file_name, immediate_parent, batch_size, base_tables, creation_date, created_by, last_update_date, last_update_by, attribute1, attribute2, attribute3, attribute4, attribute5, attribute6, attribute7, attribute8, attribute9, attribute10, attribute11, attribute12, attribute13, attribute14, attribute15, conversion_type,cld_template_code,cld_metadata_table_name,cld_template_name)
 VALUES (112,'Project Miscellaneous Costs', 'PROJECT_MISCELLANEOUS_COSTS', 'Project Miscellaneous Costs', 'PPM', Null, '','FBDI', NULL, Null, '','',  '', '', NULL, 30000, NULL, current_date, 'riteadmin', current_date, 'riteadmin', NULL, NULL, NULL, NULL,NULL, NULL, NULL, NULL, NULL, NULL, NULL, NULL, NULL, NULL, NULL,'DATA_MIGRATION', NULL, NULL, NULL);

INSERT INTO cr_objects (object_id, object_name, object_code, user_object_name, module_code, parent_object_id, fbdi_sheet, loader_endpoint, re_con_query, sequence_in_parent, interface_table_name, rejection_table_name, ctl_file_name, xlsm_file_name, immediate_parent, batch_size, base_tables, creation_date, created_by, last_update_date, last_update_by, attribute1, attribute2, attribute3, attribute4, attribute5, attribute6, attribute7, attribute8, attribute9, attribute10, attribute11, attribute12, attribute13, attribute14, attribute15, conversion_type,cld_template_code,cld_metadata_table_name,cld_template_name) 
VALUES (113,'Import Project Miscellaneous Costs', 'IMPORT_PROJECT_MISCELLANEOUS_COSTS', 'Import Project Miscellaneous Costs', 'PPM', 112, 'PJC_TXN_XFACE_STAGE_ALL','FBDI', NULL, 1, 'PJC_TXN_XFACE_STAGE_ALL','',  'PjcTxnXfaceStageAll', 'ProjectUnprocessedMiscellaneousExpenditureItemImportTemplate', NULL, 30000, 'PJC_TXN_XFACE_ALL ', current_date, 'riteadmin', current_date, 'riteadmin', NULL, NULL, NULL, NULL,NULL, NULL, NULL, NULL, NULL, NULL, NULL, NULL, NULL, NULL, NULL,'DATA_MIGRATION', 'IMP_PRJ_MISCELLANEOUS_COSTS', 'CR_IMP_PRJ_MISCELLANEOUS_COSTS_C', 'CR_IMP_PRJ_MISCELLANEOUS_COSTS_CLD');

INSERT INTO cr_object_information (object_id,info_type,info_value,info_description,additional_information1,additional_information2,additional_information3,additional_information4,additional_information5,creation_date,created_by,last_update_date,last_update_by,attribute1,attribute2,attribute3,attribute4,attribute5,attribute6,attribute7,attribute8,attribute9,attribute10,attribute11,attribute12,attribute13,attribute14,attribute15) VALUES
	 (113,'Sequence','1','','',NULL,NULL,NULL,NULL,current_date,'riteadmin',current_date,'riteadmin',NULL,NULL,NULL,NULL,NULL,NULL,NULL,NULL,NULL,NULL,NULL,NULL,NULL,NULL,NULL),
	 (113,'DocumentAccount','prj/projectCosting/import','','',NULL,NULL,NULL,NULL,current_date,'riteadmin',current_date,'riteadmin',NULL,NULL,NULL,NULL,NULL,NULL,NULL,NULL,NULL,NULL,NULL,NULL,NULL,NULL,NULL),
	 (113,'DocumentSecurityGroup','FAFusionImportExport','','',NULL,NULL,NULL,NULL,current_date,'riteadmin',current_date,'riteadmin',NULL,NULL,NULL,NULL,NULL,NULL,NULL,NULL,NULL,NULL,NULL,NULL,NULL,NULL,NULL),
	 (113,'JobName','/oracle/apps/ess/projects/costing/transactions/onestop/,ImportAndProcessTxnsJob','','',NULL,NULL,NULL,NULL,current_date,'riteadmin',current_date,'riteadmin',NULL,NULL,NULL,NULL,NULL,NULL,NULL,NULL,NULL,NULL,NULL,NULL,NULL,NULL,NULL),
	 (113,'InterfaceDetails','20','','',NULL,NULL,NULL,NULL,current_date,'riteadmin',current_date,'riteadmin',NULL,NULL,NULL,NULL,NULL,NULL,NULL,NULL,NULL,NULL,NULL,NULL,NULL,NULL,NULL);


	
--Catalog
INSERT INTO cr_objects (object_id, object_name, object_code, user_object_name, module_code, parent_object_id, fbdi_sheet, loader_endpoint, re_con_query, sequence_in_parent, interface_table_name, rejection_table_name, ctl_file_name, xlsm_file_name, immediate_parent, batch_size, base_tables, creation_date, created_by, last_update_date, last_update_by, attribute1, attribute2, attribute3, attribute4, attribute5, attribute6, attribute7, attribute8, attribute9, attribute10, attribute11, attribute12, attribute13, attribute14, attribute15, conversion_type,cld_template_code,cld_metadata_table_name,cld_template_name) 
VALUES (114,'Catalog', 'CATALOG', 'Catalog', 'SCM', NULL, '','FBDI', NULL, NULL, '','',  '', '', NULL, 30000, NULL, current_date, 'riteadmin', current_date, 'riteadmin', NULL, NULL, NULL, NULL,NULL, NULL, NULL, NULL, NULL, NULL, NULL, NULL, NULL, NULL, NULL,'DATA_MIGRATION', NULL, NULL, NULL);

INSERT INTO cr_objects (object_id, object_name, object_code, user_object_name, module_code, parent_object_id, fbdi_sheet, loader_endpoint, re_con_query, sequence_in_parent, interface_table_name, rejection_table_name, ctl_file_name, xlsm_file_name, immediate_parent, batch_size, base_tables, creation_date, created_by, last_update_date, last_update_by, attribute1, attribute2, attribute3, attribute4, attribute5, attribute6, attribute7, attribute8, attribute9, attribute10, attribute11, attribute12, attribute13, attribute14, attribute15, conversion_type,cld_template_code,cld_metadata_table_name,cld_template_name) 
VALUES (115,'Catalog Interface', 'CATALOG_INTERFACE', 'Catalog Interface', 'SCM', 114, 'EGP_CATEGORY_SETS_INT','FBDI', NULL, 1, 'EGP_CATEGORY_SETS_INT','EGP_IMPORT_ERRORS',  'EgpCategorySetsInterface', 'EgpCatalogImportTemplate', NULL, 30000, 'EGP_CATEGORY_SETS_B', current_date, 'riteadmin', current_date, 'riteadmin', NULL, NULL, NULL, NULL,NULL, NULL, NULL, NULL, NULL, NULL, NULL, NULL, NULL, NULL, NULL,'DATA_MIGRATION', 'CATALOG_INTERFACE', 'CR_CATALOG_INTERFACE_C', 'CR_CATALOG_INTERFACE_CLD');

INSERT INTO cr_object_information (object_id,info_type,info_value,info_description,additional_information1,additional_information2,additional_information3,additional_information4,additional_information5,creation_date,created_by,last_update_date,last_update_by,attribute1,attribute2,attribute3,attribute4,attribute5,attribute6,attribute7,attribute8,attribute9,attribute10,attribute11,attribute12,attribute13,attribute14,attribute15) VALUES
	 (115,'Sequence','1',NULL,NULL,NULL,NULL,NULL,NULL,current_date,'riteadmin',current_date,'riteadmin',NULL,NULL,NULL,NULL,NULL,NULL,NULL,NULL,NULL,NULL,NULL,NULL,NULL,NULL,NULL),
     (115,'DocumentAccount','scm/item/import',NULL,NULL,NULL,NULL,NULL,NULL,current_date,'riteadmin',current_date,'riteadmin',NULL,NULL,NULL,NULL,NULL,NULL,NULL,NULL,NULL,NULL,NULL,NULL,NULL,NULL,NULL),
	 (115,'DocumentSecurityGroup','FAFusionImportExport',NULL,NULL,NULL,NULL,NULL,NULL,current_date,'riteadmin',current_date,'riteadmin',NULL,NULL,NULL,NULL,NULL,NULL,NULL,NULL,NULL,NULL,NULL,NULL,NULL,NULL,NULL),
	 (115,'JobName','/oracle/apps/ess/scm/productModel/items/,CatalogImportJobDef','','',NULL,NULL,NULL,NULL,current_date,'riteadmin',current_date,'riteadmin',NULL,NULL,NULL,NULL,NULL,NULL,NULL,NULL,NULL,NULL,NULL,NULL,NULL,NULL,NULL),
	 (115,'InterfaceDetails','137','','',NULL,NULL,NULL,NULL,current_date,'riteadmin',current_date,'riteadmin',NULL,NULL,NULL,NULL,NULL,NULL,NULL,NULL,NULL,NULL,NULL,NULL,NULL,NULL,NULL);

INSERT INTO cr_objects (object_id, object_name, object_code, user_object_name, module_code, parent_object_id, fbdi_sheet, loader_endpoint, re_con_query, sequence_in_parent, interface_table_name, rejection_table_name, ctl_file_name, xlsm_file_name, immediate_parent, batch_size, base_tables, creation_date, created_by, last_update_date, last_update_by, attribute1, attribute2, attribute3, attribute4, attribute5, attribute6, attribute7, attribute8, attribute9, attribute10, attribute11, attribute12, attribute13, attribute14, attribute15, conversion_type,cld_template_code,cld_metadata_table_name,cld_template_name) 
VALUES (116,'Catalog Translatable Interface', 'CATALOG_TRANSLATABLE_INTERFACE', 'Catalog Translatable Interface', 'SCM', 114, 'EGP_CATEGORY_SETS_TL_INT','FBDI', NULL, 2, 'EGP_CATEGORY_SETS_TL_INT','EGP_IMPORT_ERRORS',  'EgpCategorySetsTlInterface', 'EgpCatalogImportTemplate', NULL, 30000, 'EGP_CATEGORY_SETS_TL', current_date, 'riteadmin', current_date, 'riteadmin', NULL, NULL, NULL, NULL,NULL, NULL, NULL, NULL, NULL, NULL, NULL, NULL, NULL, NULL, NULL,'DATA_MIGRATION', 'CATALOG_TRANSLATABLE_INTERFACE', 'CR_CATALOG_TRANSLATABLE_INTERFACE_C', 'CR_CATALOG_TRANSLATABLE_INTERFACE_CLD');

INSERT INTO cr_object_information (object_id,info_type,info_value,info_description,additional_information1,additional_information2,additional_information3,additional_information4,additional_information5,creation_date,created_by,last_update_date,last_update_by,attribute1,attribute2,attribute3,attribute4,attribute5,attribute6,attribute7,attribute8,attribute9,attribute10,attribute11,attribute12,attribute13,attribute14,attribute15) VALUES
	 (116,'Sequence','2',NULL,NULL,NULL,NULL,NULL,NULL,current_date,'riteadmin',current_date,'riteadmin',NULL,NULL,NULL,NULL,NULL,NULL,NULL,NULL,NULL,NULL,NULL,NULL,NULL,NULL,NULL),
     (116,'DocumentAccount','scm/item/import',NULL,NULL,NULL,NULL,NULL,NULL,current_date,'riteadmin',current_date,'riteadmin',NULL,NULL,NULL,NULL,NULL,NULL,NULL,NULL,NULL,NULL,NULL,NULL,NULL,NULL,NULL),
	 (116,'DocumentSecurityGroup','FAFusionImportExport',NULL,NULL,NULL,NULL,NULL,NULL,current_date,'riteadmin',current_date,'riteadmin',NULL,NULL,NULL,NULL,NULL,NULL,NULL,NULL,NULL,NULL,NULL,NULL,NULL,NULL,NULL),
	 (116,'JobName','/oracle/apps/ess/scm/productModel/items/,CatalogImportJobDef','','',NULL,NULL,NULL,NULL,current_date,'riteadmin',current_date,'riteadmin',NULL,NULL,NULL,NULL,NULL,NULL,NULL,NULL,NULL,NULL,NULL,NULL,NULL,NULL,NULL),
	 (116,'InterfaceDetails','137','','',NULL,NULL,NULL,NULL,current_date,'riteadmin',current_date,'riteadmin',NULL,NULL,NULL,NULL,NULL,NULL,NULL,NULL,NULL,NULL,NULL,NULL,NULL,NULL,NULL);

INSERT INTO cr_objects (object_id, object_name, object_code, user_object_name, module_code, parent_object_id, fbdi_sheet, loader_endpoint, re_con_query, sequence_in_parent, interface_table_name, rejection_table_name, ctl_file_name, xlsm_file_name, immediate_parent, batch_size, base_tables, creation_date, created_by, last_update_date, last_update_by, attribute1, attribute2, attribute3, attribute4, attribute5, attribute6, attribute7, attribute8, attribute9, attribute10, attribute11, attribute12, attribute13, attribute14, attribute15, conversion_type,cld_template_code,cld_metadata_table_name,cld_template_name) 
VALUES (117,'Categories Interface', 'CATEGORIES_INTERFACE', 'Categories Interface', 'SCM', 114, 'EGP_CATEGORIES_INT','FBDI', NULL, 3, 'EGP_CATEGORIES_INT','EGP_IMPORT_ERRORS',  'EgpCategoriesInterface', 'EgpCatalogImportTemplate', NULL, 30000, 'EGP_CATEGORIES_B', current_date, 'riteadmin', current_date, 'riteadmin', NULL, NULL, NULL, NULL,NULL, NULL, NULL, NULL, NULL, NULL, NULL, NULL, NULL, NULL, NULL,'DATA_MIGRATION', 'CATEGORIES_INTERFACE', 'CR_CATEGORIES_INTERFACE_C', 'CR_CATEGORIES_INTERFACE_CLD');

INSERT INTO cr_object_information (object_id,info_type,info_value,info_description,additional_information1,additional_information2,additional_information3,additional_information4,additional_information5,creation_date,created_by,last_update_date,last_update_by,attribute1,attribute2,attribute3,attribute4,attribute5,attribute6,attribute7,attribute8,attribute9,attribute10,attribute11,attribute12,attribute13,attribute14,attribute15) VALUES
	 (117,'Sequence','3',NULL,NULL,NULL,NULL,NULL,NULL,current_date,'riteadmin',current_date,'riteadmin',NULL,NULL,NULL,NULL,NULL,NULL,NULL,NULL,NULL,NULL,NULL,NULL,NULL,NULL,NULL),
     (117,'DocumentAccount','scm/item/import',NULL,NULL,NULL,NULL,NULL,NULL,current_date,'riteadmin',current_date,'riteadmin',NULL,NULL,NULL,NULL,NULL,NULL,NULL,NULL,NULL,NULL,NULL,NULL,NULL,NULL,NULL),
	 (117,'DocumentSecurityGroup','FAFusionImportExport',NULL,NULL,NULL,NULL,NULL,NULL,current_date,'riteadmin',current_date,'riteadmin',NULL,NULL,NULL,NULL,NULL,NULL,NULL,NULL,NULL,NULL,NULL,NULL,NULL,NULL,NULL),
	 (117,'JobName','/oracle/apps/ess/scm/productModel/items/,CatalogImportJobDef','','',NULL,NULL,NULL,NULL,current_date,'riteadmin',current_date,'riteadmin',NULL,NULL,NULL,NULL,NULL,NULL,NULL,NULL,NULL,NULL,NULL,NULL,NULL,NULL,NULL),
	 (117,'InterfaceDetails','137','','',NULL,NULL,NULL,NULL,current_date,'riteadmin',current_date,'riteadmin',NULL,NULL,NULL,NULL,NULL,NULL,NULL,NULL,NULL,NULL,NULL,NULL,NULL,NULL,NULL);

INSERT INTO cr_objects (object_id, object_name, object_code, user_object_name, module_code, parent_object_id, fbdi_sheet, loader_endpoint, re_con_query, sequence_in_parent, interface_table_name, rejection_table_name, ctl_file_name, xlsm_file_name, immediate_parent, batch_size, base_tables, creation_date, created_by, last_update_date, last_update_by, attribute1, attribute2, attribute3, attribute4, attribute5, attribute6, attribute7, attribute8, attribute9, attribute10, attribute11, attribute12, attribute13, attribute14, attribute15, conversion_type,cld_template_code,cld_metadata_table_name,cld_template_name) 
VALUES (118,'Categories Translatable Interface', 'CATEGORIES_TRANSLATABLE_INTERFACE', 'Categories Translatable Interface', 'SCM', 114, 'EGP_CATEGORIES_TL_INT','FBDI', NULL, 4, 'EGP_CATEGORIES_TL_INT','EGP_IMPORT_ERRORS',  'EgpCategoriesTlInterface', 'EgpCatalogImportTemplate', NULL, 30000, 'EGP_CATEGORIES_TL', current_date, 'riteadmin', current_date, 'riteadmin', NULL, NULL, NULL, NULL,NULL, NULL, NULL, NULL, NULL, NULL, NULL, NULL, NULL, NULL, NULL,'DATA_MIGRATION', 'CAT_TRANSLATABLE_INTERFACE', 'CR_CAT_TRANSLATABLE_INTERFACE_C', 'CR_CAT_TRANSLATABLE_INTERFACE_CLD');

INSERT INTO cr_object_information (object_id,info_type,info_value,info_description,additional_information1,additional_information2,additional_information3,additional_information4,additional_information5,creation_date,created_by,last_update_date,last_update_by,attribute1,attribute2,attribute3,attribute4,attribute5,attribute6,attribute7,attribute8,attribute9,attribute10,attribute11,attribute12,attribute13,attribute14,attribute15) VALUES
	 (118,'Sequence','4',NULL,NULL,NULL,NULL,NULL,NULL,current_date,'riteadmin',current_date,'riteadmin',NULL,NULL,NULL,NULL,NULL,NULL,NULL,NULL,NULL,NULL,NULL,NULL,NULL,NULL,NULL),
     (118,'DocumentAccount','scm/item/import',NULL,NULL,NULL,NULL,NULL,NULL,current_date,'riteadmin',current_date,'riteadmin',NULL,NULL,NULL,NULL,NULL,NULL,NULL,NULL,NULL,NULL,NULL,NULL,NULL,NULL,NULL),
	 (118,'DocumentSecurityGroup','FAFusionImportExport',NULL,NULL,NULL,NULL,NULL,NULL,current_date,'riteadmin',current_date,'riteadmin',NULL,NULL,NULL,NULL,NULL,NULL,NULL,NULL,NULL,NULL,NULL,NULL,NULL,NULL,NULL),
	 (118,'JobName','/oracle/apps/ess/scm/productModel/items/,CatalogImportJobDef','','',NULL,NULL,NULL,NULL,current_date,'riteadmin',current_date,'riteadmin',NULL,NULL,NULL,NULL,NULL,NULL,NULL,NULL,NULL,NULL,NULL,NULL,NULL,NULL,NULL),
	 (118,'InterfaceDetails','137','','',NULL,NULL,NULL,NULL,current_date,'riteadmin',current_date,'riteadmin',NULL,NULL,NULL,NULL,NULL,NULL,NULL,NULL,NULL,NULL,NULL,NULL,NULL,NULL,NULL);

INSERT INTO cr_objects (object_id, object_name, object_code, user_object_name, module_code, parent_object_id, fbdi_sheet, loader_endpoint, re_con_query, sequence_in_parent, interface_table_name, rejection_table_name, ctl_file_name, xlsm_file_name, immediate_parent, batch_size, base_tables, creation_date, created_by, last_update_date, last_update_by, attribute1, attribute2, attribute3, attribute4, attribute5, attribute6, attribute7, attribute8, attribute9, attribute10, attribute11, attribute12, attribute13, attribute14, attribute15, conversion_type,cld_template_code,cld_metadata_table_name,cld_template_name) 
VALUES (119,'Catalog Category Attachments Interface', 'CATALOG_CATEGORY_ATTACHMENTS_INTERFACE', 'Catalog Category Attachments Interface', 'SCM', 114, 'EGP_CATALOG_CAT_ATTACH_INT','FBDI', NULL, 5, 'EGP_CATALOG_CAT_ATTACH_INT','EGP_IMPORT_ERRORS',  'EgpCatalogCatAttachInterface', 'EgpCatalogImportTemplate', NULL, 30000, NULL, current_date, 'riteadmin', current_date, 'riteadmin', NULL, NULL, NULL, NULL,NULL, NULL, NULL, NULL, NULL, NULL, NULL, NULL, NULL, NULL, NULL,'DATA_MIGRATION', 'CATALOG_CATEGORY_ATTAS_INT', 'CR_CATALOG_CATEGORY_ATTAS_INT_C', 'CR_CATALOG_CATEGORY_ATTAS_INT_CLD');

INSERT INTO cr_object_information (object_id,info_type,info_value,info_description,additional_information1,additional_information2,additional_information3,additional_information4,additional_information5,creation_date,created_by,last_update_date,last_update_by,attribute1,attribute2,attribute3,attribute4,attribute5,attribute6,attribute7,attribute8,attribute9,attribute10,attribute11,attribute12,attribute13,attribute14,attribute15) VALUES
	 (119,'Sequence','5',NULL,NULL,NULL,NULL,NULL,NULL,current_date,'riteadmin',current_date,'riteadmin',NULL,NULL,NULL,NULL,NULL,NULL,NULL,NULL,NULL,NULL,NULL,NULL,NULL,NULL,NULL),
     (119,'DocumentAccount','scm/item/import',NULL,NULL,NULL,NULL,NULL,NULL,current_date,'riteadmin',current_date,'riteadmin',NULL,NULL,NULL,NULL,NULL,NULL,NULL,NULL,NULL,NULL,NULL,NULL,NULL,NULL,NULL),
	 (119,'DocumentSecurityGroup','FAFusionImportExport',NULL,NULL,NULL,NULL,NULL,NULL,current_date,'riteadmin',current_date,'riteadmin',NULL,NULL,NULL,NULL,NULL,NULL,NULL,NULL,NULL,NULL,NULL,NULL,NULL,NULL,NULL),
	 (119,'JobName','/oracle/apps/ess/scm/productModel/items/,CatalogImportJobDef','','',NULL,NULL,NULL,NULL,current_date,'riteadmin',current_date,'riteadmin',NULL,NULL,NULL,NULL,NULL,NULL,NULL,NULL,NULL,NULL,NULL,NULL,NULL,NULL,NULL),
	 (119,'InterfaceDetails','137','','',NULL,NULL,NULL,NULL,current_date,'riteadmin',current_date,'riteadmin',NULL,NULL,NULL,NULL,NULL,NULL,NULL,NULL,NULL,NULL,NULL,NULL,NULL,NULL,NULL);


----checked

--Bank and BankBranch
INSERT INTO cr_objects (object_id,object_name,object_code,user_object_name,module_code,parent_object_id,fbdi_sheet,hdl_sheet,loader_endpoint,re_con_query,sequence_in_parent,creation_date,created_by,last_update_date,last_update_by,interface_table_name,rejection_table_name,ctl_file_name,xlsm_file_name,immediate_parent,batch_size,base_tables,attribute1,attribute2,attribute3,attribute4,attribute5,attribute6,attribute7,attribute8,attribute9,attribute10,attribute11,attribute12,attribute13,attribute14,attribute15,cld_template_code,cld_metadata_table_name,conversion_type,cld_template_name) VALUES
	 (120,'Bank','BANK_PARENT','Bank','HCM',NULL,NULL,NULL,NULL,NULL,NULL,current_date,'riteadmin',current_date,'riteadmin',NULL,NULL,NULL,NULL,NULL,NULL,NULL,NULL,NULL,NULL,NULL,NULL,NULL,NULL,NULL,NULL,NULL,NULL,NULL,NULL,NULL,NULL,NULL,NULL,NULL,NULL);
INSERT INTO cr_objects (object_id,object_name,object_code,user_object_name,module_code,parent_object_id,fbdi_sheet,hdl_sheet,loader_endpoint,re_con_query,sequence_in_parent,creation_date,created_by,last_update_date,last_update_by,interface_table_name,rejection_table_name,ctl_file_name,xlsm_file_name,immediate_parent,batch_size,base_tables,attribute1,attribute2,attribute3,attribute4,attribute5,attribute6,attribute7,attribute8,attribute9,attribute10,attribute11,attribute12,attribute13,attribute14,attribute15,cld_template_code,cld_metadata_table_name,conversion_type,cld_template_name) VALUES
	 (121,'Bank','BANK','Bank','HCM',120,NULL,NULL,NULL,NULL,NULL,current_date,'riteadmin',current_date,'riteadmin',NULL,NULL,NULL,NULL,NULL,NULL,NULL,NULL,NULL,NULL,NULL,NULL,NULL,NULL,NULL,NULL,NULL,NULL,NULL,NULL,NULL,NULL,'BANK','CR_BANK_CLD',NULL,'CR_BANK_C');
INSERT INTO cr_object_information (object_id,info_type,info_value,info_description,additional_information1,additional_information2,additional_information3,additional_information4,additional_information5,creation_date,created_by,last_update_date,last_update_by,attribute1,attribute2,attribute3,attribute4,attribute5,attribute6,attribute7,attribute8,attribute9,attribute10,attribute11,attribute12,attribute13,attribute14,attribute15) VALUES
	 (121,'Sequence','1',NULL,NULL,NULL,NULL,NULL,NULL,current_date,'riteadmin',current_date,'riteadmin',NULL,NULL,NULL,NULL,NULL,NULL,NULL,NULL,NULL,NULL,NULL,NULL,NULL,NULL,NULL),
	 (121,'DocumentSecurityGroup','FAFusionImportExport','','',NULL,NULL,NULL,NULL,current_date,'riteadmin',current_date,'riteadmin',NULL,NULL,NULL,NULL,NULL,NULL,NULL,NULL,NULL,NULL,NULL,NULL,NULL,NULL,NULL),
	 (121,'Enable Object','Y','','',NULL,NULL,NULL,NULL,current_date,'riteadmin',current_date,'riteadmin',NULL,NULL,NULL,NULL,NULL,NULL,NULL,NULL,NULL,NULL,NULL,NULL,NULL,NULL,NULL),
	 (121,'SQL_EXTRACTION_QUERY','SELECT DISTINCT
        (SELECT territory_short_name 
		 FROM  fnd_territories_vl 
		 WHERE territory_code=abb.country) country,
        abb.bank_name,
        abb.bank_number bank_code, 
        abb.bank_name_alt      alternate_bank_name,
        abb.bank_branch_name   branch_name,
        abb.bank_num           branch_number,
        eft_swift_code bic_code,
        bank_branch_name_alt   alternate_branch_name,
        bank_branch_type       bank_branch_type,
        NULL eft_number,
        NULL edi_id_number,
        NULL edi_location,
        NULL account_name,
        NULL account_number,
        NULL currency,
        NULL legal_entity,
        NULL account_type,
        NULL iban,
        NULL alternate_account_name,
        NULL payable_use,
        NULL receivable_use,
        NULL cash_account,
        NULL cash_clearing_account
    FROM
        apps.ap_bank_branches       abb,
        apps.ap_bank_accounts_all   aba
    WHERE
        aba.bank_branch_id = abb.bank_branch_id
        AND EXISTS (
            SELECT
                ''x''
            FROM
                apps.ap_bank_account_uses_all bau
            WHERE
                bau.vendor_id IS NOT NULL
                AND nvl(
                    bau.end_date,
                    SYSDATE + 1
                ) > SYSDATE
                AND EXISTS (
                    SELECT
                        ''x''
             FROM       po_vendors pv,
					po_vendor_sites_all pvsa,
					hr_operating_units hou
			WHERE nvl(pv.end_date_active,SYSDATE + 1) > SYSDATE
			AND nvl(pvsa.inactive_date,SYSDATE + 1) > SYSDATE
			AND pv.vendor_id=pvsa.vendor_id
			AND pvsa.org_id=hou.organization_id
			AND pv.enabled_flag = ''Y''
			AND hou.name in (''Biomet 3i Canada'',
							 ''Zimmer Dental SAS'',
							 ''JP OU'',
							 ''3i US'',
							 ''Biomet 3i Dental Iberica SLU'')
                )
                AND bau.external_bank_account_id = aba.bank_account_id
        )
		
		UNION 
	SELECT DISTINCT
        (SELECT territory_short_name 
		 FROM  fnd_territories_vl 
		 WHERE territory_code=abb.country)   country,
        abb.bank_name,
        abb.bank_number bank_code, 
        abb.bank_name_alt      alternate_bank_name,
        abb.bank_branch_name   branch_name,
        abb.bank_num           branch_number,
        eft_swift_code bic_code,
        bank_branch_name_alt   alternate_branch_name,
        bank_branch_type       bank_branch_type,
        NULL eft_number,
        NULL edi_id_number,
        NULL edi_location,
        NULL account_name,
        NULL account_number,
        NULL currency,
        NULL legal_entity,
        NULL account_type,
        NULL iban,
        NULL alternate_account_name,
        NULL payable_use,
        NULL receivable_use,
        NULL cash_account,
        NULL cash_clearing_account
    FROM
        apps.ap_bank_branches       abb,
        apps.ap_bank_accounts_all   aba
    WHERE
        aba.bank_branch_id = abb.bank_branch_id
        AND EXISTS (
            SELECT
                ''x''
            FROM
                apps.ap_bank_account_uses_all bau
            WHERE
                bau.customer_id IS NOT NULL
                AND nvl(
                    bau.end_date,
                    SYSDATE + 1
                ) > SYSDATE
                AND EXISTS (
                    SELECT
                        ''x''
				FROM
					hz_parties       hz,
					hz_cust_accounts hca
				WHERE
						1 = 1
					AND hz.party_id = hca.party_id
					AND hca.STATUS=''A''
					AND hz.STATUS=''A''
					AND hz.party_id IN (select 
											   hps.party_id 
										from 
											 hz_cust_acct_sites_all hcasa,
											 hz_party_sites hps,
											 hr_operating_units hou
										where 
											 hcasa.party_site_id=hps.party_site_id
										AND  hcasa.org_id=hou.ORGANIZATION_ID
										AND  hps.status=''A''
										AND  hcasa.status=''A''
										AND  hou.name in (''Biomet 3i Canada'',
															''Zimmer Dental SAS'',
															''JP OU'',
															''3i US'',
															''Biomet 3i Dental Iberica SLU'')
										)  
                )
                AND bau.external_bank_account_id = aba.bank_account_id
        )  ','',NULL,NULL,NULL,NULL,NULL,current_date,'riteadmin',current_date,'riteadmin',NULL,NULL,NULL,NULL,NULL,NULL,NULL,NULL,NULL,NULL,NULL,NULL,NULL,NULL,NULL),
	(121,'DocumentAccount','hcm$/dataloader$/import$','','',NULL,NULL,NULL,NULL,current_date,'riteadmin',current_date,'riteadmin',NULL,NULL,NULL,NULL,NULL,NULL,NULL,NULL,NULL,NULL,NULL,NULL,NULL,NULL,NULL); 

INSERT INTO cr_objects (object_id,object_name,object_code,user_object_name,module_code,parent_object_id,fbdi_sheet,hdl_sheet,loader_endpoint,re_con_query,sequence_in_parent,creation_date,created_by,last_update_date,last_update_by,interface_table_name,rejection_table_name,ctl_file_name,xlsm_file_name,immediate_parent,batch_size,base_tables,attribute1,attribute2,attribute3,attribute4,attribute5,attribute6,attribute7,attribute8,attribute9,attribute10,attribute11,attribute12,attribute13,attribute14,attribute15,cld_template_code,cld_metadata_table_name,conversion_type,cld_template_name) VALUES
	(122,'BankBranch','BANK_BRANCH_PARENT','BankBranch','HCM',NULL,NULL,NULL,NULL,NULL,NULL,current_date,'riteadmin',current_date,'riteadmin',NULL,NULL,NULL,NULL,NULL,NULL,NULL,NULL,NULL,NULL,NULL,NULL,NULL,NULL,NULL,NULL,NULL,NULL,NULL,NULL,NULL,NULL,NULL,NULL,NULL,NULL);
INSERT INTO cr_objects (object_id,object_name,object_code,user_object_name,module_code,parent_object_id,fbdi_sheet,hdl_sheet,loader_endpoint,re_con_query,sequence_in_parent,creation_date,created_by,last_update_date,last_update_by,interface_table_name,rejection_table_name,ctl_file_name,xlsm_file_name,immediate_parent,batch_size,base_tables,attribute1,attribute2,attribute3,attribute4,attribute5,attribute6,attribute7,attribute8,attribute9,attribute10,attribute11,attribute12,attribute13,attribute14,attribute15,cld_template_code,cld_metadata_table_name,conversion_type,cld_template_name) VALUES
	(123,'BankBranch','BANKBRANCH','BankBranch','HCM',122,NULL,NULL,NULL,NULL,NULL,current_date,'riteadmin',current_date,'riteadmin',NULL,NULL,NULL,NULL,NULL,NULL,NULL,NULL,NULL,NULL,NULL,NULL,NULL,NULL,NULL,NULL,NULL,NULL,NULL,NULL,NULL,NULL,'BANKBRANCH','CR_BANKBRANCH_CLD',NULL,'CR_BANKBRANCH_C');
INSERT INTO cr_object_information (object_id,info_type,info_value,info_description,additional_information1,additional_information2,additional_information3,additional_information4,additional_information5,creation_date,created_by,last_update_date,last_update_by,attribute1,attribute2,attribute3,attribute4,attribute5,attribute6,attribute7,attribute8,attribute9,attribute10,attribute11,attribute12,attribute13,attribute14,attribute15) VALUES
	(123,'Sequence','1',NULL,NULL,NULL,NULL,NULL,NULL,current_date,'riteadmin',current_date,'riteadmin',NULL,NULL,NULL,NULL,NULL,NULL,NULL,NULL,NULL,NULL,NULL,NULL,NULL,NULL,NULL),
	(123,'DocumentSecurityGroup','FAFusionImportExport','','',NULL,NULL,NULL,NULL,current_date,'riteadmin',current_date,'riteadmin',NULL,NULL,NULL,NULL,NULL,NULL,NULL,NULL,NULL,NULL,NULL,NULL,NULL,NULL,NULL),
	(123,'Enable Object','Y','','',NULL,NULL,NULL,NULL,current_date,'riteadmin',current_date,'riteadmin',NULL,NULL,NULL,NULL,NULL,NULL,NULL,NULL,NULL,NULL,NULL,NULL,NULL,NULL,NULL),
	(123,'SQL_EXTRACTION_QUERY','SELECT DISTINCT
        (SELECT territory_short_name 
		 FROM  fnd_territories_vl 
		 WHERE territory_code=abb.country) country,
        abb.bank_name,
        abb.bank_number bank_code, 
        abb.bank_name_alt      alternate_bank_name,
        abb.bank_branch_name   branch_name,
        abb.bank_num           branch_number,
        eft_swift_code bic_code,
        bank_branch_name_alt   alternate_branch_name,
        bank_branch_type       bank_branch_type,
        NULL eft_number,
        NULL edi_id_number,
        NULL edi_location,
        NULL account_name,
        NULL account_number,
        NULL currency,
        NULL legal_entity,
        NULL account_type,
        NULL iban,
        NULL alternate_account_name,
        NULL payable_use,
        NULL receivable_use,
        NULL cash_account,
        NULL cash_clearing_account
    FROM
        apps.ap_bank_branches       abb,
        apps.ap_bank_accounts_all   aba
    WHERE
        aba.bank_branch_id = abb.bank_branch_id
        AND EXISTS (
            SELECT
                ''x''
            FROM
                apps.ap_bank_account_uses_all bau
            WHERE
                bau.vendor_id IS NOT NULL
                AND nvl(
                    bau.end_date,
                    SYSDATE + 1
                ) > SYSDATE
                AND EXISTS (
                    SELECT
                        ''x''
             FROM       po_vendors pv,
					po_vendor_sites_all pvsa,
					hr_operating_units hou
			WHERE nvl(pv.end_date_active,SYSDATE + 1) > SYSDATE
			AND nvl(pvsa.inactive_date,SYSDATE + 1) > SYSDATE
			AND pv.vendor_id=pvsa.vendor_id
			AND pvsa.org_id=hou.organization_id
			AND pv.enabled_flag = ''Y''
			AND hou.name in (''Biomet 3i Canada'',
							 ''Zimmer Dental SAS'',
							 ''JP OU'',
							 ''3i US'',
							 ''Biomet 3i Dental Iberica SLU'')
                )
                AND bau.external_bank_account_id = aba.bank_account_id
        )
		
		UNION 
	SELECT DISTINCT
        (SELECT territory_short_name 
		 FROM  fnd_territories_vl 
		 WHERE territory_code=abb.country)   country,
        abb.bank_name,
        abb.bank_number bank_code, 
        abb.bank_name_alt      alternate_bank_name,
        abb.bank_branch_name   branch_name,
        abb.bank_num           branch_number,
        eft_swift_code bic_code,
        bank_branch_name_alt   alternate_branch_name,
        bank_branch_type       bank_branch_type,
        NULL eft_number,
        NULL edi_id_number,
        NULL edi_location,
        NULL account_name,
        NULL account_number,
        NULL currency,
        NULL legal_entity,
        NULL account_type,
        NULL iban,
        NULL alternate_account_name,
        NULL payable_use,
        NULL receivable_use,
        NULL cash_account,
        NULL cash_clearing_account
    FROM
        apps.ap_bank_branches       abb,
        apps.ap_bank_accounts_all   aba
    WHERE
        aba.bank_branch_id = abb.bank_branch_id
        AND EXISTS (
            SELECT
                ''x''
            FROM
                apps.ap_bank_account_uses_all bau
            WHERE
                bau.customer_id IS NOT NULL
                AND nvl(
                    bau.end_date,
                    SYSDATE + 1
                ) > SYSDATE
                AND EXISTS (
                    SELECT
                        ''x''
				FROM
					hz_parties       hz,
					hz_cust_accounts hca
				WHERE
						1 = 1
					AND hz.party_id = hca.party_id
					AND hca.STATUS=''A''
					AND hz.STATUS=''A''
					AND hz.party_id IN (select 
											   hps.party_id 
										from 
											 hz_cust_acct_sites_all hcasa,
											 hz_party_sites hps,
											 hr_operating_units hou
										where 
											 hcasa.party_site_id=hps.party_site_id
										AND  hcasa.org_id=hou.ORGANIZATION_ID
										AND  hps.status=''A''
										AND  hcasa.status=''A''
										AND  hou.name in (''Biomet 3i Canada'',
															''Zimmer Dental SAS'',
															''JP OU'',
															''3i US'',
															''Biomet 3i Dental Iberica SLU'')
										)  
                )
                AND bau.external_bank_account_id = aba.bank_account_id
        )  ','',NULL,NULL,NULL,NULL,NULL,current_date,'riteadmin',current_date,'riteadmin',NULL,NULL,NULL,NULL,NULL,NULL,NULL,NULL,NULL,NULL,NULL,NULL,NULL,NULL,NULL),
	(123,'DocumentAccount','hcm$/dataloader$/import$','','',NULL,NULL,NULL,NULL,current_date,'riteadmin',current_date,'riteadmin',NULL,NULL,NULL,NULL,NULL,NULL,NULL,NULL,NULL,NULL,NULL,NULL,NULL,NULL,NULL);

--LOCATION
INSERT INTO cr_objects (object_id,object_name,object_code,user_object_name,module_code,parent_object_id,fbdi_sheet,hdl_sheet,loader_endpoint,re_con_query,sequence_in_parent,creation_date,created_by,last_update_date,last_update_by,interface_table_name,rejection_table_name,ctl_file_name,xlsm_file_name,immediate_parent,batch_size,base_tables,attribute1,attribute2,attribute3,attribute4,attribute5,attribute6,attribute7,attribute8,attribute9,attribute10,attribute11,attribute12,attribute13,attribute14,attribute15,cld_template_code,cld_metadata_table_name,conversion_type,cld_template_name) VALUES
	(125,'Location','LOCATION','Location','HCM',124,NULL,NULL,NULL,NULL,NULL,current_date,'riteadmin',current_date,'riteadmin',NULL,NULL,NULL,NULL,NULL,NULL,NULL,NULL,NULL,NULL,NULL,NULL,NULL,NULL,NULL,NULL,NULL,NULL,NULL,NULL,NULL,NULL,'LOCATION','CR_LOCATION_CLD',NULL,'CR_LOCATION_C'),
	(124,'Location','LOCATION_PARENT','Location','HCM',NULL,NULL,NULL,NULL,NULL,NULL,current_date,'riteadmin',current_date,'riteadmin',NULL,NULL,NULL,NULL,NULL,NULL,NULL,NULL,NULL,NULL,NULL,NULL,NULL,NULL,NULL,NULL,NULL,NULL,NULL,NULL,NULL,NULL,NULL,NULL,NULL,NULL);

INSERT INTO cr_object_information (object_id,info_type,info_value,info_description,additional_information1,additional_information2,additional_information3,additional_information4,additional_information5,creation_date,created_by,last_update_date,last_update_by,attribute1,attribute2,attribute3,attribute4,attribute5,attribute6,attribute7,attribute8,attribute9,attribute10,attribute11,attribute12,attribute13,attribute14,attribute15) VALUES
	(124,'Sequence','1',NULL,NULL,NULL,NULL,NULL,NULL,current_date,'riteadmin',current_date,'riteadmin',NULL,NULL,NULL,NULL,NULL,NULL,NULL,NULL,NULL,NULL,NULL,NULL,NULL,NULL,NULL),
	(124,'DocumentSecurityGroup','FAFusionImportExport','','',NULL,NULL,NULL,NULL,current_date,'riteadmin',current_date,'riteadmin',NULL,NULL,NULL,NULL,NULL,NULL,NULL,NULL,NULL,NULL,NULL,NULL,NULL,NULL,NULL),
	(124,'Enable Object','Y','','',NULL,NULL,NULL,NULL,current_date,'riteadmin',current_date,'riteadmin',NULL,NULL,NULL,NULL,NULL,NULL,NULL,NULL,NULL,NULL,NULL,NULL,NULL,NULL,NULL),
	(124,'DocumentAccount','hcm$/dataloader$/import$','','',NULL,NULL,NULL,NULL,current_date,'riteadmin',current_date,'riteadmin',NULL,NULL,NULL,NULL,NULL,NULL,NULL,NULL,NULL,NULL,NULL,NULL,NULL,NULL,NULL);

--Project Contract
INSERT INTO cr_objects (object_id,object_name,object_code,user_object_name,module_code,parent_object_id,fbdi_sheet,hdl_sheet,loader_endpoint,re_con_query,sequence_in_parent,creation_date,created_by,last_update_date,last_update_by,interface_table_name,rejection_table_name,ctl_file_name,xlsm_file_name,immediate_parent,batch_size,base_tables,attribute1,attribute2,attribute3,attribute4,attribute5,attribute6,attribute7,attribute8,attribute9,attribute10,attribute11,attribute12,attribute13,attribute14,attribute15,cld_template_code,cld_metadata_table_name,conversion_type,cld_template_name) VALUES
	(126,'Contract','CONTRACT','Contract','PPM',NULL,NULL,NULL,'RESTAPI',NULL,NULL,current_date,'riteadmin',current_date,'riteadmin',NULL,NULL,NULL,NULL,NULL,NULL,NULL,NULL,NULL,NULL,NULL,NULL,NULL,NULL,NULL,NULL,NULL,NULL,NULL,NULL,NULL,NULL,NULL,NULL,NULL,NULL);
INSERT INTO cr_objects (object_id,object_name,object_code,user_object_name,module_code,parent_object_id,fbdi_sheet,hdl_sheet,loader_endpoint,re_con_query,sequence_in_parent,creation_date,created_by,last_update_date,last_update_by,interface_table_name,rejection_table_name,ctl_file_name,xlsm_file_name,immediate_parent,batch_size,base_tables,attribute1,attribute2,attribute3,attribute4,attribute5,attribute6,attribute7,attribute8,attribute9,attribute10,attribute11,attribute12,attribute13,attribute14,attribute15,cld_template_code,cld_metadata_table_name,conversion_type,cld_template_name) VALUES
	(127,'Contract Bill Lines','CONTRACT_BILL_LINES','Contract Bill Lines','PPM',126,NULL,NULL,'RESTAPI',NULL,NULL,current_date,'riteadmin',current_date,'riteadmin',NULL,NULL,NULL,NULL,NULL,NULL,NULL,NULL,NULL,NULL,NULL,NULL,NULL,NULL,NULL,NULL,NULL,NULL,NULL,NULL,NULL,NULL,NULL,NULL,NULL,NULL);

INSERT INTO cr_object_information (object_id,info_type,info_value,info_description,additional_information1,additional_information2,additional_information3,additional_information4,additional_information5,creation_date,created_by,last_update_date,last_update_by,attribute1,attribute2,attribute3,attribute4,attribute5,attribute6,attribute7,attribute8,attribute9,attribute10,attribute11,attribute12,attribute13,attribute14,attribute15) VALUES
	(127,'Sequence','1',NULL,NULL,NULL,NULL,NULL,NULL,current_date,'riteadmin',current_date,'riteadmin',NULL,NULL,NULL,NULL,NULL,NULL,NULL,NULL,NULL,NULL,NULL,NULL,NULL,NULL,NULL);

INSERT INTO cr_objects (object_id,object_name,object_code,user_object_name,module_code,parent_object_id,fbdi_sheet,hdl_sheet,loader_endpoint,re_con_query,sequence_in_parent,creation_date,created_by,last_update_date,last_update_by,interface_table_name,rejection_table_name,ctl_file_name,xlsm_file_name,immediate_parent,batch_size,base_tables,attribute1,attribute2,attribute3,attribute4,attribute5,attribute6,attribute7,attribute8,attribute9,attribute10,attribute11,attribute12,attribute13,attribute14,attribute15,cld_template_code,cld_metadata_table_name,conversion_type,cld_template_name) VALUES
	(128,'Contract Charge Components','CONTRACT_CHARGE_COMPONENTS','Contract Charge Components','PPM',126,NULL,NULL,'RESTAPI',NULL,NULL,current_date,'riteadmin',current_date,'riteadmin',NULL,NULL,NULL,NULL,NULL,NULL,NULL,NULL,NULL,NULL,NULL,NULL,NULL,NULL,NULL,NULL,NULL,NULL,NULL,NULL,NULL,NULL,NULL,NULL,NULL,NULL);

INSERT INTO cr_object_information (object_id,info_type,info_value,info_description,additional_information1,additional_information2,additional_information3,additional_information4,additional_information5,creation_date,created_by,last_update_date,last_update_by,attribute1,attribute2,attribute3,attribute4,attribute5,attribute6,attribute7,attribute8,attribute9,attribute10,attribute11,attribute12,attribute13,attribute14,attribute15) VALUES
	(128,'Sequence','2',NULL,NULL,NULL,NULL,NULL,NULL,current_date,'riteadmin',current_date,'riteadmin',NULL,NULL,NULL,NULL,NULL,NULL,NULL,NULL,NULL,NULL,NULL,NULL,NULL,NULL,NULL);

INSERT INTO cr_objects (object_id,object_name,object_code,user_object_name,module_code,parent_object_id,fbdi_sheet,hdl_sheet,loader_endpoint,re_con_query,sequence_in_parent,creation_date,created_by,last_update_date,last_update_by,interface_table_name,rejection_table_name,ctl_file_name,xlsm_file_name,immediate_parent,batch_size,base_tables,attribute1,attribute2,attribute3,attribute4,attribute5,attribute6,attribute7,attribute8,attribute9,attribute10,attribute11,attribute12,attribute13,attribute14,attribute15,cld_template_code,cld_metadata_table_name,conversion_type,cld_template_name) VALUES	
	(129,'Contract Charges','CONTRACT_CHARGES','Contract Charges','PPM',126,NULL,NULL,'RESTAPI',NULL,NULL,current_date,'riteadmin',current_date,'riteadmin',NULL,NULL,NULL,NULL,NULL,NULL,NULL,NULL,NULL,NULL,NULL,NULL,NULL,NULL,NULL,NULL,NULL,NULL,NULL,NULL,NULL,NULL,NULL,NULL,NULL,NULL);

INSERT INTO cr_object_information (object_id,info_type,info_value,info_description,additional_information1,additional_information2,additional_information3,additional_information4,additional_information5,creation_date,created_by,last_update_date,last_update_by,attribute1,attribute2,attribute3,attribute4,attribute5,attribute6,attribute7,attribute8,attribute9,attribute10,attribute11,attribute12,attribute13,attribute14,attribute15) VALUES
	(129,'Sequence','3',NULL,NULL,NULL,NULL,NULL,NULL,current_date,'riteadmin',current_date,'riteadmin',NULL,NULL,NULL,NULL,NULL,NULL,NULL,NULL,NULL,NULL,NULL,NULL,NULL,NULL,NULL);

INSERT INTO cr_objects (object_id,object_name,object_code,user_object_name,module_code,parent_object_id,fbdi_sheet,hdl_sheet,loader_endpoint,re_con_query,sequence_in_parent,creation_date,created_by,last_update_date,last_update_by,interface_table_name,rejection_table_name,ctl_file_name,xlsm_file_name,immediate_parent,batch_size,base_tables,attribute1,attribute2,attribute3,attribute4,attribute5,attribute6,attribute7,attribute8,attribute9,attribute10,attribute11,attribute12,attribute13,attribute14,attribute15,cld_template_code,cld_metadata_table_name,conversion_type,cld_template_name) VALUES
	(130,'Contract Covered Assets','CONTRACT_COVERED_ASSETS','Contract Covered Assets','PPM',126,NULL,NULL,'RESTAPI',NULL,NULL,current_date,'riteadmin',current_date,'riteadmin',NULL,NULL,NULL,NULL,NULL,NULL,NULL,NULL,NULL,NULL,NULL,NULL,NULL,NULL,NULL,NULL,NULL,NULL,NULL,NULL,NULL,NULL,NULL,NULL,NULL,NULL);

INSERT INTO cr_object_information (object_id,info_type,info_value,info_description,additional_information1,additional_information2,additional_information3,additional_information4,additional_information5,creation_date,created_by,last_update_date,last_update_by,attribute1,attribute2,attribute3,attribute4,attribute5,attribute6,attribute7,attribute8,attribute9,attribute10,attribute11,attribute12,attribute13,attribute14,attribute15) VALUES
	(130,'Sequence','4',NULL,NULL,NULL,NULL,NULL,NULL,current_date,'riteadmin',current_date,'riteadmin',NULL,NULL,NULL,NULL,NULL,NULL,NULL,NULL,NULL,NULL,NULL,NULL,NULL,NULL,NULL);

INSERT INTO cr_objects (object_id,object_name,object_code,user_object_name,module_code,parent_object_id,fbdi_sheet,hdl_sheet,loader_endpoint,re_con_query,sequence_in_parent,creation_date,created_by,last_update_date,last_update_by,interface_table_name,rejection_table_name,ctl_file_name,xlsm_file_name,immediate_parent,batch_size,base_tables,attribute1,attribute2,attribute3,attribute4,attribute5,attribute6,attribute7,attribute8,attribute9,attribute10,attribute11,attribute12,attribute13,attribute14,attribute15,cld_template_code,cld_metadata_table_name,conversion_type,cld_template_name) VALUES
	(131,'Contract Header Descriptive Flexfield','CONTRACT_HEADER_DFF','Contract Header Descriptive Flexfield','PPM',126,NULL,NULL,'RESTAPI',NULL,NULL,current_date,'riteadmin',current_date,'riteadmin',NULL,NULL,NULL,NULL,NULL,NULL,NULL,NULL,NULL,NULL,NULL,NULL,NULL,NULL,NULL,NULL,NULL,NULL,NULL,NULL,NULL,NULL,NULL,NULL,NULL,NULL);

INSERT INTO cr_object_information (object_id,info_type,info_value,info_description,additional_information1,additional_information2,additional_information3,additional_information4,additional_information5,creation_date,created_by,last_update_date,last_update_by,attribute1,attribute2,attribute3,attribute4,attribute5,attribute6,attribute7,attribute8,attribute9,attribute10,attribute11,attribute12,attribute13,attribute14,attribute15) VALUES
	(131,'Sequence','5',NULL,NULL,NULL,NULL,NULL,NULL,current_date,'riteadmin',current_date,'riteadmin',NULL,NULL,NULL,NULL,NULL,NULL,NULL,NULL,NULL,NULL,NULL,NULL,NULL,NULL,NULL);

INSERT INTO cr_objects (object_id,object_name,object_code,user_object_name,module_code,parent_object_id,fbdi_sheet,hdl_sheet,loader_endpoint,re_con_query,sequence_in_parent,creation_date,created_by,last_update_date,last_update_by,interface_table_name,rejection_table_name,ctl_file_name,xlsm_file_name,immediate_parent,batch_size,base_tables,attribute1,attribute2,attribute3,attribute4,attribute5,attribute6,attribute7,attribute8,attribute9,attribute10,attribute11,attribute12,attribute13,attribute14,attribute15,cld_template_code,cld_metadata_table_name,conversion_type,cld_template_name) VALUES
	(132,'Contract Header Translation','CONTRACT_HEADER_TRANS','Contract Header Translation','PPM',126,NULL,NULL,'RESTAPI',NULL,NULL,current_date,'riteadmin',current_date,'riteadmin',NULL,NULL,NULL,NULL,NULL,NULL,NULL,NULL,NULL,NULL,NULL,NULL,NULL,NULL,NULL,NULL,NULL,NULL,NULL,NULL,NULL,NULL,NULL,NULL,NULL,NULL);

INSERT INTO cr_object_information (object_id,info_type,info_value,info_description,additional_information1,additional_information2,additional_information3,additional_information4,additional_information5,creation_date,created_by,last_update_date,last_update_by,attribute1,attribute2,attribute3,attribute4,attribute5,attribute6,attribute7,attribute8,attribute9,attribute10,attribute11,attribute12,attribute13,attribute14,attribute15) VALUES
	(132,'Sequence','6',NULL,NULL,NULL,NULL,NULL,NULL,current_date,'riteadmin',current_date,'riteadmin',NULL,NULL,NULL,NULL,NULL,NULL,NULL,NULL,NULL,NULL,NULL,NULL,NULL,NULL,NULL);

INSERT INTO cr_objects (object_id,object_name,object_code,user_object_name,module_code,parent_object_id,fbdi_sheet,hdl_sheet,loader_endpoint,re_con_query,sequence_in_parent,creation_date,created_by,last_update_date,last_update_by,interface_table_name,rejection_table_name,ctl_file_name,xlsm_file_name,immediate_parent,batch_size,base_tables,attribute1,attribute2,attribute3,attribute4,attribute5,attribute6,attribute7,attribute8,attribute9,attribute10,attribute11,attribute12,attribute13,attribute14,attribute15,cld_template_code,cld_metadata_table_name,conversion_type,cld_template_name) VALUES
	(133,'Contract Line','CONTRACT_LINE','Contract Line','PPM',126,NULL,NULL,'RESTAPI',NULL,NULL,current_date,'riteadmin',current_date,'riteadmin',NULL,NULL,NULL,NULL,NULL,NULL,NULL,NULL,NULL,NULL,NULL,NULL,NULL,NULL,NULL,NULL,NULL,NULL,NULL,NULL,NULL,NULL,NULL,NULL,NULL,NULL);

INSERT INTO cr_object_information (object_id,info_type,info_value,info_description,additional_information1,additional_information2,additional_information3,additional_information4,additional_information5,creation_date,created_by,last_update_date,last_update_by,attribute1,attribute2,attribute3,attribute4,attribute5,attribute6,attribute7,attribute8,attribute9,attribute10,attribute11,attribute12,attribute13,attribute14,attribute15) VALUES
	(133,'Sequence','7',NULL,NULL,NULL,NULL,NULL,NULL,current_date,'riteadmin',current_date,'riteadmin',NULL,NULL,NULL,NULL,NULL,NULL,NULL,NULL,NULL,NULL,NULL,NULL,NULL,NULL,NULL);

INSERT INTO cr_objects (object_id,object_name,object_code,user_object_name,module_code,parent_object_id,fbdi_sheet,hdl_sheet,loader_endpoint,re_con_query,sequence_in_parent,creation_date,created_by,last_update_date,last_update_by,interface_table_name,rejection_table_name,ctl_file_name,xlsm_file_name,immediate_parent,batch_size,base_tables,attribute1,attribute2,attribute3,attribute4,attribute5,attribute6,attribute7,attribute8,attribute9,attribute10,attribute11,attribute12,attribute13,attribute14,attribute15,cld_template_code,cld_metadata_table_name,conversion_type,cld_template_name) VALUES
	(134,'Contract Line Descriptive Flexfield','CONTRACT_LINE_DFF','Contract Line Descriptive Flexfield','PPM',126,NULL,NULL,'RESTAPI',NULL,NULL,current_date,'riteadmin',current_date,'riteadmin',NULL,NULL,NULL,NULL,NULL,NULL,NULL,NULL,NULL,NULL,NULL,NULL,NULL,NULL,NULL,NULL,NULL,NULL,NULL,NULL,NULL,NULL,NULL,NULL,NULL,NULL);
INSERT INTO cr_object_information (object_id,info_type,info_value,info_description,additional_information1,additional_information2,additional_information3,additional_information4,additional_information5,creation_date,created_by,last_update_date,last_update_by,attribute1,attribute2,attribute3,attribute4,attribute5,attribute6,attribute7,attribute8,attribute9,attribute10,attribute11,attribute12,attribute13,attribute14,attribute15) VALUES
	(134,'Sequence','8',NULL,NULL,NULL,NULL,NULL,NULL,current_date,'riteadmin',current_date,'riteadmin',NULL,NULL,NULL,NULL,NULL,NULL,NULL,NULL,NULL,NULL,NULL,NULL,NULL,NULL,NULL);

INSERT INTO cr_objects (object_id,object_name,object_code,user_object_name,module_code,parent_object_id,fbdi_sheet,hdl_sheet,loader_endpoint,re_con_query,sequence_in_parent,creation_date,created_by,last_update_date,last_update_by,interface_table_name,rejection_table_name,ctl_file_name,xlsm_file_name,immediate_parent,batch_size,base_tables,attribute1,attribute2,attribute3,attribute4,attribute5,attribute6,attribute7,attribute8,attribute9,attribute10,attribute11,attribute12,attribute13,attribute14,attribute15,cld_template_code,cld_metadata_table_name,conversion_type,cld_template_name) VALUES
	(135,'Contract Line Sales Credit','CONTRACT_LINE_SALES_CREDIT','Contract Line Sales Credit','PPM',126,NULL,NULL,'RESTAPI',NULL,NULL,current_date,'riteadmin',current_date,'riteadmin',NULL,NULL,NULL,NULL,NULL,NULL,NULL,NULL,NULL,NULL,NULL,NULL,NULL,NULL,NULL,NULL,NULL,NULL,NULL,NULL,NULL,NULL,NULL,NULL,NULL,NULL);

INSERT INTO cr_object_information (object_id,info_type,info_value,info_description,additional_information1,additional_information2,additional_information3,additional_information4,additional_information5,creation_date,created_by,last_update_date,last_update_by,attribute1,attribute2,attribute3,attribute4,attribute5,attribute6,attribute7,attribute8,attribute9,attribute10,attribute11,attribute12,attribute13,attribute14,attribute15) VALUES
	(135,'Sequence','9',NULL,NULL,NULL,NULL,NULL,NULL,current_date,'riteadmin',current_date,'riteadmin',NULL,NULL,NULL,NULL,NULL,NULL,NULL,NULL,NULL,NULL,NULL,NULL,NULL,NULL,NULL);

INSERT INTO cr_objects (object_id,object_name,object_code,user_object_name,module_code,parent_object_id,fbdi_sheet,hdl_sheet,loader_endpoint,re_con_query,sequence_in_parent,creation_date,created_by,last_update_date,last_update_by,interface_table_name,rejection_table_name,ctl_file_name,xlsm_file_name,immediate_parent,batch_size,base_tables,attribute1,attribute2,attribute3,attribute4,attribute5,attribute6,attribute7,attribute8,attribute9,attribute10,attribute11,attribute12,attribute13,attribute14,attribute15,cld_template_code,cld_metadata_table_name,conversion_type,cld_template_name) VALUES
	(136,'Contract Line Translation','CONTRACT_LINE_TRANSLATION','Contract Line Translation','PPM',126,NULL,NULL,'RESTAPI',NULL,NULL,current_date,'riteadmin',current_date,'riteadmin',NULL,NULL,NULL,NULL,NULL,NULL,NULL,NULL,NULL,NULL,NULL,NULL,NULL,NULL,NULL,NULL,NULL,NULL,NULL,NULL,NULL,NULL,NULL,NULL,NULL,NULL);

INSERT INTO cr_object_information (object_id,info_type,info_value,info_description,additional_information1,additional_information2,additional_information3,additional_information4,additional_information5,creation_date,created_by,last_update_date,last_update_by,attribute1,attribute2,attribute3,attribute4,attribute5,attribute6,attribute7,attribute8,attribute9,attribute10,attribute11,attribute12,attribute13,attribute14,attribute15) VALUES
	(136,'Sequence','10',NULL,NULL,NULL,NULL,NULL,NULL,current_date,'riteadmin',current_date,'riteadmin',NULL,NULL,NULL,NULL,NULL,NULL,NULL,NULL,NULL,NULL,NULL,NULL,NULL,NULL,NULL);

INSERT INTO cr_objects (object_id,object_name,object_code,user_object_name,module_code,parent_object_id,fbdi_sheet,hdl_sheet,loader_endpoint,re_con_query,sequence_in_parent,creation_date,created_by,last_update_date,last_update_by,interface_table_name,rejection_table_name,ctl_file_name,xlsm_file_name,immediate_parent,batch_size,base_tables,attribute1,attribute2,attribute3,attribute4,attribute5,attribute6,attribute7,attribute8,attribute9,attribute10,attribute11,attribute12,attribute13,attribute14,attribute15,cld_template_code,cld_metadata_table_name,conversion_type,cld_template_name) VALUES
	(137,'Contract Manual Adjustments','CONTRACT_MANUAL_ADJUSTMENTS','Contract Manual Adjustments','PPM',126,NULL,NULL,'RESTAPI',NULL,NULL,current_date,'riteadmin',current_date,'riteadmin',NULL,NULL,NULL,NULL,NULL,NULL,NULL,NULL,NULL,NULL,NULL,NULL,NULL,NULL,NULL,NULL,NULL,NULL,NULL,NULL,NULL,NULL,NULL,NULL,NULL,NULL);

INSERT INTO cr_object_information (object_id,info_type,info_value,info_description,additional_information1,additional_information2,additional_information3,additional_information4,additional_information5,creation_date,created_by,last_update_date,last_update_by,attribute1,attribute2,attribute3,attribute4,attribute5,attribute6,attribute7,attribute8,attribute9,attribute10,attribute11,attribute12,attribute13,attribute14,attribute15) VALUES
	(137,'Sequence','11',NULL,NULL,NULL,NULL,NULL,NULL,current_date,'riteadmin',current_date,'riteadmin',NULL,NULL,NULL,NULL,NULL,NULL,NULL,NULL,NULL,NULL,NULL,NULL,NULL,NULL,NULL);

INSERT INTO cr_objects (object_id,object_name,object_code,user_object_name,module_code,parent_object_id,fbdi_sheet,hdl_sheet,loader_endpoint,re_con_query,sequence_in_parent,creation_date,created_by,last_update_date,last_update_by,interface_table_name,rejection_table_name,ctl_file_name,xlsm_file_name,immediate_parent,batch_size,base_tables,attribute1,attribute2,attribute3,attribute4,attribute5,attribute6,attribute7,attribute8,attribute9,attribute10,attribute11,attribute12,attribute13,attribute14,attribute15,cld_template_code,cld_metadata_table_name,conversion_type,cld_template_name) VALUES
	(138,'Contract Party','CONTRACT_PARTY','Contract Party','PPM',126,NULL,NULL,'RESTAPI',NULL,NULL,current_date,'riteadmin',current_date,'riteadmin',NULL,NULL,NULL,NULL,NULL,NULL,NULL,NULL,NULL,NULL,NULL,NULL,NULL,NULL,NULL,NULL,NULL,NULL,NULL,NULL,NULL,NULL,NULL,NULL,NULL,NULL);

INSERT INTO cr_object_information (object_id,info_type,info_value,info_description,additional_information1,additional_information2,additional_information3,additional_information4,additional_information5,creation_date,created_by,last_update_date,last_update_by,attribute1,attribute2,attribute3,attribute4,attribute5,attribute6,attribute7,attribute8,attribute9,attribute10,attribute11,attribute12,attribute13,attribute14,attribute15) VALUES
	(138,'Sequence','12',NULL,NULL,NULL,NULL,NULL,NULL,current_date,'riteadmin',current_date,'riteadmin',NULL,NULL,NULL,NULL,NULL,NULL,NULL,NULL,NULL,NULL,NULL,NULL,NULL,NULL,NULL);

INSERT INTO cr_objects (object_id,object_name,object_code,user_object_name,module_code,parent_object_id,fbdi_sheet,hdl_sheet,loader_endpoint,re_con_query,sequence_in_parent,creation_date,created_by,last_update_date,last_update_by,interface_table_name,rejection_table_name,ctl_file_name,xlsm_file_name,immediate_parent,batch_size,base_tables,attribute1,attribute2,attribute3,attribute4,attribute5,attribute6,attribute7,attribute8,attribute9,attribute10,attribute11,attribute12,attribute13,attribute14,attribute15,cld_template_code,cld_metadata_table_name,conversion_type,cld_template_name) VALUES
	(139,'Contract Party Contact','CONTRACT_PARTY_CONTACT','Contract Party Contact','PPM',126,NULL,NULL,'RESTAPI',NULL,NULL,current_date,'riteadmin',current_date,'riteadmin',NULL,NULL,NULL,NULL,NULL,NULL,NULL,NULL,NULL,NULL,NULL,NULL,NULL,NULL,NULL,NULL,NULL,NULL,NULL,NULL,NULL,NULL,NULL,NULL,NULL,NULL);

INSERT INTO cr_object_information (object_id,info_type,info_value,info_description,additional_information1,additional_information2,additional_information3,additional_information4,additional_information5,creation_date,created_by,last_update_date,last_update_by,attribute1,attribute2,attribute3,attribute4,attribute5,attribute6,attribute7,attribute8,attribute9,attribute10,attribute11,attribute12,attribute13,attribute14,attribute15) VALUES
	(139,'Sequence','13',NULL,NULL,NULL,NULL,NULL,NULL,current_date,'riteadmin',current_date,'riteadmin',NULL,NULL,NULL,NULL,NULL,NULL,NULL,NULL,NULL,NULL,NULL,NULL,NULL,NULL,NULL);

INSERT INTO cr_objects (object_id,object_name,object_code,user_object_name,module_code,parent_object_id,fbdi_sheet,hdl_sheet,loader_endpoint,re_con_query,sequence_in_parent,creation_date,created_by,last_update_date,last_update_by,interface_table_name,rejection_table_name,ctl_file_name,xlsm_file_name,immediate_parent,batch_size,base_tables,attribute1,attribute2,attribute3,attribute4,attribute5,attribute6,attribute7,attribute8,attribute9,attribute10,attribute11,attribute12,attribute13,attribute14,attribute15,cld_template_code,cld_metadata_table_name,conversion_type,cld_template_name) VALUES
	(140,'Contract Party Contact Flexfield','CONTRACT_PARTY_CONTACT_KFF','Contract Party Contact Flexfield','PPM',126,NULL,NULL,'RESTAPI',NULL,NULL,current_date,'riteadmin',current_date,'riteadmin',NULL,NULL,NULL,NULL,NULL,NULL,NULL,NULL,NULL,NULL,NULL,NULL,NULL,NULL,NULL,NULL,NULL,NULL,NULL,NULL,NULL,NULL,NULL,NULL,NULL,NULL);

INSERT INTO cr_object_information (object_id,info_type,info_value,info_description,additional_information1,additional_information2,additional_information3,additional_information4,additional_information5,creation_date,created_by,last_update_date,last_update_by,attribute1,attribute2,attribute3,attribute4,attribute5,attribute6,attribute7,attribute8,attribute9,attribute10,attribute11,attribute12,attribute13,attribute14,attribute15) VALUES
	(140,'Sequence','14',NULL,NULL,NULL,NULL,NULL,NULL,current_date,'riteadmin',current_date,'riteadmin',NULL,NULL,NULL,NULL,NULL,NULL,NULL,NULL,NULL,NULL,NULL,NULL,NULL,NULL,NULL);

INSERT INTO cr_objects (object_id,object_name,object_code,user_object_name,module_code,parent_object_id,fbdi_sheet,hdl_sheet,loader_endpoint,re_con_query,sequence_in_parent,creation_date,created_by,last_update_date,last_update_by,interface_table_name,rejection_table_name,ctl_file_name,xlsm_file_name,immediate_parent,batch_size,base_tables,attribute1,attribute2,attribute3,attribute4,attribute5,attribute6,attribute7,attribute8,attribute9,attribute10,attribute11,attribute12,attribute13,attribute14,attribute15,cld_template_code,cld_metadata_table_name,conversion_type,cld_template_name) VALUES
	(141,'Contract Party Descriptive Flexfield','CONTRACT_PARTY_DFF','Contract Party Descriptive Flexfield','PPM',126,NULL,NULL,'RESTAPI',NULL,NULL,current_date,'riteadmin',current_date,'riteadmin',NULL,NULL,NULL,NULL,NULL,NULL,NULL,NULL,NULL,NULL,NULL,NULL,NULL,NULL,NULL,NULL,NULL,NULL,NULL,NULL,NULL,NULL,NULL,NULL,NULL,NULL);

INSERT INTO cr_object_information (object_id,info_type,info_value,info_description,additional_information1,additional_information2,additional_information3,additional_information4,additional_information5,creation_date,created_by,last_update_date,last_update_by,attribute1,attribute2,attribute3,attribute4,attribute5,attribute6,attribute7,attribute8,attribute9,attribute10,attribute11,attribute12,attribute13,attribute14,attribute15) VALUES
	(141,'Sequence','15',NULL,NULL,NULL,NULL,NULL,NULL,current_date,'riteadmin',current_date,'riteadmin',NULL,NULL,NULL,NULL,NULL,NULL,NULL,NULL,NULL,NULL,NULL,NULL,NULL,NULL,NULL);

INSERT INTO cr_objects (object_id,object_name,object_code,user_object_name,module_code,parent_object_id,fbdi_sheet,hdl_sheet,loader_endpoint,re_con_query,sequence_in_parent,creation_date,created_by,last_update_date,last_update_by,interface_table_name,rejection_table_name,ctl_file_name,xlsm_file_name,immediate_parent,batch_size,base_tables,attribute1,attribute2,attribute3,attribute4,attribute5,attribute6,attribute7,attribute8,attribute9,attribute10,attribute11,attribute12,attribute13,attribute14,attribute15,cld_template_code,cld_metadata_table_name,conversion_type,cld_template_name) VALUES
	(142,'Contract Pricing Terms','CONTRACT_PRICING_TERMS','Contract Pricing Terms','PPM',126,NULL,NULL,'RESTAPI',NULL,NULL,current_date,'riteadmin',current_date,'riteadmin',NULL,NULL,NULL,NULL,NULL,NULL,NULL,NULL,NULL,NULL,NULL,NULL,NULL,NULL,NULL,NULL,NULL,NULL,NULL,NULL,NULL,NULL,NULL,NULL,NULL,NULL);

INSERT INTO cr_object_information (object_id,info_type,info_value,info_description,additional_information1,additional_information2,additional_information3,additional_information4,additional_information5,creation_date,created_by,last_update_date,last_update_by,attribute1,attribute2,attribute3,attribute4,attribute5,attribute6,attribute7,attribute8,attribute9,attribute10,attribute11,attribute12,attribute13,attribute14,attribute15) VALUES
	(142,'Sequence','16',NULL,NULL,NULL,NULL,NULL,NULL,current_date,'riteadmin',current_date,'riteadmin',NULL,NULL,NULL,NULL,NULL,NULL,NULL,NULL,NULL,NULL,NULL,NULL,NULL,NULL,NULL);

INSERT INTO cr_objects (object_id,object_name,object_code,user_object_name,module_code,parent_object_id,fbdi_sheet,hdl_sheet,loader_endpoint,re_con_query,sequence_in_parent,creation_date,created_by,last_update_date,last_update_by,interface_table_name,rejection_table_name,ctl_file_name,xlsm_file_name,immediate_parent,batch_size,base_tables,attribute1,attribute2,attribute3,attribute4,attribute5,attribute6,attribute7,attribute8,attribute9,attribute10,attribute11,attribute12,attribute13,attribute14,attribute15,cld_template_code,cld_metadata_table_name,conversion_type,cld_template_name) VALUES
	(143,'Contract Related Document','CONTRACT_RELATED_DOCUMENT','Contract Related Document','PPM',126,NULL,NULL,'RESTAPI',NULL,NULL,current_date,'riteadmin',current_date,'riteadmin',NULL,NULL,NULL,NULL,NULL,NULL,NULL,NULL,NULL,NULL,NULL,NULL,NULL,NULL,NULL,NULL,NULL,NULL,NULL,NULL,NULL,NULL,NULL,NULL,NULL,NULL);

INSERT INTO cr_object_information (object_id,info_type,info_value,info_description,additional_information1,additional_information2,additional_information3,additional_information4,additional_information5,creation_date,created_by,last_update_date,last_update_by,attribute1,attribute2,attribute3,attribute4,attribute5,attribute6,attribute7,attribute8,attribute9,attribute10,attribute11,attribute12,attribute13,attribute14,attribute15) VALUES
	(143,'Sequence','17',NULL,NULL,NULL,NULL,NULL,NULL,current_date,'riteadmin',current_date,'riteadmin',NULL,NULL,NULL,NULL,NULL,NULL,NULL,NULL,NULL,NULL,NULL,NULL,NULL,NULL,NULL);

INSERT INTO cr_objects (object_id,object_name,object_code,user_object_name,module_code,parent_object_id,fbdi_sheet,hdl_sheet,loader_endpoint,re_con_query,sequence_in_parent,creation_date,created_by,last_update_date,last_update_by,interface_table_name,rejection_table_name,ctl_file_name,xlsm_file_name,immediate_parent,batch_size,base_tables,attribute1,attribute2,attribute3,attribute4,attribute5,attribute6,attribute7,attribute8,attribute9,attribute10,attribute11,attribute12,attribute13,attribute14,attribute15,cld_template_code,cld_metadata_table_name,conversion_type,cld_template_name) VALUES
	(144,'Contract Sales Credit','CONTRACT_SALES_CREDIT','Contract Sales Credit','PPM',126,NULL,NULL,'RESTAPI',NULL,NULL,current_date,'riteadmin',current_date,'riteadmin',NULL,NULL,NULL,NULL,NULL,NULL,NULL,NULL,NULL,NULL,NULL,NULL,NULL,NULL,NULL,NULL,NULL,NULL,NULL,NULL,NULL,NULL,NULL,NULL,NULL,NULL);

INSERT INTO cr_object_information (object_id,info_type,info_value,info_description,additional_information1,additional_information2,additional_information3,additional_information4,additional_information5,creation_date,created_by,last_update_date,last_update_by,attribute1,attribute2,attribute3,attribute4,attribute5,attribute6,attribute7,attribute8,attribute9,attribute10,attribute11,attribute12,attribute13,attribute14,attribute15) VALUES
	(144,'Sequence','18',NULL,NULL,NULL,NULL,NULL,NULL,current_date,'riteadmin',current_date,'riteadmin',NULL,NULL,NULL,NULL,NULL,NULL,NULL,NULL,NULL,NULL,NULL,NULL,NULL,NULL,NULL);

--Project Contract Billing
INSERT INTO cr_objects (object_id,object_name,object_code,user_object_name,module_code,parent_object_id,fbdi_sheet,hdl_sheet,loader_endpoint,re_con_query,sequence_in_parent,creation_date,created_by,last_update_date,last_update_by,interface_table_name,rejection_table_name,ctl_file_name,xlsm_file_name,immediate_parent,batch_size,base_tables,attribute1,attribute2,attribute3,attribute4,attribute5,attribute6,attribute7,attribute8,attribute9,attribute10,attribute11,attribute12,attribute13,attribute14,attribute15,cld_template_code,cld_metadata_table_name,conversion_type,cld_template_name) VALUES
	(145,'Project Contract Billing','PROJECT_CONTRACT_BILLING','Project Contract Billing','PPM',NULL,NULL,NULL,'RESTAPI',NULL,NULL,current_date,'riteadmin',current_date,'riteadmin',NULL,NULL,NULL,NULL,NULL,NULL,NULL,NULL,NULL,NULL,NULL,NULL,NULL,NULL,NULL,NULL,NULL,NULL,NULL,NULL,NULL,NULL,'PROJECT_CONTRACT_BILLING','CR_PROJECT_CONTRACT_BILLING_CLD',NULL,'CR_PROJECT_CONTRACT_BILLING_C');
INSERT INTO cr_objects (object_id,object_name,object_code,user_object_name,module_code,parent_object_id,fbdi_sheet,hdl_sheet,loader_endpoint,re_con_query,sequence_in_parent,creation_date,created_by,last_update_date,last_update_by,interface_table_name,rejection_table_name,ctl_file_name,xlsm_file_name,immediate_parent,batch_size,base_tables,attribute1,attribute2,attribute3,attribute4,attribute5,attribute6,attribute7,attribute8,attribute9,attribute10,attribute11,attribute12,attribute13,attribute14,attribute15,cld_template_code,cld_metadata_table_name,conversion_type,cld_template_name) VALUES
	(146,'Associated Projects','ASSOCIATED_PROJECTS','Associated Projects','PPM',145,NULL,NULL,'RESTAPI',NULL,NULL,current_date,'riteadmin',current_date,'riteadmin',NULL,NULL,NULL,NULL,NULL,NULL,NULL,NULL,NULL,NULL,NULL,NULL,NULL,NULL,NULL,NULL,NULL,NULL,NULL,NULL,NULL,NULL,'ASSOCIATED_PROJECTS','CR_ASSOCIATED_PROJECTS_CLD',NULL,'CR_ASSOCIATED_PROJECTS_C');

INSERT INTO cr_object_information (object_id,info_type,info_value,info_description,additional_information1,additional_information2,additional_information3,additional_information4,additional_information5,creation_date,created_by,last_update_date,last_update_by,attribute1,attribute2,attribute3,attribute4,attribute5,attribute6,attribute7,attribute8,attribute9,attribute10,attribute11,attribute12,attribute13,attribute14,attribute15) VALUES
	(146,'Sequence','1',NULL,NULL,NULL,NULL,NULL,NULL,current_date,'riteadmin',current_date,'riteadmin',NULL,NULL,NULL,NULL,NULL,NULL,NULL,NULL,NULL,NULL,NULL,NULL,NULL,NULL,NULL);

INSERT INTO cr_objects (object_id,object_name,object_code,user_object_name,module_code,parent_object_id,fbdi_sheet,hdl_sheet,loader_endpoint,re_con_query,sequence_in_parent,creation_date,created_by,last_update_date,last_update_by,interface_table_name,rejection_table_name,ctl_file_name,xlsm_file_name,immediate_parent,batch_size,base_tables,attribute1,attribute2,attribute3,attribute4,attribute5,attribute6,attribute7,attribute8,attribute9,attribute10,attribute11,attribute12,attribute13,attribute14,attribute15,cld_template_code,cld_metadata_table_name,conversion_type,cld_template_name) VALUES
	(147,'Bill Plans and Revenue','BILL_PLANS_AND_REVENUE','Bill Plans and Revenue','PPM',145,NULL,NULL,'RESTAPI',NULL,NULL,current_date,'riteadmin',current_date,'riteadmin',NULL,NULL,NULL,NULL,NULL,NULL,NULL,NULL,NULL,NULL,NULL,NULL,NULL,NULL,NULL,NULL,NULL,NULL,NULL,NULL,NULL,NULL,'BILL_PLANS_AND_REVENUE','CR_BILL_PLANS_AND_REVENUE_CLD',NULL,'CR_BILL_PLANS_AND_REVENUE_C');

INSERT INTO cr_object_information (object_id,info_type,info_value,info_description,additional_information1,additional_information2,additional_information3,additional_information4,additional_information5,creation_date,created_by,last_update_date,last_update_by,attribute1,attribute2,attribute3,attribute4,attribute5,attribute6,attribute7,attribute8,attribute9,attribute10,attribute11,attribute12,attribute13,attribute14,attribute15) VALUES
	(147,'Sequence','2',NULL,NULL,NULL,NULL,NULL,NULL,current_date,'riteadmin',current_date,'riteadmin',NULL,NULL,NULL,NULL,NULL,NULL,NULL,NULL,NULL,NULL,NULL,NULL,NULL,NULL,NULL);

INSERT INTO cr_objects (object_id,object_name,object_code,user_object_name,module_code,parent_object_id,fbdi_sheet,hdl_sheet,loader_endpoint,re_con_query,sequence_in_parent,creation_date,created_by,last_update_date,last_update_by,interface_table_name,rejection_table_name,ctl_file_name,xlsm_file_name,immediate_parent,batch_size,base_tables,attribute1,attribute2,attribute3,attribute4,attribute5,attribute6,attribute7,attribute8,attribute9,attribute10,attribute11,attribute12,attribute13,attribute14,attribute15,cld_template_code,cld_metadata_table_name,conversion_type,cld_template_name) VALUES
	(148,'Billing Controls','BILLING_CTRL','Contract','PPM',145,NULL,NULL,'RESTAPI',NULL,NULL,current_date,'riteadmin',current_date,'riteadmin',NULL,NULL,NULL,NULL,NULL,NULL,NULL,NULL,NULL,NULL,NULL,NULL,NULL,NULL,NULL,NULL,NULL,NULL,NULL,NULL,NULL,NULL,'BILLING_CTRL','CR_BILLING_CTRL_CLD',NULL,'CR_BILLING_CTRL_C');

INSERT INTO cr_object_information (object_id,info_type,info_value,info_description,additional_information1,additional_information2,additional_information3,additional_information4,additional_information5,creation_date,created_by,last_update_date,last_update_by,attribute1,attribute2,attribute3,attribute4,attribute5,attribute6,attribute7,attribute8,attribute9,attribute10,attribute11,attribute12,attribute13,attribute14,attribute15) VALUES
	(148,'Sequence','3',NULL,NULL,NULL,NULL,NULL,NULL,current_date,'riteadmin',current_date,'riteadmin',NULL,NULL,NULL,NULL,NULL,NULL,NULL,NULL,NULL,NULL,NULL,NULL,NULL,NULL,NULL);

INSERT INTO cr_objects (object_id,object_name,object_code,user_object_name,module_code,parent_object_id,fbdi_sheet,hdl_sheet,loader_endpoint,re_con_query,sequence_in_parent,creation_date,created_by,last_update_date,last_update_by,interface_table_name,rejection_table_name,ctl_file_name,xlsm_file_name,immediate_parent,batch_size,base_tables,attribute1,attribute2,attribute3,attribute4,attribute5,attribute6,attribute7,attribute8,attribute9,attribute10,attribute11,attribute12,attribute13,attribute14,attribute15,cld_template_code,cld_metadata_table_name,conversion_type,cld_template_name) VALUES
	(149,'Contract Line Internal Attributes','CONT_LINE_INTERNAL_ATTR','Contract','PPM',145,NULL,NULL,'RESTAPI',NULL,NULL,current_date,'riteadmin',current_date,'riteadmin',NULL,NULL,NULL,NULL,NULL,NULL,NULL,NULL,NULL,NULL,NULL,NULL,NULL,NULL,NULL,NULL,NULL,NULL,NULL,NULL,NULL,NULL,'CONT_LINE_INT_ATTR','CR_CONT_LINE_INTERNAL_ATTR_CLD',NULL,'CR_CONT_LINE_INTERNAL_ATTR_C');

INSERT INTO cr_object_information (object_id,info_type,info_value,info_description,additional_information1,additional_information2,additional_information3,additional_information4,additional_information5,creation_date,created_by,last_update_date,last_update_by,attribute1,attribute2,attribute3,attribute4,attribute5,attribute6,attribute7,attribute8,attribute9,attribute10,attribute11,attribute12,attribute13,attribute14,attribute15) VALUES
	(149,'Sequence','4',NULL,NULL,NULL,NULL,NULL,NULL,current_date,'riteadmin',current_date,'riteadmin',NULL,NULL,NULL,NULL,NULL,NULL,NULL,NULL,NULL,NULL,NULL,NULL,NULL,NULL,NULL);

INSERT INTO cr_objects (object_id,object_name,object_code,user_object_name,module_code,parent_object_id,fbdi_sheet,hdl_sheet,loader_endpoint,re_con_query,sequence_in_parent,creation_date,created_by,last_update_date,last_update_by,interface_table_name,rejection_table_name,ctl_file_name,xlsm_file_name,immediate_parent,batch_size,base_tables,attribute1,attribute2,attribute3,attribute4,attribute5,attribute6,attribute7,attribute8,attribute9,attribute10,attribute11,attribute12,attribute13,attribute14,attribute15,cld_template_code,cld_metadata_table_name,conversion_type,cld_template_name) VALUES
	(150,'Milestones','MILESTONES','Milestones','PPM',145,NULL,NULL,'RESTAPI',NULL,NULL,current_date,'riteadmin',current_date,'riteadmin',NULL,NULL,NULL,NULL,NULL,NULL,NULL,NULL,NULL,NULL,NULL,NULL,NULL,NULL,NULL,NULL,NULL,NULL,NULL,NULL,NULL,NULL,'MILESTONES','CR_MILESTONES_CLD',NULL,'CR_MILESTONES_C');

INSERT INTO cr_object_information (object_id,info_type,info_value,info_description,additional_information1,additional_information2,additional_information3,additional_information4,additional_information5,creation_date,created_by,last_update_date,last_update_by,attribute1,attribute2,attribute3,attribute4,attribute5,attribute6,attribute7,attribute8,attribute9,attribute10,attribute11,attribute12,attribute13,attribute14,attribute15) VALUES
	(150,'Sequence','5',NULL,NULL,NULL,NULL,NULL,NULL,current_date,'riteadmin',current_date,'riteadmin',NULL,NULL,NULL,NULL,NULL,NULL,NULL,NULL,NULL,NULL,NULL,NULL,NULL,NULL,NULL);

	

-- PROJECT_TASKS

INSERT INTO cr_objects (object_id, object_name, object_code, user_object_name, module_code, parent_object_id, fbdi_sheet, loader_endpoint, re_con_query, sequence_in_parent, interface_table_name, rejection_table_name, ctl_file_name, xlsm_file_name, immediate_parent, batch_size, base_tables, creation_date, created_by, last_update_date, last_update_by, attribute1, attribute2, attribute3, attribute4, attribute5, attribute6, attribute7, attribute8, attribute9, attribute10, attribute11, attribute12, attribute13, attribute14, attribute15, conversion_type,cld_template_code,cld_metadata_table_name,cld_template_name)
VALUES (151,'Project Tasks', 'PROJECT_TASKS', 'Project Tasks', 'PPM', Null, '','FBDI', NULL, Null, '','',  '', '', NULL, 30000, NULL, current_date, 'riteadmin', current_date, 'riteadmin', NULL, NULL, NULL, NULL,NULL, NULL, NULL, NULL, NULL, NULL, NULL, NULL, NULL, NULL, NULL,'DATA_MIGRATION', NULL, NULL, NULL);

-- IMPORT_PROJECT_TASKS
INSERT INTO cr_objects (object_id, object_name, object_code, user_object_name, module_code, parent_object_id, fbdi_sheet, loader_endpoint, re_con_query, sequence_in_parent, interface_table_name, rejection_table_name, ctl_file_name, xlsm_file_name, immediate_parent, batch_size, base_tables, creation_date, created_by, last_update_date, last_update_by, attribute1, attribute2, attribute3, attribute4, attribute5, attribute6, attribute7, attribute8, attribute9, attribute10, attribute11, attribute12, attribute13, attribute14, attribute15, conversion_type,cld_template_code,cld_metadata_table_name,cld_template_name) 
VALUES (152,'Import Project Tasks', 'IMPORT_PROJECT_TASKS', 'Import Project Tasks', 'PPM', 151, 'PJF_PROJ_ELEMENTS_XFACE','FBDI', NULL, 1, 'PJF_PROJ_ELEMENTS_XFACE','',  'PjfProjElementsXface', 'ProjectTasksImportTemplate', NULL, 30000, 'PJF_PROJ_ELEMENTS_B', current_date, 'riteadmin', current_date, 'riteadmin', NULL, NULL, NULL, NULL,NULL, NULL, NULL, NULL, NULL, NULL, NULL, NULL, NULL, NULL, NULL,'DATA_MIGRATION', 'IMPORT_PROJECT_TASKS', 'CR_IMPORT_PROJECT_TASKS_C', 'CR_IMPORT_PROJECT_TASKS_CLD');

INSERT INTO cr_object_information (object_id,info_type,info_value,info_description,additional_information1,additional_information2,additional_information3,additional_information4,additional_information5,creation_date,created_by,last_update_date,last_update_by,attribute1,attribute2,attribute3,attribute4,attribute5,attribute6,attribute7,attribute8,attribute9,attribute10,attribute11,attribute12,attribute13,attribute14,attribute15) VALUES
	 (152,'Sequence','1',NULL,NULL,NULL,NULL,NULL,NULL,current_date,'riteadmin',current_date,'riteadmin',NULL,NULL,NULL,NULL,NULL,NULL,NULL,NULL,NULL,NULL,NULL,NULL,NULL,NULL,NULL),
     (152,'DocumentAccount','prj/projectFoundation/import',NULL,NULL,NULL,NULL,NULL,NULL,current_date,'riteadmin',current_date,'riteadmin',NULL,NULL,NULL,NULL,NULL,NULL,NULL,NULL,NULL,NULL,NULL,NULL,NULL,NULL,NULL),
	 (152,'DocumentSecurityGroup','FAFusionImportExport',NULL,NULL,NULL,NULL,NULL,NULL,current_date,'riteadmin',current_date,'riteadmin',NULL,NULL,NULL,NULL,NULL,NULL,NULL,NULL,NULL,NULL,NULL,NULL,NULL,NULL,NULL),
	 (152,'JobName','/oracle/apps/ess/projects/foundation/projectDefinition/,ImportTasksInterfaceDataJobDef','','',NULL,NULL,NULL,NULL,current_date,'riteadmin',current_date,'riteadmin',NULL,NULL,NULL,NULL,NULL,NULL,NULL,NULL,NULL,NULL,NULL,NULL,NULL,NULL,NULL);



-- Assets
INSERT INTO cr_objects (object_id, object_name, object_code, user_object_name, module_code, parent_object_id, fbdi_sheet, loader_endpoint, re_con_query, sequence_in_parent, interface_table_name, rejection_table_name, ctl_file_name, xlsm_file_name, immediate_parent, batch_size, base_tables, creation_date, created_by, last_update_date, last_update_by, attribute1, attribute2, attribute3, attribute4, attribute5, attribute6, attribute7, attribute8, attribute9, attribute10, attribute11, attribute12, attribute13, attribute14, attribute15, conversion_type,cld_template_code,cld_metadata_table_name,cld_template_name) VALUES 
	(155,'Assets', 'ASSETS', 'Assets', 'FIN', NULL, '','FBDI', NULL, NULL, '','',  '', '', NULL, 30000, NULL, current_date, 'riteadmin', current_date, 'riteadmin', NULL, NULL, NULL, NULL,NULL, NULL, NULL, NULL, NULL, NULL, NULL, NULL, NULL, NULL, NULL,'DATA_MIGRATION', NULL, NULL, NULL);
INSERT INTO cr_objects (object_id, object_name, object_code, user_object_name, module_code, parent_object_id, fbdi_sheet, loader_endpoint, re_con_query, sequence_in_parent, interface_table_name, rejection_table_name, ctl_file_name, xlsm_file_name, immediate_parent, batch_size, base_tables, creation_date, created_by, last_update_date, last_update_by, attribute1, attribute2, attribute3, attribute4, attribute5, attribute6, attribute7, attribute8, attribute9, attribute10, attribute11, attribute12, attribute13, attribute14, attribute15, conversion_type,cld_template_code,cld_metadata_table_name,cld_template_name) VALUES 
	(156,'Asset Lease Import', 'ASSET_LEASE_IMPORT', 'Asset Lease Import', 'FIN', 155, 'FA_LEASES_INT','FBDI', NULL, 1, 'FA_LEASES_INT','',  'FaLeasesINT', 'FixedAssetLeasesImportTemplate', NULL, 30000, 'FA_LEASES', current_date, 'riteadmin', current_date, 'riteadmin', NULL, NULL, NULL, NULL,NULL, NULL, NULL, NULL, NULL, NULL, NULL, NULL, NULL, NULL, NULL,'DATA_MIGRATION', 'ASSET_LEASE_IMPORT', 'CR_ASSET_LEASE_IMPORT_C', 'CR_ASSET_LEASE_IMPORT_CLD');

INSERT INTO cr_object_information (object_id,info_type,info_value,info_description,additional_information1,additional_information2,additional_information3,additional_information4,additional_information5,creation_date,created_by,last_update_date,last_update_by,attribute1,attribute2,attribute3,attribute4,attribute5,attribute6,attribute7,attribute8,attribute9,attribute10,attribute11,attribute12,attribute13,attribute14,attribute15) VALUES
	(156,'Sequence','1',NULL,NULL,NULL,NULL,NULL,NULL,current_date,'riteadmin',current_date,'riteadmin',NULL,NULL,NULL,NULL,NULL,NULL,NULL,NULL,NULL,NULL,NULL,NULL,NULL,NULL,NULL),
    (156,'DocumentAccount','fin/assets/import',NULL,NULL,NULL,NULL,NULL,NULL,current_date,'riteadmin',current_date,'riteadmin',NULL,NULL,NULL,NULL,NULL,NULL,NULL,NULL,NULL,NULL,NULL,NULL,NULL,NULL,NULL),
	(156,'DocumentSecurityGroup','FAFusionImportExport',NULL,NULL,NULL,NULL,NULL,NULL,current_date,'riteadmin',current_date,'riteadmin',NULL,NULL,NULL,NULL,NULL,NULL,NULL,NULL,NULL,NULL,NULL,NULL,NULL,NULL,NULL),
	(156,'JobName','/oracle/apps/ess/financials/assets/tracking/leases/,ImportAssetLeases','','',NULL,NULL,NULL,NULL,current_date,'riteadmin',current_date,'riteadmin',NULL,NULL,NULL,NULL,NULL,NULL,NULL,NULL,NULL,NULL,NULL,NULL,NULL,NULL,NULL);


INSERT INTO cr_objects (object_id, object_name, object_code, user_object_name, module_code, parent_object_id, fbdi_sheet, loader_endpoint, re_con_query, sequence_in_parent, interface_table_name, rejection_table_name, ctl_file_name, xlsm_file_name, immediate_parent, batch_size, base_tables, creation_date, created_by, last_update_date, last_update_by, attribute1, attribute2, attribute3, attribute4, attribute5, attribute6, attribute7, attribute8, attribute9, attribute10, attribute11, attribute12, attribute13, attribute14, attribute15, conversion_type,cld_template_code,cld_metadata_table_name,cld_template_name) VALUES 
	(157,'Asset Lease Books ', 'ASSET_LEASE_BOOKS_', 'Asset Lease Books ', 'FIN', 155, 'FA_LEASE_BOOKS_INT','FBDI', NULL, 2, 'FA_LEASE_BOOKS_INT','',  'FaLeaseBooksINT', 'FixedAssetLeasesImportTemplate', NULL, 30000, 'FA_LEASE_BOOKS', current_date, 'riteadmin', current_date, 'riteadmin', NULL, NULL, NULL, NULL,NULL, NULL, NULL, NULL, NULL, NULL, NULL, NULL, NULL, NULL, NULL,'DATA_MIGRATION', 'ASSET_LEASE_BOOKS_', 'CR_ASSET_LEASE_BOOKS__C', 'CR_ASSET_LEASE_BOOKS__CLD');

INSERT INTO cr_object_information (object_id,info_type,info_value,info_description,additional_information1,additional_information2,additional_information3,additional_information4,additional_information5,creation_date,created_by,last_update_date,last_update_by,attribute1,attribute2,attribute3,attribute4,attribute5,attribute6,attribute7,attribute8,attribute9,attribute10,attribute11,attribute12,attribute13,attribute14,attribute15) VALUES
	(157,'Sequence','2',NULL,NULL,NULL,NULL,NULL,NULL,current_date,'riteadmin',current_date,'riteadmin',NULL,NULL,NULL,NULL,NULL,NULL,NULL,NULL,NULL,NULL,NULL,NULL,NULL,NULL,NULL),
    (157,'DocumentAccount','fin/assets/import',NULL,NULL,NULL,NULL,NULL,NULL,current_date,'riteadmin',current_date,'riteadmin',NULL,NULL,NULL,NULL,NULL,NULL,NULL,NULL,NULL,NULL,NULL,NULL,NULL,NULL,NULL),
	(157,'DocumentSecurityGroup','FAFusionImportExport',NULL,NULL,NULL,NULL,NULL,NULL,current_date,'riteadmin',current_date,'riteadmin',NULL,NULL,NULL,NULL,NULL,NULL,NULL,NULL,NULL,NULL,NULL,NULL,NULL,NULL,NULL),
	(157,'JobName','/oracle/apps/ess/financials/assets/tracking/leases/,ImportAssetLeases','','',NULL,NULL,NULL,NULL,current_date,'riteadmin',current_date,'riteadmin',NULL,NULL,NULL,NULL,NULL,NULL,NULL,NULL,NULL,NULL,NULL,NULL,NULL,NULL,NULL);

INSERT INTO cr_objects (object_id, object_name, object_code, user_object_name, module_code, parent_object_id, fbdi_sheet, loader_endpoint, re_con_query, sequence_in_parent, interface_table_name, rejection_table_name, ctl_file_name, xlsm_file_name, immediate_parent, batch_size, base_tables, creation_date, created_by, last_update_date, last_update_by, attribute1, attribute2, attribute3, attribute4, attribute5, attribute6, attribute7, attribute8, attribute9, attribute10, attribute11, attribute12, attribute13, attribute14, attribute15, conversion_type,cld_template_code,cld_metadata_table_name,cld_template_name) VALUES 
	(158,'Asset Lease Schedules', 'ASSET_LEASE_SCHEDULES', 'Asset Lease Schedules', 'FIN', 155, 'FA_LEASE_SCH_INT','FBDI', NULL, 3, 'FA_LEASE_SCH_INT','',  'FaLeaseSchINT', 'FixedAssetLeasesImportTemplate', NULL, 30000, 'FA_LEASES', current_date, 'riteadmin', current_date, 'riteadmin', NULL, NULL, NULL, NULL,NULL, NULL, NULL, NULL, NULL, NULL, NULL, NULL, NULL, NULL, NULL,'DATA_MIGRATION', 'ASSET_LEASE_SCHEDULES', 'CR_ASSET_LEASE_SCHEDULES_C', 'CR_ASSET_LEASE_SCHEDULES_CLD');

INSERT INTO cr_object_information (object_id,info_type,info_value,info_description,additional_information1,additional_information2,additional_information3,additional_information4,additional_information5,creation_date,created_by,last_update_date,last_update_by,attribute1,attribute2,attribute3,attribute4,attribute5,attribute6,attribute7,attribute8,attribute9,attribute10,attribute11,attribute12,attribute13,attribute14,attribute15) VALUES
	(158,'Sequence','3',NULL,NULL,NULL,NULL,NULL,NULL,current_date,'riteadmin',current_date,'riteadmin',NULL,NULL,NULL,NULL,NULL,NULL,NULL,NULL,NULL,NULL,NULL,NULL,NULL,NULL,NULL),
    (158,'DocumentAccount','fin/assets/import',NULL,NULL,NULL,NULL,NULL,NULL,current_date,'riteadmin',current_date,'riteadmin',NULL,NULL,NULL,NULL,NULL,NULL,NULL,NULL,NULL,NULL,NULL,NULL,NULL,NULL,NULL),
	(158,'DocumentSecurityGroup','FAFusionImportExport',NULL,NULL,NULL,NULL,NULL,NULL,current_date,'riteadmin',current_date,'riteadmin',NULL,NULL,NULL,NULL,NULL,NULL,NULL,NULL,NULL,NULL,NULL,NULL,NULL,NULL,NULL),
	(158,'JobName','/oracle/apps/ess/financials/assets/tracking/leases/,ImportAssetLeases','','',NULL,NULL,NULL,NULL,current_date,'riteadmin',current_date,'riteadmin',NULL,NULL,NULL,NULL,NULL,NULL,NULL,NULL,NULL,NULL,NULL,NULL,NULL,NULL,NULL);

INSERT INTO cr_objects (object_id, object_name, object_code, user_object_name, module_code, parent_object_id, fbdi_sheet, loader_endpoint, re_con_query, sequence_in_parent, interface_table_name, rejection_table_name, ctl_file_name, xlsm_file_name, immediate_parent, batch_size, base_tables, creation_date, created_by, last_update_date, last_update_by, attribute1, attribute2, attribute3, attribute4, attribute5, attribute6, attribute7, attribute8, attribute9, attribute10, attribute11, attribute12, attribute13, attribute14, attribute15, conversion_type,cld_template_code,cld_metadata_table_name,cld_template_name) VALUES 
	(159,'Asset Lease Schedule Items', 'ASSET_LEASE_SCHEDULE_ITEMS', 'Asset Lease Schedule Items', 'FIN', 155, 'FA_LEASE_SCHEDULE_ITEMS_INT','FBDI', NULL, 4, 'FA_LEASE_SCHEDULE_ITEMS_INT','',  'FaLeaseScheduleItemsINT', 'FixedAssetLeasesImportTemplate', NULL, 30000, 'FA_LEASE_SCHEDULE_ITEMS', current_date, 'riteadmin', current_date, 'riteadmin', NULL, NULL, NULL, NULL,NULL, NULL, NULL, NULL, NULL, NULL, NULL, NULL, NULL, NULL, NULL,'DATA_MIGRATION', 'ASSET_LEASE_SCHEDULE_ITEMS', 'CR_ASSET_LEASE_SCHEDULE_ITEMS_C', 'CR_ASSET_LEASE_SCHEDULE_ITEMS_CLD');

INSERT INTO cr_object_information (object_id,info_type,info_value,info_description,additional_information1,additional_information2,additional_information3,additional_information4,additional_information5,creation_date,created_by,last_update_date,last_update_by,attribute1,attribute2,attribute3,attribute4,attribute5,attribute6,attribute7,attribute8,attribute9,attribute10,attribute11,attribute12,attribute13,attribute14,attribute15) VALUES
	(159,'Sequence','4',NULL,NULL,NULL,NULL,NULL,NULL,current_date,'riteadmin',current_date,'riteadmin',NULL,NULL,NULL,NULL,NULL,NULL,NULL,NULL,NULL,NULL,NULL,NULL,NULL,NULL,NULL),
    (159,'DocumentAccount','fin/assets/import',NULL,NULL,NULL,NULL,NULL,NULL,current_date,'riteadmin',current_date,'riteadmin',NULL,NULL,NULL,NULL,NULL,NULL,NULL,NULL,NULL,NULL,NULL,NULL,NULL,NULL,NULL),
	(159,'DocumentSecurityGroup','FAFusionImportExport',NULL,NULL,NULL,NULL,NULL,NULL,current_date,'riteadmin',current_date,'riteadmin',NULL,NULL,NULL,NULL,NULL,NULL,NULL,NULL,NULL,NULL,NULL,NULL,NULL,NULL,NULL),
	(159,'JobName','/oracle/apps/ess/financials/assets/tracking/leases/,ImportAssetLeases','','',NULL,NULL,NULL,NULL,current_date,'riteadmin',current_date,'riteadmin',NULL,NULL,NULL,NULL,NULL,NULL,NULL,NULL,NULL,NULL,NULL,NULL,NULL,NULL,NULL);

--  Asset Mass Additions
INSERT INTO cr_objects (object_id, object_name, object_code, user_object_name, module_code, parent_object_id, fbdi_sheet, loader_endpoint, re_con_query, sequence_in_parent, interface_table_name, rejection_table_name, ctl_file_name, xlsm_file_name, immediate_parent, batch_size, base_tables, creation_date, created_by, last_update_date, last_update_by, attribute1, attribute2, attribute3, attribute4, attribute5, attribute6, attribute7, attribute8, attribute9, attribute10, attribute11, attribute12, attribute13, attribute14, attribute15, conversion_type,cld_template_code,cld_metadata_table_name,cld_template_name) VALUES 
	(160,'Asset Mass Additions', 'ASSET_MASS_ADDITIONS', 'Asset Mass Additions', 'FIN', NULL, '','FBDI', NULL, NULL, '','',  '', '', NULL, 30000, NULL, current_date, 'riteadmin', current_date, 'riteadmin', NULL, NULL, NULL, NULL,NULL, NULL, NULL, NULL, NULL, NULL, NULL, NULL, NULL, NULL, NULL,'DATA_MIGRATION', NULL, NULL, NULL);
INSERT INTO cr_objects (object_id, object_name, object_code, user_object_name, module_code, parent_object_id, fbdi_sheet, loader_endpoint, re_con_query, sequence_in_parent, interface_table_name, rejection_table_name, ctl_file_name, xlsm_file_name, immediate_parent, batch_size, base_tables, creation_date, created_by, last_update_date, last_update_by, attribute1, attribute2, attribute3, attribute4, attribute5, attribute6, attribute7, attribute8, attribute9, attribute10, attribute11, attribute12, attribute13, attribute14, attribute15, conversion_type,cld_template_code,cld_metadata_table_name,cld_template_name) VALUES 
	(161,'Mass Additions Import', 'MASS_ADDITIONS_IMPORT', 'Mass Additions Import', 'FIN', 160, 'FA_MASS_ADDITIONS','FBDI', NULL, 1, 'FA_MASS_ADDITIONS','',  'FaMassAdditions', 'FixedAssetMassAdditionsImportTemplate', NULL, 30000, 'FA_ADDITIONS_B', current_date, 'riteadmin', current_date, 'riteadmin', NULL, NULL, NULL, NULL,NULL, NULL, NULL, NULL, NULL, NULL, NULL, NULL, NULL, NULL, NULL,'DATA_MIGRATION', 'MASS_ADDITIONS_IMPORT', 'CR_MASS_ADDITIONS_IMPORT_C', 'CR_MASS_ADDITIONS_IMPORT_CLD');

INSERT INTO cr_object_information (object_id,info_type,info_value,info_description,additional_information1,additional_information2,additional_information3,additional_information4,additional_information5,creation_date,created_by,last_update_date,last_update_by,attribute1,attribute2,attribute3,attribute4,attribute5,attribute6,attribute7,attribute8,attribute9,attribute10,attribute11,attribute12,attribute13,attribute14,attribute15) VALUES
	(161,'Sequence','1',NULL,NULL,NULL,NULL,NULL,NULL,current_date,'riteadmin',current_date,'riteadmin',NULL,NULL,NULL,NULL,NULL,NULL,NULL,NULL,NULL,NULL,NULL,NULL,NULL,NULL,NULL),
    (161,'DocumentAccount','fin/fixedAsset/import',NULL,NULL,NULL,NULL,NULL,NULL,current_date,'riteadmin',current_date,'riteadmin',NULL,NULL,NULL,NULL,NULL,NULL,NULL,NULL,NULL,NULL,NULL,NULL,NULL,NULL,NULL),
	(161,'DocumentSecurityGroup','FAFusionImportExport',NULL,NULL,NULL,NULL,NULL,NULL,current_date,'riteadmin',current_date,'riteadmin',NULL,NULL,NULL,NULL,NULL,NULL,NULL,NULL,NULL,NULL,NULL,NULL,NULL,NULL,NULL),
	(161,'JobName','/oracle/apps/ess/financials/assets/additions/,PostMassAdditions','','',NULL,NULL,NULL,NULL,current_date,'riteadmin',current_date,'riteadmin',NULL,NULL,NULL,NULL,NULL,NULL,NULL,NULL,NULL,NULL,NULL,NULL,NULL,NULL,NULL);


INSERT INTO cr_objects (object_id, object_name, object_code, user_object_name, module_code, parent_object_id, fbdi_sheet, loader_endpoint, re_con_query, sequence_in_parent, interface_table_name, rejection_table_name, ctl_file_name, xlsm_file_name, immediate_parent, batch_size, base_tables, creation_date, created_by, last_update_date, last_update_by, attribute1, attribute2, attribute3, attribute4, attribute5, attribute6, attribute7, attribute8, attribute9, attribute10, attribute11, attribute12, attribute13, attribute14, attribute15, conversion_type,cld_template_code,cld_metadata_table_name,cld_template_name) VALUES 
	(162,'Mass Addition Distributions Import', 'MASS_ADDITION_DISTRIBUTIONS_IMPORT', 'Mass Addition Distributions Import', 'FIN', 160, 'FA_MASSADD_DISTRIBUTIONS','FBDI', NULL, 2, 'FA_MASSADD_DISTRIBUTIONS','',  'FaMassaddDistributions', 'FixedAssetMassAdditionsImportTemplate', NULL, 30000, 'FA_ADDITIONS_B', current_date, 'riteadmin', current_date, 'riteadmin', NULL, NULL, NULL, NULL,NULL, NULL, NULL, NULL, NULL, NULL, NULL, NULL, NULL, NULL, NULL,'DATA_MIGRATION', 'MASS_ADDITION_DIST_IMP', 'CR_MASS_ADDITION_DIST_IMP_C', 'CR_MASS_ADDITION_DIST_IMP_CLD');


INSERT INTO cr_object_information (object_id,info_type,info_value,info_description,additional_information1,additional_information2,additional_information3,additional_information4,additional_information5,creation_date,created_by,last_update_date,last_update_by,attribute1,attribute2,attribute3,attribute4,attribute5,attribute6,attribute7,attribute8,attribute9,attribute10,attribute11,attribute12,attribute13,attribute14,attribute15) VALUES
	(162,'Sequence','2',NULL,NULL,NULL,NULL,NULL,NULL,current_date,'riteadmin',current_date,'riteadmin',NULL,NULL,NULL,NULL,NULL,NULL,NULL,NULL,NULL,NULL,NULL,NULL,NULL,NULL,NULL),
    (162,'DocumentAccount','fin/fixedAsset/import',NULL,NULL,NULL,NULL,NULL,NULL,current_date,'riteadmin',current_date,'riteadmin',NULL,NULL,NULL,NULL,NULL,NULL,NULL,NULL,NULL,NULL,NULL,NULL,NULL,NULL,NULL),
	(162,'DocumentSecurityGroup','FAFusionImportExport',NULL,NULL,NULL,NULL,NULL,NULL,current_date,'riteadmin',current_date,'riteadmin',NULL,NULL,NULL,NULL,NULL,NULL,NULL,NULL,NULL,NULL,NULL,NULL,NULL,NULL,NULL),
	(162,'JobName','/oracle/apps/ess/financials/assets/additions/,PostMassAdditions','','',NULL,NULL,NULL,NULL,current_date,'riteadmin',current_date,'riteadmin',NULL,NULL,NULL,NULL,NULL,NULL,NULL,NULL,NULL,NULL,NULL,NULL,NULL,NULL,NULL);


INSERT INTO cr_objects (object_id, object_name, object_code, user_object_name, module_code, parent_object_id, fbdi_sheet, loader_endpoint, re_con_query, sequence_in_parent, interface_table_name, rejection_table_name, ctl_file_name, xlsm_file_name, immediate_parent, batch_size, base_tables, creation_date, created_by, last_update_date, last_update_by, attribute1, attribute2, attribute3, attribute4, attribute5, attribute6, attribute7, attribute8, attribute9, attribute10, attribute11, attribute12, attribute13, attribute14, attribute15, conversion_type,cld_template_code,cld_metadata_table_name,cld_template_name) VALUES 
	(163,'Mass Addition Reporting Currencies Import', 'MASS_ADDITION_REPORTING_CURRENCIES_IMPORT', 'Mass Addition Reporting Currencies Import', 'FIN', 160, 'FA_MC_MASS_RATES','FBDI', NULL, 3, 'FA_MC_MASS_RATES','',  'FaMcMassRates', 'FixedAssetMassAdditionsImportTemplate', NULL, 30000, 'FA_ADDITIONS_B', current_date, 'riteadmin', current_date, 'riteadmin', NULL, NULL, NULL, NULL,NULL, NULL, NULL, NULL, NULL, NULL, NULL, NULL, NULL, NULL, NULL,'DATA_MIGRATION', 'MASS_ADDITION_REPORTING_CURR', 'CR_MASS_ADDITION_REPORTING_CURR_C', 'CR_MASS_ADDITION_REPORTING_CURR_CLD');

INSERT INTO cr_object_information (object_id,info_type,info_value,info_description,additional_information1,additional_information2,additional_information3,additional_information4,additional_information5,creation_date,created_by,last_update_date,last_update_by,attribute1,attribute2,attribute3,attribute4,attribute5,attribute6,attribute7,attribute8,attribute9,attribute10,attribute11,attribute12,attribute13,attribute14,attribute15) VALUES
	(163,'Sequence','3',NULL,NULL,NULL,NULL,NULL,NULL,current_date,'riteadmin',current_date,'riteadmin',NULL,NULL,NULL,NULL,NULL,NULL,NULL,NULL,NULL,NULL,NULL,NULL,NULL,NULL,NULL),
    (163,'DocumentAccount','fin/fixedAsset/import',NULL,NULL,NULL,NULL,NULL,NULL,current_date,'riteadmin',current_date,'riteadmin',NULL,NULL,NULL,NULL,NULL,NULL,NULL,NULL,NULL,NULL,NULL,NULL,NULL,NULL,NULL),
	(163,'DocumentSecurityGroup','FAFusionImportExport',NULL,NULL,NULL,NULL,NULL,NULL,current_date,'riteadmin',current_date,'riteadmin',NULL,NULL,NULL,NULL,NULL,NULL,NULL,NULL,NULL,NULL,NULL,NULL,NULL,NULL,NULL),
	(163,'JobName','/oracle/apps/ess/financials/assets/additions/,PostMassAdditions','','',NULL,NULL,NULL,NULL,current_date,'riteadmin',current_date,'riteadmin',NULL,NULL,NULL,NULL,NULL,NULL,NULL,NULL,NULL,NULL,NULL,NULL,NULL,NULL,NULL);

-- ASSET_MASS_ADJUSTMENTS
INSERT INTO cr_objects (object_id, object_name, object_code, user_object_name, module_code, parent_object_id, fbdi_sheet, loader_endpoint, re_con_query, sequence_in_parent, interface_table_name, rejection_table_name, ctl_file_name, xlsm_file_name, immediate_parent, batch_size, base_tables, creation_date, created_by, last_update_date, last_update_by, attribute1, attribute2, attribute3, attribute4, attribute5, attribute6, attribute7, attribute8, attribute9, attribute10, attribute11, attribute12, attribute13, attribute14, attribute15, conversion_type,cld_template_code,cld_metadata_table_name,cld_template_name) VALUES 
	(164,'Asset Mass Adjustments', 'ASSET_MASS_ADJUSTMENTS', 'Asset Mass Adjustments', 'FIN', NULL, '','FBDI', NULL, NULL, '','',  '', '', NULL, 30000, NULL, current_date, 'riteadmin', current_date, 'riteadmin', NULL, NULL, NULL, NULL,NULL, NULL, NULL, NULL, NULL, NULL, NULL, NULL, NULL, NULL, NULL,'DATA_MIGRATION', NULL, NULL, NULL);
INSERT INTO cr_objects (object_id, object_name, object_code, user_object_name, module_code, parent_object_id, fbdi_sheet, loader_endpoint, re_con_query, sequence_in_parent, interface_table_name, rejection_table_name, ctl_file_name, xlsm_file_name, immediate_parent, batch_size, base_tables, creation_date, created_by, last_update_date, last_update_by, attribute1, attribute2, attribute3, attribute4, attribute5, attribute6, attribute7, attribute8, attribute9, attribute10, attribute11, attribute12, attribute13, attribute14, attribute15, conversion_type,cld_template_code,cld_metadata_table_name,cld_template_name) VALUES 
	(165,'Mass Adjustments Import', 'MASS_ADJUSTMENTS_IMPORT', 'Mass Adjustments Import', 'FIN', 164, 'FA_ADJUSTMENTS_T','FBDI', NULL, 1, 'FA_ADJUSTMENTS_T','',  'FaAdjustmentsT', 'FixedAssetMassAdjustmentsImportTemplate', NULL, 30000, 'FA_ADJUSTMENTS', current_date, 'riteadmin', current_date, 'riteadmin', NULL, NULL, NULL, NULL,NULL, NULL, NULL, NULL, NULL, NULL, NULL, NULL, NULL, NULL, NULL,'DATA_MIGRATION', 'MASS_ADJUSTMENTS_IMPORT', 'CR_MASS_ADJUSTMENTS_IMPORT_C', 'CR_MASS_ADJUSTMENTS_IMPORT_CLD');

INSERT INTO cr_object_information (object_id,info_type,info_value,info_description,additional_information1,additional_information2,additional_information3,additional_information4,additional_information5,creation_date,created_by,last_update_date,last_update_by,attribute1,attribute2,attribute3,attribute4,attribute5,attribute6,attribute7,attribute8,attribute9,attribute10,attribute11,attribute12,attribute13,attribute14,attribute15) VALUES
	(165,'Sequence','1',NULL,NULL,NULL,NULL,NULL,NULL,current_date,'riteadmin',current_date,'riteadmin',NULL,NULL,NULL,NULL,NULL,NULL,NULL,NULL,NULL,NULL,NULL,NULL,NULL,NULL,NULL),
    (165,'DocumentAccount','fin/fixedAsset/import',NULL,NULL,NULL,NULL,NULL,NULL,current_date,'riteadmin',current_date,'riteadmin',NULL,NULL,NULL,NULL,NULL,NULL,NULL,NULL,NULL,NULL,NULL,NULL,NULL,NULL,NULL),
	(165,'DocumentSecurityGroup','FAFusionImportExport',NULL,NULL,NULL,NULL,NULL,NULL,current_date,'riteadmin',current_date,'riteadmin',NULL,NULL,NULL,NULL,NULL,NULL,NULL,NULL,NULL,NULL,NULL,NULL,NULL,NULL,NULL),
	(165,'JobName','/oracle/apps/ess/financials/assets/adjustments/workArea/,PostMassFinTransactions','','',NULL,NULL,NULL,NULL,current_date,'riteadmin',current_date,'riteadmin',NULL,NULL,NULL,NULL,NULL,NULL,NULL,NULL,NULL,NULL,NULL,NULL,NULL,NULL,NULL);

INSERT INTO cr_objects (object_id, object_name, object_code, user_object_name, module_code, parent_object_id, fbdi_sheet, loader_endpoint, re_con_query, sequence_in_parent, interface_table_name, rejection_table_name, ctl_file_name, xlsm_file_name, immediate_parent, batch_size, base_tables, creation_date, created_by, last_update_date, last_update_by, attribute1, attribute2, attribute3, attribute4, attribute5, attribute6, attribute7, attribute8, attribute9, attribute10, attribute11, attribute12, attribute13, attribute14, attribute15, conversion_type,cld_template_code,cld_metadata_table_name,cld_template_name) VALUES 
	(166,'Mass Adjustment Source Lines Import', 'MASS_ADJUSTMENT_SOURCE_LINES_IMPORT', 'Mass Adjustment Source Lines Import', 'FIN', 164, 'FA_ADJ_SRC_LINES_T','FBDI', NULL, 2, 'FA_ADJ_SRC_LINES_T','',  'FaAdjSrcLinesT', 'FixedAssetMassAdjustmentsImportTemplate', NULL, 30000, 'FA_ADJUSTMENTS', current_date, 'riteadmin', current_date, 'riteadmin', NULL, NULL, NULL, NULL,NULL, NULL, NULL, NULL, NULL, NULL, NULL, NULL, NULL, NULL, NULL,'DATA_MIGRATION', 'MASS_ADJUSTMENT_SRC_LINES_IMP', 'CR_MASS_ADJUSTMENT_SRC_LINES_IMP_C', 'CR_MASS_ADJUSTMENT_SRC_LINES_IMP_CLD');

INSERT INTO cr_object_information (object_id,info_type,info_value,info_description,additional_information1,additional_information2,additional_information3,additional_information4,additional_information5,creation_date,created_by,last_update_date,last_update_by,attribute1,attribute2,attribute3,attribute4,attribute5,attribute6,attribute7,attribute8,attribute9,attribute10,attribute11,attribute12,attribute13,attribute14,attribute15) VALUES
	(166,'Sequence','2',NULL,NULL,NULL,NULL,NULL,NULL,current_date,'riteadmin',current_date,'riteadmin',NULL,NULL,NULL,NULL,NULL,NULL,NULL,NULL,NULL,NULL,NULL,NULL,NULL,NULL,NULL),
    (166,'DocumentAccount','fin/fixedAsset/import',NULL,NULL,NULL,NULL,NULL,NULL,current_date,'riteadmin',current_date,'riteadmin',NULL,NULL,NULL,NULL,NULL,NULL,NULL,NULL,NULL,NULL,NULL,NULL,NULL,NULL,NULL),
	(166,'DocumentSecurityGroup','FAFusionImportExport',NULL,NULL,NULL,NULL,NULL,NULL,current_date,'riteadmin',current_date,'riteadmin',NULL,NULL,NULL,NULL,NULL,NULL,NULL,NULL,NULL,NULL,NULL,NULL,NULL,NULL,NULL),
	(166,'JobName','/oracle/apps/ess/financials/assets/adjustments/workArea/,PostMassFinTransactions','','',NULL,NULL,NULL,NULL,current_date,'riteadmin',current_date,'riteadmin',NULL,NULL,NULL,NULL,NULL,NULL,NULL,NULL,NULL,NULL,NULL,NULL,NULL,NULL,NULL);

-- ASSET_MASS_RETIREMENTS
INSERT INTO cr_objects (object_id, object_name, object_code, user_object_name, module_code, parent_object_id, fbdi_sheet, loader_endpoint, re_con_query, sequence_in_parent, interface_table_name, rejection_table_name, ctl_file_name, xlsm_file_name, immediate_parent, batch_size, base_tables, creation_date, created_by, last_update_date, last_update_by, attribute1, attribute2, attribute3, attribute4, attribute5, attribute6, attribute7, attribute8, attribute9, attribute10, attribute11, attribute12, attribute13, attribute14, attribute15, conversion_type,cld_template_code,cld_metadata_table_name,cld_template_name) VALUES 
	(167,'Asset Mass Retirements', 'ASSET_MASS_RETIREMENTS', 'Asset Mass Retirements', 'FIN', NULL, '','FBDI', NULL, NULL, '','',  '', '', NULL, 30000, NULL, current_date, 'riteadmin', current_date, 'riteadmin', NULL, NULL, NULL, NULL,NULL, NULL, NULL, NULL, NULL, NULL, NULL, NULL, NULL, NULL, NULL,'DATA_MIGRATION', NULL, NULL, NULL);
INSERT INTO cr_objects (object_id, object_name, object_code, user_object_name, module_code, parent_object_id, fbdi_sheet, loader_endpoint, re_con_query, sequence_in_parent, interface_table_name, rejection_table_name, ctl_file_name, xlsm_file_name, immediate_parent, batch_size, base_tables, creation_date, created_by, last_update_date, last_update_by, attribute1, attribute2, attribute3, attribute4, attribute5, attribute6, attribute7, attribute8, attribute9, attribute10, attribute11, attribute12, attribute13, attribute14, attribute15, conversion_type,cld_template_code,cld_metadata_table_name,cld_template_name) VALUES 
	(168,'Mass Retirements Import', 'MASS_RETIREMENTS_IMPORT', 'Mass Retirements Import', 'FIN', 167, 'FA_RETIREMENTS_T','FBDI', NULL, 1, 'FA_RETIREMENTS_T','',  'FaRetirementsT', 'FixedAssetMassRetirementsImportTemplate', NULL, 30000, 'FA_RETIREMENTS', current_date, 'riteadmin', current_date, 'riteadmin', NULL, NULL, NULL, NULL,NULL, NULL, NULL, NULL, NULL, NULL, NULL, NULL, NULL, NULL, NULL,'DATA_MIGRATION', 'MASS_RETIREMENTS_IMPORT', 'CR_MASS_RETIREMENTS_IMPORT_C', 'CR_MASS_RETIREMENTS_IMPORT_CLD');

INSERT INTO cr_object_information (object_id,info_type,info_value,info_description,additional_information1,additional_information2,additional_information3,additional_information4,additional_information5,creation_date,created_by,last_update_date,last_update_by,attribute1,attribute2,attribute3,attribute4,attribute5,attribute6,attribute7,attribute8,attribute9,attribute10,attribute11,attribute12,attribute13,attribute14,attribute15) VALUES
	 (168,'Sequence','1',NULL,NULL,NULL,NULL,NULL,NULL,current_date,'riteadmin',current_date,'riteadmin',NULL,NULL,NULL,NULL,NULL,NULL,NULL,NULL,NULL,NULL,NULL,NULL,NULL,NULL,NULL),
     (168,'DocumentAccount','fin/fixedAsset/import',NULL,NULL,NULL,NULL,NULL,NULL,current_date,'riteadmin',current_date,'riteadmin',NULL,NULL,NULL,NULL,NULL,NULL,NULL,NULL,NULL,NULL,NULL,NULL,NULL,NULL,NULL),
	 (168,'DocumentSecurityGroup','FAFusionImportExport',NULL,NULL,NULL,NULL,NULL,NULL,current_date,'riteadmin',current_date,'riteadmin',NULL,NULL,NULL,NULL,NULL,NULL,NULL,NULL,NULL,NULL,NULL,NULL,NULL,NULL,NULL),
	 (168,'JobName','/oracle/apps/ess/financials/assets/additions/,PostMassAdditions','','',NULL,NULL,NULL,NULL,current_date,'riteadmin',current_date,'riteadmin',NULL,NULL,NULL,NULL,NULL,NULL,NULL,NULL,NULL,NULL,NULL,NULL,NULL,NULL,NULL);


INSERT INTO cr_objects (object_id, object_name, object_code, user_object_name, module_code, parent_object_id, fbdi_sheet, loader_endpoint, re_con_query, sequence_in_parent, interface_table_name, rejection_table_name, ctl_file_name, xlsm_file_name, immediate_parent, batch_size, base_tables, creation_date, created_by, last_update_date, last_update_by, attribute1, attribute2, attribute3, attribute4, attribute5, attribute6, attribute7, attribute8, attribute9, attribute10, attribute11, attribute12, attribute13, attribute14, attribute15, conversion_type,cld_template_code,cld_metadata_table_name,cld_template_name) VALUES 
	(169,'Mass Retirement Distributions Import', 'MASS_RETIREMENT_DISTRIBUTIONS_IMPORT', 'Mass Retirement Distributions Import', 'FIN', 167, 'FA_RETIREMENT_DISTS_T','FBDI', NULL, 2, 'FA_RETIREMENT_DISTS_T','',  'FaRetirementDistsT', 'FixedAssetMassRetirementsImportTemplate', NULL, 30000, 'FA_RETIREMENTS', current_date, 'riteadmin', current_date, 'riteadmin', NULL, NULL, NULL, NULL,NULL, NULL, NULL, NULL, NULL, NULL, NULL, NULL, NULL, NULL, NULL,'DATA_MIGRATION', 'MASS_RETIREMENT_DIST_IMP', 'CR_MASS_RETIREMENT_DIST_IMP_C', 'CR_MASS_RETIREMENT_DIST_IMP_CLD');

INSERT INTO cr_object_information (object_id,info_type,info_value,info_description,additional_information1,additional_information2,additional_information3,additional_information4,additional_information5,creation_date,created_by,last_update_date,last_update_by,attribute1,attribute2,attribute3,attribute4,attribute5,attribute6,attribute7,attribute8,attribute9,attribute10,attribute11,attribute12,attribute13,attribute14,attribute15) VALUES
	(169,'Sequence','2',NULL,NULL,NULL,NULL,NULL,NULL,current_date,'riteadmin',current_date,'riteadmin',NULL,NULL,NULL,NULL,NULL,NULL,NULL,NULL,NULL,NULL,NULL,NULL,NULL,NULL,NULL),
    (169,'DocumentAccount','fin/fixedAsset/import',NULL,NULL,NULL,NULL,NULL,NULL,current_date,'riteadmin',current_date,'riteadmin',NULL,NULL,NULL,NULL,NULL,NULL,NULL,NULL,NULL,NULL,NULL,NULL,NULL,NULL,NULL),
	(169,'DocumentSecurityGroup','FAFusionImportExport',NULL,NULL,NULL,NULL,NULL,NULL,current_date,'riteadmin',current_date,'riteadmin',NULL,NULL,NULL,NULL,NULL,NULL,NULL,NULL,NULL,NULL,NULL,NULL,NULL,NULL,NULL),
	(169,'JobName','/oracle/apps/ess/financials/assets/additions/,PostMassAdditions','','',NULL,NULL,NULL,NULL,current_date,'riteadmin',current_date,'riteadmin',NULL,NULL,NULL,NULL,NULL,NULL,NULL,NULL,NULL,NULL,NULL,NULL,NULL,NULL,NULL);


INSERT INTO cr_objects (object_id, object_name, object_code, user_object_name, module_code, parent_object_id, fbdi_sheet, loader_endpoint, re_con_query, sequence_in_parent, interface_table_name, rejection_table_name, ctl_file_name, xlsm_file_name, immediate_parent, batch_size, base_tables, creation_date, created_by, last_update_date, last_update_by, attribute1, attribute2, attribute3, attribute4, attribute5, attribute6, attribute7, attribute8, attribute9, attribute10, attribute11, attribute12, attribute13, attribute14, attribute15, conversion_type,cld_template_code,cld_metadata_table_name,cld_template_name) VALUES 
	(170,'Mass Retirement Source Lines Import', 'MASS_RETIREMENT_SOURCE_LINES_IMPORT', 'Mass Retirement Source Lines Import', 'FIN', 167, 'FA_RET_SRC_LINES_T','FBDI', NULL, 3, 'FA_RET_SRC_LINES_T','',  'FaRetSrcLinesT', 'FixedAssetMassRetirementsImportTemplate', NULL, 30000, 'FA_RETIREMENTS', current_date, 'riteadmin', current_date, 'riteadmin', NULL, NULL, NULL, NULL,NULL, NULL, NULL, NULL, NULL, NULL, NULL, NULL, NULL, NULL, NULL,'DATA_MIGRATION', 'MASS_RETIREMENT_SRC_LINES_IMP', 'CR_MASS_RETIREMENT_SRC_LINES_IMP_C', 'CR_MASS_RETIREMENT_SRC_LINES_IMP_CLD');

INSERT INTO cr_object_information (object_id,info_type,info_value,info_description,additional_information1,additional_information2,additional_information3,additional_information4,additional_information5,creation_date,created_by,last_update_date,last_update_by,attribute1,attribute2,attribute3,attribute4,attribute5,attribute6,attribute7,attribute8,attribute9,attribute10,attribute11,attribute12,attribute13,attribute14,attribute15) VALUES
	(170,'Sequence','3',NULL,NULL,NULL,NULL,NULL,NULL,current_date,'riteadmin',current_date,'riteadmin',NULL,NULL,NULL,NULL,NULL,NULL,NULL,NULL,NULL,NULL,NULL,NULL,NULL,NULL,NULL),
    (170,'DocumentAccount','fin/fixedAsset/import',NULL,NULL,NULL,NULL,NULL,NULL,current_date,'riteadmin',current_date,'riteadmin',NULL,NULL,NULL,NULL,NULL,NULL,NULL,NULL,NULL,NULL,NULL,NULL,NULL,NULL,NULL),
	(170,'DocumentSecurityGroup','FAFusionImportExport',NULL,NULL,NULL,NULL,NULL,NULL,current_date,'riteadmin',current_date,'riteadmin',NULL,NULL,NULL,NULL,NULL,NULL,NULL,NULL,NULL,NULL,NULL,NULL,NULL,NULL,NULL),
	(170,'JobName','/oracle/apps/ess/financials/assets/additions/,PostMassAdditions','','',NULL,NULL,NULL,NULL,current_date,'riteadmin',current_date,'riteadmin',NULL,NULL,NULL,NULL,NULL,NULL,NULL,NULL,NULL,NULL,NULL,NULL,NULL,NULL,NULL);

-- ASSET_MASS_REVALUATIONS
INSERT INTO cr_objects (object_id, object_name, object_code, user_object_name, module_code, parent_object_id, fbdi_sheet, loader_endpoint, re_con_query, sequence_in_parent, interface_table_name, rejection_table_name, ctl_file_name, xlsm_file_name, immediate_parent, batch_size, base_tables, creation_date, created_by, last_update_date, last_update_by, attribute1, attribute2, attribute3, attribute4, attribute5, attribute6, attribute7, attribute8, attribute9, attribute10, attribute11, attribute12, attribute13, attribute14, attribute15, conversion_type,cld_template_code,cld_metadata_table_name,cld_template_name) VALUES 
	(171,'Asset Mass Revaluations', 'ASSET_MASS_REVALUATIONS', 'Asset Mass Revaluations', 'FIN', NULL, '','FBDI', NULL, NULL, '','',  '', '', NULL, 30000, NULL, current_date, 'riteadmin', current_date, 'riteadmin', NULL, NULL, NULL, NULL,NULL, NULL, NULL, NULL, NULL, NULL, NULL, NULL, NULL, NULL, NULL,'DATA_MIGRATION', NULL, NULL, NULL);

INSERT INTO cr_objects (object_id, object_name, object_code, user_object_name, module_code, parent_object_id, fbdi_sheet, loader_endpoint, re_con_query, sequence_in_parent, interface_table_name, rejection_table_name, ctl_file_name, xlsm_file_name, immediate_parent, batch_size, base_tables, creation_date, created_by, last_update_date, last_update_by, attribute1, attribute2, attribute3, attribute4, attribute5, attribute6, attribute7, attribute8, attribute9, attribute10, attribute11, attribute12, attribute13, attribute14, attribute15, conversion_type,cld_template_code,cld_metadata_table_name,cld_template_name) VALUES 
	(172,'Fixed Asset Mass Revaluations Import', 'FIXED_ASSET_MASS_REVALUATIONS_IMPORT', 'Fixed Asset Mass Revaluations Import', 'FIN', 171, 'FA_ADJUSTMENTS_T','FBDI', NULL, 1, 'FA_ADJUSTMENTS_T','',  'FaAdjustmentsT', 'FixedAssetMassRevaluationsImportTemplate', NULL, 30000, 'FA_ADJUSTMENTS', current_date, 'riteadmin', current_date, 'riteadmin', NULL, NULL, NULL, NULL,NULL, NULL, NULL, NULL, NULL, NULL, NULL, NULL, NULL, NULL, NULL,'DATA_MIGRATION', 'FIXED_ASSET_MASS_REVALUATIONS', 'CR_FIXED_ASSET_MASS_REVALUATIONS_C', 'CR_FIXED_ASSET_MASS_REVALUATIONS_CLD');

INSERT INTO cr_object_information (object_id,info_type,info_value,info_description,additional_information1,additional_information2,additional_information3,additional_information4,additional_information5,creation_date,created_by,last_update_date,last_update_by,attribute1,attribute2,attribute3,attribute4,attribute5,attribute6,attribute7,attribute8,attribute9,attribute10,attribute11,attribute12,attribute13,attribute14,attribute15) VALUES
	(172,'Sequence','1',NULL,NULL,NULL,NULL,NULL,NULL,current_date,'riteadmin',current_date,'riteadmin',NULL,NULL,NULL,NULL,NULL,NULL,NULL,NULL,NULL,NULL,NULL,NULL,NULL,NULL,NULL),
    (172,'DocumentAccount','fin/fixedAsset/import',NULL,NULL,NULL,NULL,NULL,NULL,current_date,'riteadmin',current_date,'riteadmin',NULL,NULL,NULL,NULL,NULL,NULL,NULL,NULL,NULL,NULL,NULL,NULL,NULL,NULL,NULL),
	(172,'DocumentSecurityGroup','FAFusionImportExport',NULL,NULL,NULL,NULL,NULL,NULL,current_date,'riteadmin',current_date,'riteadmin',NULL,NULL,NULL,NULL,NULL,NULL,NULL,NULL,NULL,NULL,NULL,NULL,NULL,NULL,NULL),
	(172,'JobName','/oracle/apps/ess/financials/assets/additions/,PostMassAdditions','','',NULL,NULL,NULL,NULL,current_date,'riteadmin',current_date,'riteadmin',NULL,NULL,NULL,NULL,NULL,NULL,NULL,NULL,NULL,NULL,NULL,NULL,NULL,NULL,NULL);

-- ASSET_MASS_TRANSFERS
INSERT INTO cr_objects (object_id, object_name, object_code, user_object_name, module_code, parent_object_id, fbdi_sheet, loader_endpoint, re_con_query, sequence_in_parent, interface_table_name, rejection_table_name, ctl_file_name, xlsm_file_name, immediate_parent, batch_size, base_tables, creation_date, created_by, last_update_date, last_update_by, attribute1, attribute2, attribute3, attribute4, attribute5, attribute6, attribute7, attribute8, attribute9, attribute10, attribute11, attribute12, attribute13, attribute14, attribute15, conversion_type,cld_template_code,cld_metadata_table_name,cld_template_name) VALUES 
	(173,'Asset Mass Transfers', 'ASSET_MASS_TRANSFERS', 'Asset Mass Transfers', 'FIN', NULL, '','FBDI', NULL, NULL, '','',  '', '', NULL, 30000, NULL, current_date, 'riteadmin', current_date, 'riteadmin', NULL, NULL, NULL, NULL,NULL, NULL, NULL, NULL, NULL, NULL, NULL, NULL, NULL, NULL, NULL,'DATA_MIGRATION', NULL, NULL, NULL);

INSERT INTO cr_objects (object_id, object_name, object_code, user_object_name, module_code, parent_object_id, fbdi_sheet, loader_endpoint, re_con_query, sequence_in_parent, interface_table_name, rejection_table_name, ctl_file_name, xlsm_file_name, immediate_parent, batch_size, base_tables, creation_date, created_by, last_update_date, last_update_by, attribute1, attribute2, attribute3, attribute4, attribute5, attribute6, attribute7, attribute8, attribute9, attribute10, attribute11, attribute12, attribute13, attribute14, attribute15, conversion_type,cld_template_code,cld_metadata_table_name,cld_template_name) VALUES 
	(174,'Mass Transfers Import', 'MASS_TRANSFERS_IMPORT', 'Mass Transfers Import', 'FIN', 173, 'FA_TRANSFERS_T','FBDI', NULL, 1, 'FA_TRANSFERS_T','',  'FaTransfersT', 'FixedAssetMassTransfersImportTemplate', NULL, 30000, 'FA_TRANSACTION_HEADERS', current_date, 'riteadmin', current_date, 'riteadmin', NULL, NULL, NULL, NULL,NULL, NULL, NULL, NULL, NULL, NULL, NULL, NULL, NULL, NULL, NULL,'DATA_MIGRATION', 'MASS_TRANSFERS_IMPORT', 'CR_MASS_TRANSFERS_IMPORT_C', 'CR_MASS_TRANSFERS_IMPORT_CLD');

INSERT INTO cr_object_information (object_id,info_type,info_value,info_description,additional_information1,additional_information2,additional_information3,additional_information4,additional_information5,creation_date,created_by,last_update_date,last_update_by,attribute1,attribute2,attribute3,attribute4,attribute5,attribute6,attribute7,attribute8,attribute9,attribute10,attribute11,attribute12,attribute13,attribute14,attribute15) VALUES
	(174,'Sequence','1',NULL,NULL,NULL,NULL,NULL,NULL,current_date,'riteadmin',current_date,'riteadmin',NULL,NULL,NULL,NULL,NULL,NULL,NULL,NULL,NULL,NULL,NULL,NULL,NULL,NULL,NULL),
    (174,'DocumentAccount','fin/fixedAsset/import',NULL,NULL,NULL,NULL,NULL,NULL,current_date,'riteadmin',current_date,'riteadmin',NULL,NULL,NULL,NULL,NULL,NULL,NULL,NULL,NULL,NULL,NULL,NULL,NULL,NULL,NULL),
	(174,'DocumentSecurityGroup','FAFusionImportExport',NULL,NULL,NULL,NULL,NULL,NULL,current_date,'riteadmin',current_date,'riteadmin',NULL,NULL,NULL,NULL,NULL,NULL,NULL,NULL,NULL,NULL,NULL,NULL,NULL,NULL,NULL),
	(174,'JobName','/oracle/apps/ess/financials/assets/tracking/massTransfers/,PostMassTransfers','','',NULL,NULL,NULL,NULL,current_date,'riteadmin',current_date,'riteadmin',NULL,NULL,NULL,NULL,NULL,NULL,NULL,NULL,NULL,NULL,NULL,NULL,NULL,NULL,NULL);

INSERT INTO cr_objects (object_id, object_name, object_code, user_object_name, module_code, parent_object_id, fbdi_sheet, loader_endpoint, re_con_query, sequence_in_parent, interface_table_name, rejection_table_name, ctl_file_name, xlsm_file_name, immediate_parent, batch_size, base_tables, creation_date, created_by, last_update_date, last_update_by, attribute1, attribute2, attribute3, attribute4, attribute5, attribute6, attribute7, attribute8, attribute9, attribute10, attribute11, attribute12, attribute13, attribute14, attribute15, conversion_type,cld_template_code,cld_metadata_table_name,cld_template_name) VALUES 
	(175,'Mass Transfer Distribtions Import', 'MASS_TRANSFER_DISTRIBTIONS_IMPORT', 'Mass Transfer Distribtions Import', 'FIN', 173, 'FA_TRANSFER_DISTS_T','FBDI', NULL, 2, 'FA_TRANSFER_DISTS_T','',  'FaTransferDistsT', 'FixedAssetMassTransfersImportTemplate', NULL, 30000, 'FA_TRANSACTION_HEADERS', current_date, 'riteadmin', current_date, 'riteadmin', NULL, NULL, NULL, NULL,NULL, NULL, NULL, NULL, NULL, NULL, NULL, NULL, NULL, NULL, NULL,'DATA_MIGRATION', 'MASS_TRANSFER_DISTRIBTIONS_IMP', 'CR_MASS_TRANSFER_DISTRIBTIONS_IMP_C', 'CR_MASS_TRANSFER_DISTRIBTIONS_IMP_CLD');

INSERT INTO cr_object_information (object_id,info_type,info_value,info_description,additional_information1,additional_information2,additional_information3,additional_information4,additional_information5,creation_date,created_by,last_update_date,last_update_by,attribute1,attribute2,attribute3,attribute4,attribute5,attribute6,attribute7,attribute8,attribute9,attribute10,attribute11,attribute12,attribute13,attribute14,attribute15) VALUES
	(175,'Sequence','2',NULL,NULL,NULL,NULL,NULL,NULL,current_date,'riteadmin',current_date,'riteadmin',NULL,NULL,NULL,NULL,NULL,NULL,NULL,NULL,NULL,NULL,NULL,NULL,NULL,NULL,NULL),
    (175,'DocumentAccount','fin/fixedAsset/import',NULL,NULL,NULL,NULL,NULL,NULL,current_date,'riteadmin',current_date,'riteadmin',NULL,NULL,NULL,NULL,NULL,NULL,NULL,NULL,NULL,NULL,NULL,NULL,NULL,NULL,NULL),
	(175,'DocumentSecurityGroup','FAFusionImportExport',NULL,NULL,NULL,NULL,NULL,NULL,current_date,'riteadmin',current_date,'riteadmin',NULL,NULL,NULL,NULL,NULL,NULL,NULL,NULL,NULL,NULL,NULL,NULL,NULL,NULL,NULL),
	(175,'JobName','/oracle/apps/ess/financials/assets/tracking/massTransfers/,PostMassTransfers','','',NULL,NULL,NULL,NULL,current_date,'riteadmin',current_date,'riteadmin',NULL,NULL,NULL,NULL,NULL,NULL,NULL,NULL,NULL,NULL,NULL,NULL,NULL,NULL,NULL);

-- ASSETS_PREVIOUS_YEAR_TAX_REPORT_DATA
INSERT INTO cr_objects (object_id, object_name, object_code, user_object_name, module_code, parent_object_id, fbdi_sheet, loader_endpoint, re_con_query, sequence_in_parent, interface_table_name, rejection_table_name, ctl_file_name, xlsm_file_name, immediate_parent, batch_size, base_tables, creation_date, created_by, last_update_date, last_update_by, attribute1, attribute2, attribute3, attribute4, attribute5, attribute6, attribute7, attribute8, attribute9, attribute10, attribute11, attribute12, attribute13, attribute14, attribute15, conversion_type,cld_template_code,cld_metadata_table_name,cld_template_name) VALUES 
	(176,'Assets Previous Year Tax Report Data', 'ASSETS_PREVIOUS_YEAR_TAX_REPORT_DATA', 'Assets Previous Year Tax Report Data', 'FIN', NULL, '','FBDI', NULL, NULL, '','',  '', '', NULL, 30000, NULL, current_date, 'riteadmin', current_date, 'riteadmin', NULL, NULL, NULL, NULL,NULL, NULL, NULL, NULL, NULL, NULL, NULL, NULL, NULL, NULL, NULL,'DATA_MIGRATION', NULL, NULL, NULL);

INSERT INTO cr_objects (object_id, object_name, object_code, user_object_name, module_code, parent_object_id, fbdi_sheet, loader_endpoint, re_con_query, sequence_in_parent, interface_table_name, rejection_table_name, ctl_file_name, xlsm_file_name, immediate_parent, batch_size, base_tables, creation_date, created_by, last_update_date, last_update_by, attribute1, attribute2, attribute3, attribute4, attribute5, attribute6, attribute7, attribute8, attribute9, attribute10, attribute11, attribute12, attribute13, attribute14, attribute15, conversion_type,cld_template_code,cld_metadata_table_name,cld_template_name) VALUES 
	(177,'Import Previous Year Tax Report Data', 'IMPORT_PREVIOUS_YEAR_TAX_REPORT_DATA', 'Import Previous Year Tax Report Data', 'FIN', 176, 'FA_DEPRN_TAX_NBVS_REP_T','FBDI', NULL, 1, 'FA_DEPRN_TAX_NBVS_REP_T','',  'FaDeprnTaxNbvsRepT', 'FixedAssetDeprnTaxRepImportTemplate', NULL, 30000, 'FA_DEPRN_TAX_AUTHORITIES', current_date, 'riteadmin', current_date, 'riteadmin', NULL, NULL, NULL, NULL,NULL, NULL, NULL, NULL, NULL, NULL, NULL, NULL, NULL, NULL, NULL,'DATA_MIGRATION', 'IMP_PREVIOUS_YEAR_TAX_REP_DATA', 'CR_IMP_PREVIOUS_YEAR_TAX_REP_DATA_C', 'CR_IMP_PREVIOUS_YEAR_TAX_REP_DATA_CLD');

INSERT INTO cr_object_information (object_id,info_type,info_value,info_description,additional_information1,additional_information2,additional_information3,additional_information4,additional_information5,creation_date,created_by,last_update_date,last_update_by,attribute1,attribute2,attribute3,attribute4,attribute5,attribute6,attribute7,attribute8,attribute9,attribute10,attribute11,attribute12,attribute13,attribute14,attribute15) VALUES
	(177,'Sequence','1',NULL,NULL,NULL,NULL,NULL,NULL,current_date,'riteadmin',current_date,'riteadmin',NULL,NULL,NULL,NULL,NULL,NULL,NULL,NULL,NULL,NULL,NULL,NULL,NULL,NULL,NULL),
    (177,'DocumentAccount','fin/fixedAsset/import',NULL,NULL,NULL,NULL,NULL,NULL,current_date,'riteadmin',current_date,'riteadmin',NULL,NULL,NULL,NULL,NULL,NULL,NULL,NULL,NULL,NULL,NULL,NULL,NULL,NULL,NULL),
	(177,'DocumentSecurityGroup','FAFusionImportExport',NULL,NULL,NULL,NULL,NULL,NULL,current_date,'riteadmin',current_date,'riteadmin',NULL,NULL,NULL,NULL,NULL,NULL,NULL,NULL,NULL,NULL,NULL,NULL,NULL,NULL,NULL),
	(177,'JobName','/oracle/apps/ess/financials/assets/shared/,JapaneseDepreciableAssetsTaxSummaryReport','','',NULL,NULL,NULL,NULL,current_date,'riteadmin',current_date,'riteadmin',NULL,NULL,NULL,NULL,NULL,NULL,NULL,NULL,NULL,NULL,NULL,NULL,NULL,NULL,NULL);

-- ASSETS_UNITS_OF_PRODUCTION
INSERT INTO cr_objects (object_id, object_name, object_code, user_object_name, module_code, parent_object_id, fbdi_sheet, loader_endpoint, re_con_query, sequence_in_parent, interface_table_name, rejection_table_name, ctl_file_name, xlsm_file_name, immediate_parent, batch_size, base_tables, creation_date, created_by, last_update_date, last_update_by, attribute1, attribute2, attribute3, attribute4, attribute5, attribute6, attribute7, attribute8, attribute9, attribute10, attribute11, attribute12, attribute13, attribute14, attribute15, conversion_type,cld_template_code,cld_metadata_table_name,cld_template_name) VALUES 
	(178,'Assets Units of production', 'ASSETS_UNITS_OF_PRODUCTION', 'Assets Units of production', 'FIN', NULL, '','FBDI', NULL, NULL, '','',  '', '', NULL, 30000, NULL, current_date, 'riteadmin', current_date, 'riteadmin', NULL, NULL, NULL, NULL,NULL, NULL, NULL, NULL, NULL, NULL, NULL, NULL, NULL, NULL, NULL,'DATA_MIGRATION', NULL, NULL, NULL);

INSERT INTO cr_objects (object_id, object_name, object_code, user_object_name, module_code, parent_object_id, fbdi_sheet, loader_endpoint, re_con_query, sequence_in_parent, interface_table_name, rejection_table_name, ctl_file_name, xlsm_file_name, immediate_parent, batch_size, base_tables, creation_date, created_by, last_update_date, last_update_by, attribute1, attribute2, attribute3, attribute4, attribute5, attribute6, attribute7, attribute8, attribute9, attribute10, attribute11, attribute12, attribute13, attribute14, attribute15, conversion_type,cld_template_code,cld_metadata_table_name,cld_template_name) VALUES
	(179,'Import Units of Production', 'IMPORT_UNITS_OF_PRODUCTION', 'Import Units of Production', 'FIN', 178, 'FA_PRODUCTION_INTERFACE','FBDI', NULL, 1, 'FA_PRODUCTION_INTERFACE','',  'FaProductionInterface', 'FixedAssetUnitsofProductionImportTemplate', NULL, 30000, 'FA_PERIODIC_PRODUCTION', current_date, 'riteadmin', current_date, 'riteadmin', NULL, NULL, NULL, NULL,NULL, NULL, NULL, NULL, NULL, NULL, NULL, NULL, NULL, NULL, NULL,'DATA_MIGRATION', 'IMPORT_UNITS_OF_PRODUCTION', 'CR_IMPORT_UNITS_OF_PRODUCTION_C', 'CR_IMPORT_UNITS_OF_PRODUCTION_CLD');

INSERT INTO cr_object_information (object_id,info_type,info_value,info_description,additional_information1,additional_information2,additional_information3,additional_information4,additional_information5,creation_date,created_by,last_update_date,last_update_by,attribute1,attribute2,attribute3,attribute4,attribute5,attribute6,attribute7,attribute8,attribute9,attribute10,attribute11,attribute12,attribute13,attribute14,attribute15) VALUES
	(179,'Sequence','1',NULL,NULL,NULL,NULL,NULL,NULL,current_date,'riteadmin',current_date,'riteadmin',NULL,NULL,NULL,NULL,NULL,NULL,NULL,NULL,NULL,NULL,NULL,NULL,NULL,NULL,NULL),
    (179,'DocumentAccount','fin/fixedAsset/import',NULL,NULL,NULL,NULL,NULL,NULL,current_date,'riteadmin',current_date,'riteadmin',NULL,NULL,NULL,NULL,NULL,NULL,NULL,NULL,NULL,NULL,NULL,NULL,NULL,NULL,NULL),
	(179,'DocumentSecurityGroup','FAFusionImportExport',NULL,NULL,NULL,NULL,NULL,NULL,current_date,'riteadmin',current_date,'riteadmin',NULL,NULL,NULL,NULL,NULL,NULL,NULL,NULL,NULL,NULL,NULL,NULL,NULL,NULL,NULL),
	(179,'JobName','/oracle/apps/ess/financials/assets/shared/,JapaneseDepreciableAssetsTaxSummaryReport','','',NULL,NULL,NULL,NULL,current_date,'riteadmin',current_date,'riteadmin',NULL,NULL,NULL,NULL,NULL,NULL,NULL,NULL,NULL,NULL,NULL,NULL,NULL,NULL,NULL);

-- ASSETS_PHYSICAL_INVENTORY_INTERFACE
INSERT INTO cr_objects (object_id, object_name, object_code, user_object_name, module_code, parent_object_id, fbdi_sheet, loader_endpoint, re_con_query, sequence_in_parent, interface_table_name, rejection_table_name, ctl_file_name, xlsm_file_name, immediate_parent, batch_size, base_tables, creation_date, created_by, last_update_date, last_update_by, attribute1, attribute2, attribute3, attribute4, attribute5, attribute6, attribute7, attribute8, attribute9, attribute10, attribute11, attribute12, attribute13, attribute14, attribute15, conversion_type,cld_template_code,cld_metadata_table_name,cld_template_name) VALUES 
	(180,'Assets Physical Inventory Interface', 'ASSETS_PHYSICAL_INVENTORY_INTERFACE', 'Assets Physical Inventory Interface', 'FIN', NULL, '','FBDI', NULL, NULL, '','',  '', '', NULL, 30000, NULL, current_date, 'riteadmin', current_date, 'riteadmin', NULL, NULL, NULL, NULL,NULL, NULL, NULL, NULL, NULL, NULL, NULL, NULL, NULL, NULL, NULL,'DATA_MIGRATION', NULL, NULL, NULL);

INSERT INTO cr_objects (object_id, object_name, object_code, user_object_name, module_code, parent_object_id, fbdi_sheet, loader_endpoint, re_con_query, sequence_in_parent, interface_table_name, rejection_table_name, ctl_file_name, xlsm_file_name, immediate_parent, batch_size, base_tables, creation_date, created_by, last_update_date, last_update_by, attribute1, attribute2, attribute3, attribute4, attribute5, attribute6, attribute7, attribute8, attribute9, attribute10, attribute11, attribute12, attribute13, attribute14, attribute15, conversion_type,cld_template_code,cld_metadata_table_name,cld_template_name) VALUES 
	(181,'Physical Inventory Interface', 'PHYSICAL_INVENTORY_INTERFACE', 'Physical Inventory Interface', 'FIN', 180, 'FA_INVENTORY_INT','FBDI', NULL, 1, 'FA_INVENTORY_INT','',  'FaInventoryInt', 'FixedAssetPhysicalInventoryTemplate', NULL, 30000, 'FA_INVENTORY', current_date, 'riteadmin', current_date, 'riteadmin', NULL, NULL, NULL, NULL,NULL, NULL, NULL, NULL, NULL, NULL, NULL, NULL, NULL, NULL, NULL,'DATA_MIGRATION', 'PHYSICAL_INVENTORY_INTERFACE', 'CR_PHYSICAL_INVENTORY_INTERFACE_C', 'CR_PHYSICAL_INVENTORY_INTERFACE_CLD');

INSERT INTO cr_object_information (object_id,info_type,info_value,info_description,additional_information1,additional_information2,additional_information3,additional_information4,additional_information5,creation_date,created_by,last_update_date,last_update_by,attribute1,attribute2,attribute3,attribute4,attribute5,attribute6,attribute7,attribute8,attribute9,attribute10,attribute11,attribute12,attribute13,attribute14,attribute15) VALUES
	(181,'Sequence','1',NULL,NULL,NULL,NULL,NULL,NULL,current_date,'riteadmin',current_date,'riteadmin',NULL,NULL,NULL,NULL,NULL,NULL,NULL,NULL,NULL,NULL,NULL,NULL,NULL,NULL,NULL),
    (181,'DocumentAccount','fin/fixedAsset/import',NULL,NULL,NULL,NULL,NULL,NULL,current_date,'riteadmin',current_date,'riteadmin',NULL,NULL,NULL,NULL,NULL,NULL,NULL,NULL,NULL,NULL,NULL,NULL,NULL,NULL,NULL),
	(181,'DocumentSecurityGroup','FAFusionImportExport',NULL,NULL,NULL,NULL,NULL,NULL,current_date,'riteadmin',current_date,'riteadmin',NULL,NULL,NULL,NULL,NULL,NULL,NULL,NULL,NULL,NULL,NULL,NULL,NULL,NULL,NULL),
	(181,'JobName','/oracle/apps/ess/financials/assets/shared/,FACOMP','','',NULL,NULL,NULL,NULL,current_date,'riteadmin',current_date,'riteadmin',NULL,NULL,NULL,NULL,NULL,NULL,NULL,NULL,NULL,NULL,NULL,NULL,NULL,NULL,NULL);

-- ASSETS_POST_MASS_UPDATE_DESCRIPTIVE_DETAILS
INSERT INTO cr_objects (object_id, object_name, object_code, user_object_name, module_code, parent_object_id, fbdi_sheet, loader_endpoint, re_con_query, sequence_in_parent, interface_table_name, rejection_table_name, ctl_file_name, xlsm_file_name, immediate_parent, batch_size, base_tables, creation_date, created_by, last_update_date, last_update_by, attribute1, attribute2, attribute3, attribute4, attribute5, attribute6, attribute7, attribute8, attribute9, attribute10, attribute11, attribute12, attribute13, attribute14, attribute15, conversion_type,cld_template_code,cld_metadata_table_name,cld_template_name) VALUES 
	(182,'Assets Post Mass Update Descriptive Details', 'ASSETS_POST_MASS_UPDATE_DESCRIPTIVE_DETAILS', 'Assets Post Mass Update Descriptive Details', 'FIN', NULL, '','FBDI', NULL, NULL, '','',  '', '', NULL, 30000, NULL, current_date, 'riteadmin', current_date, 'riteadmin', NULL, NULL, NULL, NULL,NULL, NULL, NULL, NULL, NULL, NULL, NULL, NULL, NULL, NULL, NULL,'DATA_MIGRATION', NULL, NULL, NULL);
INSERT INTO cr_objects (object_id, object_name, object_code, user_object_name, module_code, parent_object_id, fbdi_sheet, loader_endpoint, re_con_query, sequence_in_parent, interface_table_name, rejection_table_name, ctl_file_name, xlsm_file_name, immediate_parent, batch_size, base_tables, creation_date, created_by, last_update_date, last_update_by, attribute1, attribute2, attribute3, attribute4, attribute5, attribute6, attribute7, attribute8, attribute9, attribute10, attribute11, attribute12, attribute13, attribute14, attribute15, conversion_type,cld_template_code,cld_metadata_table_name,cld_template_name) VALUES 
	(183,'Post Mass Update Descriptive Details', 'POST_MASS_UPDATE_DESCRIPTIVE_DETAILS', 'Post Mass Update Descriptive Details', 'FIN', 182, 'FA_DESCRIPTIVE_DETAILS_INT','FBDI', NULL, 1, 'FA_DESCRIPTIVE_DETAILS_INT','',  'FaDescriptiveDetailsINT', 'FixedAssetUpdateDescriptiveDetailTemplate', NULL, 30000, NULL, current_date, 'riteadmin', current_date, 'riteadmin', NULL, NULL, NULL, NULL,NULL, NULL, NULL, NULL, NULL, NULL, NULL, NULL, NULL, NULL, NULL,'DATA_MIGRATION', 'POST_MASS_UPDATE_DESC_DET', 'CR_POST_MASS_UPDATE_DESC_DET_C', 'CR_POST_MASS_UPDATE_DESC_DET_CLD');

INSERT INTO cr_object_information (object_id,info_type,info_value,info_description,additional_information1,additional_information2,additional_information3,additional_information4,additional_information5,creation_date,created_by,last_update_date,last_update_by,attribute1,attribute2,attribute3,attribute4,attribute5,attribute6,attribute7,attribute8,attribute9,attribute10,attribute11,attribute12,attribute13,attribute14,attribute15) VALUES
	(183,'Sequence','1',NULL,NULL,NULL,NULL,NULL,NULL,current_date,'riteadmin',current_date,'riteadmin',NULL,NULL,NULL,NULL,NULL,NULL,NULL,NULL,NULL,NULL,NULL,NULL,NULL,NULL,NULL),
    (183,'DocumentAccount','fin/fixedAsset/import',NULL,NULL,NULL,NULL,NULL,NULL,current_date,'riteadmin',current_date,'riteadmin',NULL,NULL,NULL,NULL,NULL,NULL,NULL,NULL,NULL,NULL,NULL,NULL,NULL,NULL,NULL),
	(183,'DocumentSecurityGroup','FAFusionImportExport',NULL,NULL,NULL,NULL,NULL,NULL,current_date,'riteadmin',current_date,'riteadmin',NULL,NULL,NULL,NULL,NULL,NULL,NULL,NULL,NULL,NULL,NULL,NULL,NULL,NULL,NULL),
	(183,'JobName','/oracle/apps/ess/financials/assets/tracking/massTransfers/,PostMassUpdateDescDetails','','',NULL,NULL,NULL,NULL,current_date,'riteadmin',current_date,'riteadmin',NULL,NULL,NULL,NULL,NULL,NULL,NULL,NULL,NULL,NULL,NULL,NULL,NULL,NULL,NULL);

-- PAYABLES_PAYMENT_REQUEST
INSERT INTO cr_objects (object_id, object_name, object_code, user_object_name, module_code, parent_object_id, fbdi_sheet, loader_endpoint, re_con_query, sequence_in_parent, interface_table_name, rejection_table_name, ctl_file_name, xlsm_file_name, immediate_parent, batch_size, base_tables, creation_date, created_by, last_update_date, last_update_by, attribute1, attribute2, attribute3, attribute4, attribute5, attribute6, attribute7, attribute8, attribute9, attribute10, attribute11, attribute12, attribute13, attribute14, attribute15, conversion_type,cld_template_code,cld_metadata_table_name,cld_template_name) VALUES 
	(184,'Payables Payment Request', 'PAYABLES_PAYMENT_REQUEST', 'Payables Payment Request', 'FIN', NULL, '','FBDI', NULL, NULL, '','',  '', '', NULL, 30000, NULL, current_date, 'riteadmin', current_date, 'riteadmin', NULL, NULL, NULL, NULL,NULL, NULL, NULL, NULL, NULL, NULL, NULL, NULL, NULL, NULL, NULL,'DATA_MIGRATION', NULL, NULL, NULL);

INSERT INTO cr_objects (object_id, object_name, object_code, user_object_name, module_code, parent_object_id, fbdi_sheet, loader_endpoint, re_con_query, sequence_in_parent, interface_table_name, rejection_table_name, ctl_file_name, xlsm_file_name, immediate_parent, batch_size, base_tables, creation_date, created_by, last_update_date, last_update_by, attribute1, attribute2, attribute3, attribute4, attribute5, attribute6, attribute7, attribute8, attribute9, attribute10, attribute11, attribute12, attribute13, attribute14, attribute15, conversion_type,cld_template_code,cld_metadata_table_name,cld_template_name) VALUES 
	(185,'Payables Payment Request Import', 'PAYABLES_PAYMENT_REQUEST_IMPORT', 'Payables Payment Request Import', 'FIN', 184, 'AP_PAYMENT_REQUESTS_INT','FBDI', NULL, 1, 'AP_PAYMENT_REQUESTS_INT','AP_INTERFACE_REJECTIONS',  'ApPaymentRequestsInterface', 'PayablesPaymentRequestImportTemplate', NULL, 30000, 'AP_INVOICES_ALL', current_date, 'riteadmin', current_date, 'riteadmin', NULL, NULL, NULL, NULL,NULL, NULL, NULL, NULL, NULL, NULL, NULL, NULL, NULL, NULL, NULL,'DATA_MIGRATION', 'PAYABLES_PAYMENT_REQUEST_IMP', 'CR_PAYABLES_PAYMENT_REQUEST_IMP_C', 'CR_PAYABLES_PAYMENT_REQUEST_IMP_CLD');

INSERT INTO cr_object_information (object_id,info_type,info_value,info_description,additional_information1,additional_information2,additional_information3,additional_information4,additional_information5,creation_date,created_by,last_update_date,last_update_by,attribute1,attribute2,attribute3,attribute4,attribute5,attribute6,attribute7,attribute8,attribute9,attribute10,attribute11,attribute12,attribute13,attribute14,attribute15) VALUES
	(185,'Sequence','1',NULL,NULL,NULL,NULL,NULL,NULL,current_date,'riteadmin',current_date,'riteadmin',NULL,NULL,NULL,NULL,NULL,NULL,NULL,NULL,NULL,NULL,NULL,NULL,NULL,NULL,NULL),
    (185,'DocumentAccount','fin/payables/import',NULL,NULL,NULL,NULL,NULL,NULL,current_date,'riteadmin',current_date,'riteadmin',NULL,NULL,NULL,NULL,NULL,NULL,NULL,NULL,NULL,NULL,NULL,NULL,NULL,NULL,NULL),
	(185,'DocumentSecurityGroup','FAFusionImportExport',NULL,NULL,NULL,NULL,NULL,NULL,current_date,'riteadmin',current_date,'riteadmin',NULL,NULL,NULL,NULL,NULL,NULL,NULL,NULL,NULL,NULL,NULL,NULL,NULL,NULL,NULL),
	(185,'JobName','/oracle/apps/ess/financials/payables/invoices/transactions/,APXPRIMPT','','',NULL,NULL,NULL,NULL,current_date,'riteadmin',current_date,'riteadmin',NULL,NULL,NULL,NULL,NULL,NULL,NULL,NULL,NULL,NULL,NULL,NULL,NULL,NULL,NULL);


-- PAYABLES_STANDARD_INVOICE
INSERT INTO cr_objects (object_id, object_name, object_code, user_object_name, module_code, parent_object_id, fbdi_sheet, loader_endpoint, re_con_query, sequence_in_parent, interface_table_name, rejection_table_name, ctl_file_name, xlsm_file_name, immediate_parent, batch_size, base_tables, creation_date, created_by, last_update_date, last_update_by, attribute1, attribute2, attribute3, attribute4, attribute5, attribute6, attribute7, attribute8, attribute9, attribute10, attribute11, attribute12, attribute13, attribute14, attribute15, conversion_type,cld_template_code,cld_metadata_table_name,cld_template_name) VALUES 
	(186,'Payables Standard Invoice', 'PAYABLES_STANDARD_INVOICE', 'Payables Standard Invoice', 'FIN', NULL, '','FBDI', NULL, NULL, '','',  '', '', NULL, 30000, NULL, current_date, 'riteadmin', current_date, 'riteadmin', NULL, NULL, NULL, NULL,NULL, NULL, NULL, NULL, NULL, NULL, NULL, NULL, NULL, NULL, NULL,'DATA_MIGRATION', NULL, NULL, NULL);

INSERT INTO cr_objects (object_id, object_name, object_code, user_object_name, module_code, parent_object_id, fbdi_sheet, loader_endpoint, re_con_query, sequence_in_parent, interface_table_name, rejection_table_name, ctl_file_name, xlsm_file_name, immediate_parent, batch_size, base_tables, creation_date, created_by, last_update_date, last_update_by, attribute1, attribute2, attribute3, attribute4, attribute5, attribute6, attribute7, attribute8, attribute9, attribute10, attribute11, attribute12, attribute13, attribute14, attribute15, conversion_type,cld_template_code,cld_metadata_table_name,cld_template_name) VALUES 
	(187,'Invoice Header Import', 'INVOICE_HEADER_IMPORT', 'Invoice Header Import', 'FIN', NULL, 'AP_INVOICES_INTERFACE','FBDI', 186, 1, 'AP_INVOICES_INTERFACE','AP_ERRORS_GT',  'ApInvoicesInterface', 'PayablesStandardInvoiceImportTemplate', NULL, 30000, 'AP_INVOICES_ALL', current_date, 'riteadmin', current_date, 'riteadmin', NULL, NULL, NULL, NULL,NULL, NULL, NULL, NULL, NULL, NULL, NULL, NULL, NULL, NULL, NULL,'DATA_MIGRATION', 'INVOICE_HEADER_IMPORT', 'CR_INVOICE_HEADER_IMPORT_C', 'CR_INVOICE_HEADER_IMPORT_CLD');

INSERT INTO cr_object_information (object_id,info_type,info_value,info_description,additional_information1,additional_information2,additional_information3,additional_information4,additional_information5,creation_date,created_by,last_update_date,last_update_by,attribute1,attribute2,attribute3,attribute4,attribute5,attribute6,attribute7,attribute8,attribute9,attribute10,attribute11,attribute12,attribute13,attribute14,attribute15) VALUES
	 (187,'Sequence','1',NULL,NULL,NULL,NULL,NULL,NULL,current_date,'riteadmin',current_date,'riteadmin',NULL,NULL,NULL,NULL,NULL,NULL,NULL,NULL,NULL,NULL,NULL,NULL,NULL,NULL,NULL),
     (187,'DocumentAccount','fin/payables/import',NULL,NULL,NULL,NULL,NULL,NULL,current_date,'riteadmin',current_date,'riteadmin',NULL,NULL,NULL,NULL,NULL,NULL,NULL,NULL,NULL,NULL,NULL,NULL,NULL,NULL,NULL),
	 (187,'DocumentSecurityGroup','FAFusionImportExport',NULL,NULL,NULL,NULL,NULL,NULL,current_date,'riteadmin',current_date,'riteadmin',NULL,NULL,NULL,NULL,NULL,NULL,NULL,NULL,NULL,NULL,NULL,NULL,NULL,NULL,NULL),
	 (187,'JobName','/oracle/apps/ess/financials/payables/invoices/transactions/,APXIIMPT','','',NULL,NULL,NULL,NULL,current_date,'riteadmin',current_date,'riteadmin',NULL,NULL,NULL,NULL,NULL,NULL,NULL,NULL,NULL,NULL,NULL,NULL,NULL,NULL,NULL);

INSERT INTO cr_objects (object_id, object_name, object_code, user_object_name, module_code, parent_object_id, fbdi_sheet, loader_endpoint, re_con_query, sequence_in_parent, interface_table_name, rejection_table_name, ctl_file_name, xlsm_file_name, immediate_parent, batch_size, base_tables, creation_date, created_by, last_update_date, last_update_by, attribute1, attribute2, attribute3, attribute4, attribute5, attribute6, attribute7, attribute8, attribute9, attribute10, attribute11, attribute12, attribute13, attribute14, attribute15, conversion_type,cld_template_code,cld_metadata_table_name,cld_template_name) VALUES 
	(188,'Invoice Lines Import', 'INVOICE_LINES_IMPORT', 'Invoice Lines Import', 'FIN', NULL, 'AP_INVOICE_LINES_INTERFACE','FBDI', 186, 2, 'AP_INVOICE_LINES_INTERFACE','AP_ERRORS_GT',  'ApInvoiceLinesInterface', 'PayablesStandardInvoiceImportTemplate', NULL, 30000, 'AP_INVOICE_LINES_ALL', current_date, 'riteadmin', current_date, 'riteadmin', NULL, NULL, NULL, NULL,NULL, NULL, NULL, NULL, NULL, NULL, NULL, NULL, NULL, NULL, NULL,'DATA_MIGRATION', 'INVOICE_LINES_IMPORT', 'CR_INVOICE_LINES_IMPORT_C', 'CR_INVOICE_LINES_IMPORT_CLD');

INSERT INTO cr_object_information (object_id,info_type,info_value,info_description,additional_information1,additional_information2,additional_information3,additional_information4,additional_information5,creation_date,created_by,last_update_date,last_update_by,attribute1,attribute2,attribute3,attribute4,attribute5,attribute6,attribute7,attribute8,attribute9,attribute10,attribute11,attribute12,attribute13,attribute14,attribute15) VALUES
	(188,'Sequence','2',NULL,NULL,NULL,NULL,NULL,NULL,current_date,'riteadmin',current_date,'riteadmin',NULL,NULL,NULL,NULL,NULL,NULL,NULL,NULL,NULL,NULL,NULL,NULL,NULL,NULL,NULL),
    	(188,'DocumentAccount','fin/payables/import',NULL,NULL,NULL,NULL,NULL,NULL,current_date,'riteadmin',current_date,'riteadmin',NULL,NULL,NULL,NULL,NULL,NULL,NULL,NULL,NULL,NULL,NULL,NULL,NULL,NULL,NULL),
	(188,'DocumentSecurityGroup','FAFusionImportExport',NULL,NULL,NULL,NULL,NULL,NULL,current_date,'riteadmin',current_date,'riteadmin',NULL,NULL,NULL,NULL,NULL,NULL,NULL,NULL,NULL,NULL,NULL,NULL,NULL,NULL,NULL),
	(188,'JobName','/oracle/apps/ess/financials/payables/invoices/transactions/,APXIIMPT','','',NULL,NULL,NULL,NULL,current_date,'riteadmin',current_date,'riteadmin',NULL,NULL,NULL,NULL,NULL,NULL,NULL,NULL,NULL,NULL,NULL,NULL,NULL,NULL,NULL);


-- Standard Costs
INSERT INTO cr_objects (object_id, object_name, object_code, user_object_name, module_code, parent_object_id, fbdi_sheet, hdl_sheet, loader_endpoint, re_con_query, sequence_in_parent, interface_table_name, rejection_table_name, ctl_file_name, xlsm_file_name, immediate_parent, batch_size, base_tables, creation_date, created_by, last_update_date, last_update_by, attribute1, attribute2, attribute3, attribute4, attribute5, attribute6, attribute7, attribute8, attribute9, attribute10, attribute11, attribute12, attribute13, attribute14, attribute15, conversion_type,cld_template_code,cld_metadata_table_name,cld_template_name) VALUES 
	(189,'Standard Costs', 'STANDARD_COSTS', 'Standard Costs', 'SCM', NULL, '',NULL,'FBDI', NULL, NULL, '',  '', '', NULL,null, 30000, NULL, current_date, 'riteadmin', current_date, 'riteadmin', NULL, NULL, NULL, NULL,NULL, NULL, NULL, NULL, NULL, NULL, NULL, NULL, NULL, NULL, NULL,'DATA_MIGRATION', NULL, NULL, NULL);

-- Standard Cost Headers
INSERT INTO cr_objects (object_id, object_name, object_code, user_object_name, module_code, parent_object_id, fbdi_sheet, hdl_sheet, loader_endpoint, re_con_query, sequence_in_parent, interface_table_name, rejection_table_name, ctl_file_name, xlsm_file_name, immediate_parent, batch_size, base_tables, creation_date, created_by, last_update_date, last_update_by, attribute1, attribute2, attribute3, attribute4, attribute5, attribute6, attribute7, attribute8, attribute9, attribute10, attribute11, attribute12, attribute13, attribute14, attribute15, conversion_type,cld_template_code,cld_metadata_table_name,cld_template_name) VALUES 
	(190,'Standard Cost Headers', 'STANDARD_COST_HEADERS', 'Standard Cost Headers', 'SCM', 189, 'CST_INTERFACE_STD_COST_HEADERS',NULL,'FBDI', NULL, 1, 'CST_INTERFACE_STD_COST_HEADERS','CST_INTERFACE_MESSAGES', 'CstStdCostHeadersInterface', 'StandardCostImportTemplate', NULL, 30000, 'CST_STD_COSTS', current_date, 'riteadmin', current_date, 'riteadmin', NULL, NULL, NULL, NULL,NULL, NULL, NULL, NULL, NULL, NULL, NULL, NULL, NULL, NULL, NULL,'DATA_MIGRATION', 'STANDARD_COST_HEADERS', 'CR_STANDARD_COST_HEADERS_C', 'CR_STANDARD_COST_HEADERS_CLD');

INSERT INTO cr_object_information (object_id,info_type,info_value,info_description,additional_information1,additional_information2,additional_information3,additional_information4,additional_information5,creation_date,created_by,last_update_date,last_update_by,attribute1,attribute2,attribute3,attribute4,attribute5,attribute6,attribute7,attribute8,attribute9,attribute10,attribute11,attribute12,attribute13,attribute14,attribute15) VALUES
	(190,'RECON_CLOUD_FAIL_COUNT','SELECT  count(1)  FROM    CST_INTERFACE_STD_COST_HEADERS  WHERE    PROCESSING_STATUS <> ''S''  AND load_request_id = '':load_request_id''','','',NULL,NULL,NULL,NULL,current_date,'riteadmin',current_date,'riteadmin',NULL,NULL,NULL,NULL,NULL,NULL,NULL,NULL,NULL,NULL,NULL,NULL,NULL,NULL,NULL),
	(190,'InterfaceDetails','34','','',NULL,NULL,NULL,NULL,current_date,'riteadmin',current_date,'riteadmin',NULL,NULL,NULL,NULL,NULL,NULL,NULL,NULL,NULL,NULL,NULL,NULL,NULL,NULL,NULL),
	(190,'JobName','/oracle/apps/ess/scm/costing/standardCosts/stdCostInterface,cstStdCostInterfaceJob','','',NULL,NULL,NULL,NULL,current_date,'riteadmin',current_date,'riteadmin',NULL,NULL,NULL,NULL,NULL,NULL,NULL,NULL,NULL,NULL,NULL,NULL,NULL,NULL,NULL),
	(190,'Sequence','1','','',NULL,NULL,NULL,NULL,current_date,'riteadmin',current_date,'riteadmin',NULL,NULL,NULL,NULL,NULL,NULL,NULL,NULL,NULL,NULL,NULL,NULL,NULL,NULL,NULL),
	(190,'DocumentAccount','scm/standardCost/import','','',NULL,NULL,NULL,NULL,current_date,'riteadmin',current_date,'riteadmin',NULL,NULL,NULL,NULL,NULL,NULL,NULL,NULL,NULL,NULL,NULL,NULL,NULL,NULL,NULL),
	(190,'DocumentSecurityGroup','FAFusionImportExport','','',NULL,NULL,NULL,NULL,current_date,'riteadmin',current_date,'riteadmin',NULL,NULL,NULL,NULL,NULL,NULL,NULL,NULL,NULL,NULL,NULL,NULL,NULL,NULL,NULL),
	(190,'RECON_CLOUD_SUCCESS','SELECT      :src_cols FROM     CST_INTERFACE_STD_COST_HEADERS int,     CST_STD_COSTS base,     EGP_SYSTEM_ITEMS_B Item_base,     :cld_stg_table cld_stg,      :src_stg_table src_stg WHERE     1 = 1     AND int.PROCESSING_STATUS = ''S''     AND cld_stg.cr_batch_name = '':cr_batch_name''     AND int.load_request_id ='':load_request_id''     AND src_stg.orig_trans_id = cld_stg.orig_trans_id     AND cld_stg.EXTERNAL_SYSTEM_REF_ID = int.EXTERNAL_SYSTEM_REF_ID     AND cld_stg.ITEM_NUMBER = int.ITEM_NUMBER     AND int.ITEM_NUMBER = Item_base.ITEM_NUMBER     AND Item_base.inventory_item_id = base.inventory_item_id     AND Item_base.organization_id = base.INVENTORY_ORG_ID','','base.std_cost_id       base_std_cost_id,     base.cost_org_id       base_cost_org_id,     base.inventory_item_id base_inventory_item_id,     base.inventory_org_id  base_inventory_org_id,     base.total_cost        base_total_cost,     base.currency_code     base_currency_code',NULL,NULL,NULL,NULL,current_date,'riteadmin',current_date,'riteadmin',NULL,NULL,NULL,NULL,NULL,NULL,NULL,NULL,NULL,NULL,NULL,NULL,NULL,NULL,NULL),
	(190,'RECON_CLOUD_FAIL','SELECT     :src_cols     ||     '',''     || ''"''     || (         SELECT             LISTAGG(message_text, '','') WITHIN GROUP(             ORDER BY                 EXTERNAL_SYSTEM_REF_ID             ) error_msg         FROM             CST_INTERFACE_MESSAGES         WHERE                 EXTERNAL_SYSTEM_REFERENCE = int.EXTERNAL_SYSTEM_REFERENCE             AND EXTERNAL_SYSTEM_REF_ID = int.EXTERNAL_SYSTEM_REF_ID         GROUP BY             EXTERNAL_SYSTEM_REF_ID || ''"''     ) reject_lookup_code FROM     CST_INTERFACE_STD_COST_HEADERS int,     :cld_stg_table cld_stg,     :src_stg_table src_stg WHERE     1=1     AND int.PROCESSING_STATUS <> ''S''     AND cld_stg.cr_batch_name ='':cr_batch_name''     AND int.load_request_id = '':load_request_id''     AND src_stg.orig_trans_id = cld_stg.orig_trans_id     AND cld_stg.EXTERNAL_SYSTEM_REF_ID = int.EXTERNAL_SYSTEM_REF_ID     AND cld_stg.ITEM_NUMBER = int.ITEM_NUMBER     AND src_stg.cr_batch_name = cld_stg.cr_batch_name','','',NULL,NULL,NULL,NULL,current_date,'riteadmin',current_date,'riteadmin',NULL,NULL,NULL,NULL,NULL,NULL,NULL,NULL,NULL,NULL,NULL,NULL,NULL,NULL,NULL);
	

-- Standard Cost Details
INSERT INTO cr_objects (object_id, object_name, object_code, user_object_name, module_code, parent_object_id, fbdi_sheet, hdl_sheet, loader_endpoint, re_con_query, sequence_in_parent, interface_table_name, rejection_table_name, ctl_file_name, xlsm_file_name, immediate_parent, batch_size, base_tables, creation_date, created_by, last_update_date, last_update_by, attribute1, attribute2, attribute3, attribute4, attribute5, attribute6, attribute7, attribute8, attribute9, attribute10, attribute11, attribute12, attribute13, attribute14, attribute15, conversion_type,cld_template_code,cld_metadata_table_name,cld_template_name) VALUES 
	(191,'Standard Cost Details', 'STANDARD_COST_DETAILS', 'Standard Cost Details', 'SCM', 189, 'CST_INTERFACE_STD_COST_DETAILS',NULL,'FBDI', NULL, 2, 'CST_INTERFACE_STD_COST_DETAILS', 'CST_INTERFACE_MESSAGES', 'CstStdCostDetailsInterface', 'StandardCostImportTemplate', NULL, 30000, 'CST_STD_COST_DETAILS', current_date, 'riteadmin', current_date, 'riteadmin', NULL, NULL, NULL, NULL,NULL, NULL, NULL, NULL, NULL, NULL, NULL, NULL, NULL, NULL, NULL,'DATA_MIGRATION', 'STANDARD_COST_DETAILS', 'CR_STANDARD_COST_DETAILS_C', 'CR_STANDARD_COST_DETAILS_CLD');

INSERT INTO cr_object_information (object_id,info_type,info_value,info_description,additional_information1,additional_information2,additional_information3,additional_information4,additional_information5,creation_date,created_by,last_update_date,last_update_by,attribute1,attribute2,attribute3,attribute4,attribute5,attribute6,attribute7,attribute8,attribute9,attribute10,attribute11,attribute12,attribute13,attribute14,attribute15) VALUES
	 (191,'Sequence','2','','',NULL,NULL,NULL,NULL,current_date,'riteadmin',current_date,'riteadmin',NULL,NULL,NULL,NULL,NULL,NULL,NULL,NULL,NULL,NULL,NULL,NULL,NULL,NULL,NULL),
	 (191,'DocumentAccount','scm/inventoryTransaction/import','','',NULL,NULL,NULL,NULL,current_date,'riteadmin',current_date,'riteadmin',NULL,NULL,NULL,NULL,NULL,NULL,NULL,NULL,NULL,NULL,NULL,NULL,NULL,NULL,NULL),
	 (191,'DocumentSecurityGroup','FAFusionImportExport','','',NULL,NULL,NULL,NULL,current_date,'riteadmin',current_date,'riteadmin',NULL,NULL,NULL,NULL,NULL,NULL,NULL,NULL,NULL,NULL,NULL,NULL,NULL,NULL,NULL),
	 (191,'InterfaceDetails','33','','',NULL,NULL,NULL,NULL,current_date,'riteadmin',current_date,'riteadmin',NULL,NULL,NULL,NULL,NULL,NULL,NULL,NULL,NULL,NULL,NULL,NULL,NULL,NULL,NULL),
	 (191,'JobName','/oracle/apps/ess/scm/inventory/materialTransactions/txnManager/,PollTMEssJob','','',NULL,NULL,NULL,NULL,current_date,'riteadmin',current_date,'riteadmin',NULL,NULL,NULL,NULL,NULL,NULL,NULL,NULL,NULL,NULL,NULL,NULL,NULL,NULL,NULL);

-- WORK_DEFINITION
INSERT INTO cr_objects (object_id,object_name,object_code,user_object_name,module_code,parent_object_id,fbdi_sheet,hdl_sheet,loader_endpoint,re_con_query,sequence_in_parent,interface_table_name,rejection_table_name,ctl_file_name,xlsm_file_name,immediate_parent,batch_size,base_tables,creation_date,created_by,last_update_date,last_update_by,attribute1,attribute2,attribute3,attribute4,attribute5,attribute6,attribute7,attribute8,attribute9,attribute10,attribute11,attribute12,attribute13,attribute14,attribute15,conversion_type,cld_template_code,cld_metadata_table_name,cld_template_name) VALUES
	(192,'Work Definition','WORK_DEFINITION','Work Definition','SCM',NULL,'',NULL,'FBDI',NULL,NULL,'','','','',NULL,30000,NULL,current_date,'riteadmin',current_date,'riteadmin',NULL,NULL,NULL,NULL,NULL,NULL,NULL,NULL,NULL,NULL,NULL,NULL,NULL,NULL,NULL,'DATA_MIGRATION',NULL,NULL,NULL);

INSERT INTO cr_objects (object_id,object_name,object_code,user_object_name,module_code,parent_object_id,fbdi_sheet,hdl_sheet,loader_endpoint,re_con_query,sequence_in_parent,interface_table_name,rejection_table_name,ctl_file_name,xlsm_file_name,immediate_parent,batch_size,base_tables,creation_date,created_by,last_update_date,last_update_by,attribute1,attribute2,attribute3,attribute4,attribute5,attribute6,attribute7,attribute8,attribute9,attribute10,attribute11,attribute12,attribute13,attribute14,attribute15,conversion_type,cld_template_code,cld_metadata_table_name,cld_template_name) VALUES
    (193,'Wie Batch','WIE_BATCH','Wie Batch','SCM',192,'WIE_INT_BATCHES_B',NULL,'FBDI',NULL,1,'WIE_INT_BATCHES_B','WIE_INT_ERRORS','WisWdBatches','WorkDefinitionTemplate',NULL,30000,NULL,current_date,'riteadmin',current_date,'riteadmin',NULL,NULL,NULL,NULL,NULL,NULL,NULL,NULL,NULL,NULL,NULL,NULL,NULL,NULL,NULL,'DATA_MIGRATION','WIE_BATCH','CR_WIE_BATCH_C','CR_WIE_BATCH_CLD');
INSERT INTO cr_object_information (object_id,info_type,info_value,info_description,additional_information1,additional_information2,additional_information3,additional_information4,additional_information5,creation_date,created_by,last_update_date,last_update_by,attribute1,attribute2,attribute3,attribute4,attribute5,attribute6,attribute7,attribute8,attribute9,attribute10,attribute11,attribute12,attribute13,attribute14,attribute15) VALUES
	 (193,'JobName','/oracle/apps/ess/scm/commonWorkSetup/workDefinitions/massImport/,ImportWorkDefinitionJob','','',NULL,NULL,NULL,NULL,current_date,'riteadmin',current_date,'riteadmin',NULL,NULL,NULL,NULL,NULL,NULL,NULL,NULL,NULL,NULL,NULL,NULL,NULL,NULL,NULL),
	 (193,'Sequence','1','','',NULL,NULL,NULL,NULL,current_date,'riteadmin',current_date,'riteadmin',NULL,NULL,NULL,NULL,NULL,NULL,NULL,NULL,NULL,NULL,NULL,NULL,NULL,NULL,NULL),
	 (193,'DocumentAccount','scm/wis/WorkDefinition','','',NULL,NULL,NULL,NULL,current_date,'riteadmin',current_date,'riteadmin',NULL,NULL,NULL,NULL,NULL,NULL,NULL,NULL,NULL,NULL,NULL,NULL,NULL,NULL,NULL),
	 (193,'DocumentSecurityGroup','FAFusionImportExport','','',NULL,NULL,NULL,NULL,current_date,'riteadmin',current_date,'riteadmin',NULL,NULL,NULL,NULL,NULL,NULL,NULL,NULL,NULL,NULL,NULL,NULL,NULL,NULL,NULL),
	 (193,'InterfaceDetails','133','','',NULL,NULL,NULL,NULL,current_date,'riteadmin',current_date,'riteadmin',NULL,NULL,NULL,NULL,NULL,NULL,NULL,NULL,NULL,NULL,NULL,NULL,NULL,NULL,NULL);

INSERT INTO cr_objects (object_id,object_name,object_code,user_object_name,module_code,parent_object_id,fbdi_sheet,hdl_sheet,loader_endpoint,re_con_query,sequence_in_parent,interface_table_name,rejection_table_name,ctl_file_name,xlsm_file_name,immediate_parent,batch_size,base_tables,creation_date,created_by,last_update_date,last_update_by,attribute1,attribute2,attribute3,attribute4,attribute5,attribute6,attribute7,attribute8,attribute9,attribute10,attribute11,attribute12,attribute13,attribute14,attribute15,conversion_type,cld_template_code,cld_metadata_table_name,cld_template_name) VALUES
    (194,'Wis Work Definition Header','WIS_WORK_DEFINITION_HEADER','Wis Work Definition Header','SCM',192,'WIS_WORK_DEFINITIONS_INT','','FBDI',NULL,NULL,'WIS_WORK_DEFINITIONS_INT','WIE_INT_ERRORS','WisWorkDefinitionsInt','WorkDefinitionTemplate',NULL,30000,'WIS_WORK_DEFINITIONS',current_date,'riteadmin',current_date,'riteadmin',NULL,NULL,NULL,NULL,NULL,NULL,NULL,NULL,NULL,NULL,NULL,NULL,NULL,NULL,NULL,'DATA_MIGRATION','WIS_WORK_DEFINITION_HEADER','CR_WIS_WORK_DEFINITION_HEADER_C','CR_WIS_WORK_DEFINITION_HEADER_CLD');

INSERT INTO cr_object_information (object_id,info_type,info_value,info_description,additional_information1,additional_information2,additional_information3,additional_information4,additional_information5,creation_date,created_by,last_update_date,last_update_by,attribute1,attribute2,attribute3,attribute4,attribute5,attribute6,attribute7,attribute8,attribute9,attribute10,attribute11,attribute12,attribute13,attribute14,attribute15) VALUES
	 (194,'JobName','/oracle/apps/ess/scm/commonWorkSetup/workDefinitions/massImport/,ImportWorkDefinitionJob','','',NULL,NULL,NULL,NULL,current_date,'riteadmin',current_date,'riteadmin',NULL,NULL,NULL,NULL,NULL,NULL,NULL,NULL,NULL,NULL,NULL,NULL,NULL,NULL,NULL),
	 (194,'Sequence','2','','',NULL,NULL,NULL,NULL,current_date,'riteadmin',current_date,'riteadmin',NULL,NULL,NULL,NULL,NULL,NULL,NULL,NULL,NULL,NULL,NULL,NULL,NULL,NULL,NULL),
	 (194,'DocumentAccount','scm/wis/WorkDefinition','','',NULL,NULL,NULL,NULL,current_date,'riteadmin',current_date,'riteadmin',NULL,NULL,NULL,NULL,NULL,NULL,NULL,NULL,NULL,NULL,NULL,NULL,NULL,NULL,NULL),
	 (194,'DocumentSecurityGroup','FAFusionImportExport','','',NULL,NULL,NULL,NULL,current_date,'riteadmin',current_date,'riteadmin',NULL,NULL,NULL,NULL,NULL,NULL,NULL,NULL,NULL,NULL,NULL,NULL,NULL,NULL,NULL),
	 (194,'InterfaceDetails','133','','',NULL,NULL,NULL,NULL,current_date,'riteadmin',current_date,'riteadmin',NULL,NULL,NULL,NULL,NULL,NULL,NULL,NULL,NULL,NULL,NULL,NULL,NULL,NULL,NULL);

INSERT INTO cr_objects (object_id,object_name,object_code,user_object_name,module_code,parent_object_id,fbdi_sheet,hdl_sheet,loader_endpoint,re_con_query,sequence_in_parent,interface_table_name,rejection_table_name,ctl_file_name,xlsm_file_name,immediate_parent,batch_size,base_tables,creation_date,created_by,last_update_date,last_update_by,attribute1,attribute2,attribute3,attribute4,attribute5,attribute6,attribute7,attribute8,attribute9,attribute10,attribute11,attribute12,attribute13,attribute14,attribute15,conversion_type,cld_template_code,cld_metadata_table_name,cld_template_name) VALUES
    (195,'Wis Work Definition Operations','WIS_WORK_DEFINITION_OPERATIONS','Wis Work Definition Operations','SCM',192,'WIS_WD_DETAILS_INT','','FBDI',NULL,NULL,'WIS_WD_DETAILS_INT','WIE_INT_ERRORS','WisWdOperationsInt','WorkDefinitionTemplate',NULL,30000,'WIS_WD_OPERATIONS_B',current_date,'riteadmin',current_date,'riteadmin',NULL,NULL,NULL,NULL,NULL,NULL,NULL,NULL,NULL,NULL,NULL,NULL,NULL,NULL,NULL,'DATA_MIGRATION','WIS_WORK_DEFINITION_OPERATIONS','CR_WIS_WORK_DEFINITION_OPERATIONS_C','CR_WIS_WORK_DEFINITION_OPERATIONS_CLD');

INSERT INTO cr_object_information (object_id,info_type,info_value,info_description,additional_information1,additional_information2,additional_information3,additional_information4,additional_information5,creation_date,created_by,last_update_date,last_update_by,attribute1,attribute2,attribute3,attribute4,attribute5,attribute6,attribute7,attribute8,attribute9,attribute10,attribute11,attribute12,attribute13,attribute14,attribute15) VALUES
	 (195,'JobName','/oracle/apps/ess/scm/commonWorkSetup/workDefinitions/massImport/,ImportWorkDefinitionJob','','',NULL,NULL,NULL,NULL,current_date,'riteadmin',current_date,'riteadmin',NULL,NULL,NULL,NULL,NULL,NULL,NULL,NULL,NULL,NULL,NULL,NULL,NULL,NULL,NULL),
	 (195,'Sequence','3','','',NULL,NULL,NULL,NULL,current_date,'riteadmin',current_date,'riteadmin',NULL,NULL,NULL,NULL,NULL,NULL,NULL,NULL,NULL,NULL,NULL,NULL,NULL,NULL,NULL),
	 (195,'DocumentAccount','scm/wis/WorkDefinition','','',NULL,NULL,NULL,NULL,current_date,'riteadmin',current_date,'riteadmin',NULL,NULL,NULL,NULL,NULL,NULL,NULL,NULL,NULL,NULL,NULL,NULL,NULL,NULL,NULL),
	 (195,'DocumentSecurityGroup','FAFusionImportExport','','',NULL,NULL,NULL,NULL,current_date,'riteadmin',current_date,'riteadmin',NULL,NULL,NULL,NULL,NULL,NULL,NULL,NULL,NULL,NULL,NULL,NULL,NULL,NULL,NULL),
	 (195,'InterfaceDetails','133','','',NULL,NULL,NULL,NULL,current_date,'riteadmin',current_date,'riteadmin',NULL,NULL,NULL,NULL,NULL,NULL,NULL,NULL,NULL,NULL,NULL,NULL,NULL,NULL,NULL);

INSERT INTO cr_objects (object_id,object_name,object_code,user_object_name,module_code,parent_object_id,fbdi_sheet,hdl_sheet,loader_endpoint,re_con_query,sequence_in_parent,interface_table_name,rejection_table_name,ctl_file_name,xlsm_file_name,immediate_parent,batch_size,base_tables,creation_date,created_by,last_update_date,last_update_by,attribute1,attribute2,attribute3,attribute4,attribute5,attribute6,attribute7,attribute8,attribute9,attribute10,attribute11,attribute12,attribute13,attribute14,attribute15,conversion_type,cld_template_code,cld_metadata_table_name,cld_template_name) VALUES
	(196,'Wis Work Definition Operation ATO Materials','WIS_WORK_DEFINITION_OPERATION_ATO_MATERIALS','Wis Work Definition Operation ATO Materials','SCM',192,'WIS_WD_DETAILS_INT',NULL,'FBDI',NULL,5,'WIS_WD_DETAILS_INT','','WisWdOperationATOMaterialsInt ','WorkDefinitionTemplate',NULL,30000,'WIS_WD_OPERATION_MATERIALS',current_date,'riteadmin',current_date,'riteadmin',NULL,NULL,NULL,NULL,NULL,NULL,NULL,NULL,NULL,NULL,NULL,NULL,NULL,NULL,NULL,'DATA_MIGRATION','WIS_WD_OPER_ATO_MATERIALS','CR_WIS_WD_OPER_ATO_MATERIALS_C','CR_WIS_WD_OPER_ATO_MATERIALS_CLD');

INSERT INTO cr_object_information (object_id,info_type,info_value,info_description,additional_information1,additional_information2,additional_information3,additional_information4,additional_information5,creation_date,created_by,last_update_date,last_update_by,attribute1,attribute2,attribute3,attribute4,attribute5,attribute6,attribute7,attribute8,attribute9,attribute10,attribute11,attribute12,attribute13,attribute14,attribute15) VALUES
	 (196,'JobName','/oracle/apps/ess/scm/commonWorkSetup/workDefinitions/massImport/,ImportWorkDefinitionJob','','',NULL,NULL,NULL,NULL,current_date,'riteadmin',current_date,'riteadmin',NULL,NULL,NULL,NULL,NULL,NULL,NULL,NULL,NULL,NULL,NULL,NULL,NULL,NULL,NULL),
	 (196,'Sequence','4','','',NULL,NULL,NULL,NULL,current_date,'riteadmin',current_date,'riteadmin',NULL,NULL,NULL,NULL,NULL,NULL,NULL,NULL,NULL,NULL,NULL,NULL,NULL,NULL,NULL),
	 (196,'DocumentAccount','scm/wis/WorkDefinition','','',NULL,NULL,NULL,NULL,current_date,'riteadmin',current_date,'riteadmin',NULL,NULL,NULL,NULL,NULL,NULL,NULL,NULL,NULL,NULL,NULL,NULL,NULL,NULL,NULL),
	 (196,'DocumentSecurityGroup','FAFusionImportExport','','',NULL,NULL,NULL,NULL,current_date,'riteadmin',current_date,'riteadmin',NULL,NULL,NULL,NULL,NULL,NULL,NULL,NULL,NULL,NULL,NULL,NULL,NULL,NULL,NULL),
	 (196,'InterfaceDetails','133','','',NULL,NULL,NULL,NULL,current_date,'riteadmin',current_date,'riteadmin',NULL,NULL,NULL,NULL,NULL,NULL,NULL,NULL,NULL,NULL,NULL,NULL,NULL,NULL,NULL);

INSERT INTO cr_objects (object_id,object_name,object_code,user_object_name,module_code,parent_object_id,fbdi_sheet,hdl_sheet,loader_endpoint,re_con_query,sequence_in_parent,interface_table_name,rejection_table_name,ctl_file_name,xlsm_file_name,immediate_parent,batch_size,base_tables,creation_date,created_by,last_update_date,last_update_by,attribute1,attribute2,attribute3,attribute4,attribute5,attribute6,attribute7,attribute8,attribute9,attribute10,attribute11,attribute12,attribute13,attribute14,attribute15,conversion_type,cld_template_code,cld_metadata_table_name,cld_template_name) VALUES
	(197,'Wis Work Definition Operation Outputs','WIS_WORK_DEFINITION_OPERATION_OUTPUTS','Wis Work Definition Operation Outputs','SCM',192,'WIS_WD_DETAILS_INT',NULL,'FBDI',NULL,6,'WIS_WD_DETAILS_INT','','WisWdOperationOutputsInt','WorkDefinitionTemplate',NULL,30000,'WIS_WD_OPERATION_OUTPUTS',current_date,'riteadmin',current_date,'riteadmin',NULL,NULL,NULL,NULL,NULL,NULL,NULL,NULL,NULL,NULL,NULL,NULL,NULL,NULL,NULL,'DATA_MIGRATION','WIS_WORK_DEF_OPERATION_OUTPUTS','CR_WIS_WORK_DEF_OPERATION_OUTPUTS_C','CR_WIS_WORK_DEF_OPERATION_OUTPUTS_CLD');

INSERT INTO cr_object_information (object_id,info_type,info_value,info_description,additional_information1,additional_information2,additional_information3,additional_information4,additional_information5,creation_date,created_by,last_update_date,last_update_by,attribute1,attribute2,attribute3,attribute4,attribute5,attribute6,attribute7,attribute8,attribute9,attribute10,attribute11,attribute12,attribute13,attribute14,attribute15) VALUES
	 (197,'JobName','/oracle/apps/ess/scm/commonWorkSetup/workDefinitions/massImport/,ImportWorkDefinitionJob','','',NULL,NULL,NULL,NULL,current_date,'riteadmin',current_date,'riteadmin',NULL,NULL,NULL,NULL,NULL,NULL,NULL,NULL,NULL,NULL,NULL,NULL,NULL,NULL,NULL),
	 (197,'Sequence','5','','',NULL,NULL,NULL,NULL,current_date,'riteadmin',current_date,'riteadmin',NULL,NULL,NULL,NULL,NULL,NULL,NULL,NULL,NULL,NULL,NULL,NULL,NULL,NULL,NULL),
	 (197,'DocumentAccount','scm/wis/WorkDefinition','','',NULL,NULL,NULL,NULL,current_date,'riteadmin',current_date,'riteadmin',NULL,NULL,NULL,NULL,NULL,NULL,NULL,NULL,NULL,NULL,NULL,NULL,NULL,NULL,NULL),
	 (197,'DocumentSecurityGroup','FAFusionImportExport','','',NULL,NULL,NULL,NULL,current_date,'riteadmin',current_date,'riteadmin',NULL,NULL,NULL,NULL,NULL,NULL,NULL,NULL,NULL,NULL,NULL,NULL,NULL,NULL,NULL),
	 (197,'InterfaceDetails','133','','',NULL,NULL,NULL,NULL,current_date,'riteadmin',current_date,'riteadmin',NULL,NULL,NULL,NULL,NULL,NULL,NULL,NULL,NULL,NULL,NULL,NULL,NULL,NULL,NULL);

INSERT INTO cr_objects (object_id,object_name,object_code,user_object_name,module_code,parent_object_id,fbdi_sheet,hdl_sheet,loader_endpoint,re_con_query,sequence_in_parent,interface_table_name,rejection_table_name,ctl_file_name,xlsm_file_name,immediate_parent,batch_size,base_tables,creation_date,created_by,last_update_date,last_update_by,attribute1,attribute2,attribute3,attribute4,attribute5,attribute6,attribute7,attribute8,attribute9,attribute10,attribute11,attribute12,attribute13,attribute14,attribute15,conversion_type,cld_template_code,cld_metadata_table_name,cld_template_name) VALUES
	(198,'Wis Work Definition Operation Resources ','WIS_WORK_DEFINITION_OPERATION_RESOURCES_','Wis Work Definition Operation Resources ','SCM',192,'WIS_WD_DETAILS_INT','','FBDI',NULL,NULL,'WIS_WD_DETAILS_INT','WIE_INT_ERRORS','WisWdOperationResourcesInt','WorkDefinitionTemplate',NULL,30000,'WIS_WD_OP_ALT_RESOURCES',current_date,'riteadmin',current_date,'riteadmin',NULL,NULL,NULL,NULL,NULL,NULL,NULL,NULL,NULL,NULL,NULL,NULL,NULL,NULL,NULL,'DATA_MIGRATION','WIS_WORK_DEF_OPERATION_RES_','CR_WIS_WORK_DEF_OPERATION_RES__C','CR_WIS_WORK_DEF_OPERATION_RES__CLD');

INSERT INTO cr_object_information (object_id,info_type,info_value,info_description,additional_information1,additional_information2,additional_information3,additional_information4,additional_information5,creation_date,created_by,last_update_date,last_update_by,attribute1,attribute2,attribute3,attribute4,attribute5,attribute6,attribute7,attribute8,attribute9,attribute10,attribute11,attribute12,attribute13,attribute14,attribute15) VALUES
	 (198,'JobName','/oracle/apps/ess/scm/commonWorkSetup/workDefinitions/massImport/,ImportWorkDefinitionJob','','',NULL,NULL,NULL,NULL,current_date,'riteadmin',current_date,'riteadmin',NULL,NULL,NULL,NULL,NULL,NULL,NULL,NULL,NULL,NULL,NULL,NULL,NULL,NULL,NULL),
	 (198,'Sequence','6','','',NULL,NULL,NULL,NULL,current_date,'riteadmin',current_date,'riteadmin',NULL,NULL,NULL,NULL,NULL,NULL,NULL,NULL,NULL,NULL,NULL,NULL,NULL,NULL,NULL),
	 (198,'DocumentAccount','scm/wis/WorkDefinition','','',NULL,NULL,NULL,NULL,current_date,'riteadmin',current_date,'riteadmin',NULL,NULL,NULL,NULL,NULL,NULL,NULL,NULL,NULL,NULL,NULL,NULL,NULL,NULL,NULL),
	 (198,'DocumentSecurityGroup','FAFusionImportExport','','',NULL,NULL,NULL,NULL,current_date,'riteadmin',current_date,'riteadmin',NULL,NULL,NULL,NULL,NULL,NULL,NULL,NULL,NULL,NULL,NULL,NULL,NULL,NULL,NULL),
	 (198,'InterfaceDetails','133','','',NULL,NULL,NULL,NULL,current_date,'riteadmin',current_date,'riteadmin',NULL,NULL,NULL,NULL,NULL,NULL,NULL,NULL,NULL,NULL,NULL,NULL,NULL,NULL,NULL);

INSERT INTO cr_objects (object_id,object_name,object_code,user_object_name,module_code,parent_object_id,fbdi_sheet,hdl_sheet,loader_endpoint,re_con_query,sequence_in_parent,interface_table_name,rejection_table_name,ctl_file_name,xlsm_file_name,immediate_parent,batch_size,base_tables,creation_date,created_by,last_update_date,last_update_by,attribute1,attribute2,attribute3,attribute4,attribute5,attribute6,attribute7,attribute8,attribute9,attribute10,attribute11,attribute12,attribute13,attribute14,attribute15,conversion_type,cld_template_code,cld_metadata_table_name,cld_template_name) VALUES
	(199,'Wis Work Definition Operation Materials','WIS_WORK_DEFINITION_OPERATION_MATERIALS','Wis Work Definition Operation Materials','SCM',192,'WIS_WD_DETAILS_INT','','FBDI',NULL,NULL,'WIS_WD_DETAILS_INT','WIE_INT_ERRORS','WisWdOperationMaterialsInt','WorkDefinitionTemplate',NULL,30000,'WIS_WD_OPERATION_MATERIALS',current_date,'riteadmin',current_date,'riteadmin',NULL,NULL,NULL,NULL,NULL,NULL,NULL,NULL,NULL,NULL,NULL,NULL,NULL,NULL,NULL,'DATA_MIGRATION','WIS_WORK_DEF_OPER_MATERIALS','CR_WIS_WORK_DEF_OPER_MATERIALS_C','CR_WIS_WORK_DEF_OPER_MATERIALS_CLD');

INSERT INTO cr_object_information (object_id,info_type,info_value,info_description,additional_information1,additional_information2,additional_information3,additional_information4,additional_information5,creation_date,created_by,last_update_date,last_update_by,attribute1,attribute2,attribute3,attribute4,attribute5,attribute6,attribute7,attribute8,attribute9,attribute10,attribute11,attribute12,attribute13,attribute14,attribute15) VALUES
	 (199,'JobName','/oracle/apps/ess/scm/commonWorkSetup/workDefinitions/massImport/,ImportWorkDefinitionJob','','',NULL,NULL,NULL,NULL,current_date,'riteadmin',current_date,'riteadmin',NULL,NULL,NULL,NULL,NULL,NULL,NULL,NULL,NULL,NULL,NULL,NULL,NULL,NULL,NULL),
	 (199,'Sequence','7','','',NULL,NULL,NULL,NULL,current_date,'riteadmin',current_date,'riteadmin',NULL,NULL,NULL,NULL,NULL,NULL,NULL,NULL,NULL,NULL,NULL,NULL,NULL,NULL,NULL),
	 (199,'DocumentAccount','scm/wis/WorkDefinition','','',NULL,NULL,NULL,NULL,current_date,'riteadmin',current_date,'riteadmin',NULL,NULL,NULL,NULL,NULL,NULL,NULL,NULL,NULL,NULL,NULL,NULL,NULL,NULL,NULL),
	 (199,'DocumentSecurityGroup','FAFusionImportExport','','',NULL,NULL,NULL,NULL,current_date,'riteadmin',current_date,'riteadmin',NULL,NULL,NULL,NULL,NULL,NULL,NULL,NULL,NULL,NULL,NULL,NULL,NULL,NULL,NULL),
	 (199,'InterfaceDetails','133','','',NULL,NULL,NULL,NULL,current_date,'riteadmin',current_date,'riteadmin',NULL,NULL,NULL,NULL,NULL,NULL,NULL,NULL,NULL,NULL,NULL,NULL,NULL,NULL,NULL);

INSERT INTO cr_objects (object_id,object_name,object_code,user_object_name,module_code,parent_object_id,fbdi_sheet,hdl_sheet,loader_endpoint,re_con_query,sequence_in_parent,interface_table_name,rejection_table_name,ctl_file_name,xlsm_file_name,immediate_parent,batch_size,base_tables,creation_date,created_by,last_update_date,last_update_by,attribute1,attribute2,attribute3,attribute4,attribute5,attribute6,attribute7,attribute8,attribute9,attribute10,attribute11,attribute12,attribute13,attribute14,attribute15,conversion_type,cld_template_code,cld_metadata_table_name,cld_template_name) VALUES
	(200,'Wis Work Definition Operation Alternate Resources','WIS_WORK_DEFINITION_OPERATION_ALTERNATE_RESOURCES','Wis Work Definition Operation Alternate Resources','SCM',192,'WIS_WD_DETAILS_INT','','FBDI',NULL,NULL,'WIS_WD_DETAILS_INT','WIE_INT_ERRORS','WisWdOperationAltResourcesInt','WorkDefinitionTemplate',NULL,30000,'WIS_WD_OP_ALT_RESOURCES',current_date,'riteadmin',current_date,'riteadmin',NULL,NULL,NULL,NULL,NULL,NULL,NULL,NULL,NULL,NULL,NULL,NULL,NULL,NULL,NULL,'DATA_MIGRATION','WIS_WD_OPER_ALTERNATE_RES','CR_WIS_WD_OPER_ALTERNATE_RES_C','CR_WIS_WD_OPER_ALTERNATE_RES_CLD');

INSERT INTO cr_object_information (object_id,info_type,info_value,info_description,additional_information1,additional_information2,additional_information3,additional_information4,additional_information5,creation_date,created_by,last_update_date,last_update_by,attribute1,attribute2,attribute3,attribute4,attribute5,attribute6,attribute7,attribute8,attribute9,attribute10,attribute11,attribute12,attribute13,attribute14,attribute15) VALUES
	 (200,'JobName','/oracle/apps/ess/scm/commonWorkSetup/workDefinitions/massImport/,ImportWorkDefinitionJob','','',NULL,NULL,NULL,NULL,current_date,'riteadmin',current_date,'riteadmin',NULL,NULL,NULL,NULL,NULL,NULL,NULL,NULL,NULL,NULL,NULL,NULL,NULL,NULL,NULL),
	 (200,'Sequence','8','','',NULL,NULL,NULL,NULL,current_date,'riteadmin',current_date,'riteadmin',NULL,NULL,NULL,NULL,NULL,NULL,NULL,NULL,NULL,NULL,NULL,NULL,NULL,NULL,NULL),
	 (200,'DocumentAccount','scm/wis/WorkDefinition','','',NULL,NULL,NULL,NULL,current_date,'riteadmin',current_date,'riteadmin',NULL,NULL,NULL,NULL,NULL,NULL,NULL,NULL,NULL,NULL,NULL,NULL,NULL,NULL,NULL),
	 (200,'DocumentSecurityGroup','FAFusionImportExport','','',NULL,NULL,NULL,NULL,current_date,'riteadmin',current_date,'riteadmin',NULL,NULL,NULL,NULL,NULL,NULL,NULL,NULL,NULL,NULL,NULL,NULL,NULL,NULL,NULL),
	 (200,'InterfaceDetails','133','','',NULL,NULL,NULL,NULL,current_date,'riteadmin',current_date,'riteadmin',NULL,NULL,NULL,NULL,NULL,NULL,NULL,NULL,NULL,NULL,NULL,NULL,NULL,NULL,NULL);


-- WORK_ORDER
INSERT INTO cr_objects (object_id,object_name,object_code,user_object_name,module_code,parent_object_id,fbdi_sheet,hdl_sheet,loader_endpoint,re_con_query,sequence_in_parent,interface_table_name,rejection_table_name,ctl_file_name,xlsm_file_name,immediate_parent,batch_size,base_tables,creation_date,created_by,last_update_date,last_update_by,attribute1,attribute2,attribute3,attribute4,attribute5,attribute6,attribute7,attribute8,attribute9,attribute10,attribute11,attribute12,attribute13,attribute14,attribute15,conversion_type,cld_template_code,cld_metadata_table_name,cld_template_name) VALUES
    (201,'Work Order','WORK_ORDER','Work Order','SCM',NULL,'',NULL,'FBDI',NULL,NULL,'','','','',NULL,30000,NULL,current_date,'riteadmin',current_date,'riteadmin',NULL,NULL,NULL,NULL,NULL,NULL,NULL,NULL,NULL,NULL,NULL,NULL,NULL,NULL,NULL,'DATA_MIGRATION',NULL,NULL,NULL);
INSERT INTO cr_objects (object_id,object_name,object_code,user_object_name,module_code,parent_object_id,fbdi_sheet,hdl_sheet,loader_endpoint,re_con_query,sequence_in_parent,interface_table_name,rejection_table_name,ctl_file_name,xlsm_file_name,immediate_parent,batch_size,base_tables,creation_date,created_by,last_update_date,last_update_by,attribute1,attribute2,attribute3,attribute4,attribute5,attribute6,attribute7,attribute8,attribute9,attribute10,attribute11,attribute12,attribute13,attribute14,attribute15,conversion_type,cld_template_code,cld_metadata_table_name,cld_template_name) VALUES
	(202,'Wie Batch','WIE_BATCH','Wie Batch','SCM',201,'WIE_INT_BATCHES_B',NULL,'FBDI',NULL,1,'WIE_INT_BATCHES_B','WIE_INT_ERRORS','WieWoBatches','WorkOrderTemplate',NULL,30000,NULL,current_date,'riteadmin',current_date,'riteadmin',NULL,NULL,NULL,NULL,NULL,NULL,NULL,NULL,NULL,NULL,NULL,NULL,NULL,NULL,NULL,'DATA_MIGRATION','WIE_BATCH','CR_WIE_BATCH_C','CR_WIE_BATCH_CLD');

INSERT INTO cr_object_information (object_id,info_type,info_value,info_description,additional_information1,additional_information2,additional_information3,additional_information4,additional_information5,creation_date,created_by,last_update_date,last_update_by,attribute1,attribute2,attribute3,attribute4,attribute5,attribute6,attribute7,attribute8,attribute9,attribute10,attribute11,attribute12,attribute13,attribute14,attribute15) VALUES
	(202,'Sequence','1','','',NULL,NULL,NULL,NULL,current_date,'riteadmin',current_date,'riteadmin',NULL,NULL,NULL,NULL,NULL,NULL,NULL,NULL,NULL,NULL,NULL,NULL,NULL,NULL,NULL),
        (202,'JobName','/oracle/apps/ess/scm/commonWorkExecution/massImport/workOrders/,ImportWorkOrdersJob','','',NULL,NULL,NULL,NULL,current_date,'riteadmin',current_date,'riteadmin',NULL,NULL,NULL,NULL,NULL,NULL,NULL,NULL,NULL,NULL,NULL,NULL,NULL,NULL,NULL),
	(202,'DocumentAccount','scm/wie/WorkExecution','','',NULL,NULL,NULL,NULL,current_date,'riteadmin',current_date,'riteadmin',NULL,NULL,NULL,NULL,NULL,NULL,NULL,NULL,NULL,NULL,NULL,NULL,NULL,NULL,NULL),
	(202,'DocumentSecurityGroup','FAFusionImportExport','','',NULL,NULL,NULL,NULL,current_date,'riteadmin',current_date,'riteadmin',NULL,NULL,NULL,NULL,NULL,NULL,NULL,NULL,NULL,NULL,NULL,NULL,NULL,NULL,NULL),
	(202,'InterfaceDetails','63','','',NULL,NULL,NULL,NULL,current_date,'riteadmin',current_date,'riteadmin',NULL,NULL,NULL,NULL,NULL,NULL,NULL,NULL,NULL,NULL,NULL,NULL,NULL,NULL,NULL);

INSERT INTO cr_objects (object_id,object_name,object_code,user_object_name,module_code,parent_object_id,fbdi_sheet,hdl_sheet,loader_endpoint,re_con_query,sequence_in_parent,interface_table_name,rejection_table_name,ctl_file_name,xlsm_file_name,immediate_parent,batch_size,base_tables,creation_date,created_by,last_update_date,last_update_by,attribute1,attribute2,attribute3,attribute4,attribute5,attribute6,attribute7,attribute8,attribute9,attribute10,attribute11,attribute12,attribute13,attribute14,attribute15,conversion_type,cld_template_code,cld_metadata_table_name,cld_template_name) VALUES
	(203,'Wie Work Order Header','WIE_WORK_ORDER_HEADER','Wie Work Order Header','SCM',201,'WIE_WORK_ORDERS_INT','','FBDI',NULL,NULL,'WIE_WORK_ORDERS_INT','WIE_INT_ERRORS','WieWoHeaders','WorkOrderTemplate',NULL,30000,'WIE_WORK_ORDERS_B',current_date,'riteadmin',current_date,'riteadmin',NULL,NULL,NULL,NULL,NULL,NULL,NULL,NULL,NULL,NULL,NULL,NULL,NULL,NULL,NULL,'DATA_MIGRATION','WIE_WORK_ORDER_HEADER','CR_WIE_WORK_ORDER_HEADER_C','CR_WIE_WORK_ORDER_HEADER_CLD');
INSERT INTO cr_object_information (object_id,info_type,info_value,info_description,additional_information1,additional_information2,additional_information3,additional_information4,additional_information5,creation_date,created_by,last_update_date,last_update_by,attribute1,attribute2,attribute3,attribute4,attribute5,attribute6,attribute7,attribute8,attribute9,attribute10,attribute11,attribute12,attribute13,attribute14,attribute15) VALUES
	(203,'Sequence','2','','',NULL,NULL,NULL,NULL,current_date,'riteadmin',current_date,'riteadmin',NULL,NULL,NULL,NULL,NULL,NULL,NULL,NULL,NULL,NULL,NULL,NULL,NULL,NULL,NULL),
   	(203,'JobName','/oracle/apps/ess/scm/commonWorkExecution/massImport/workOrders/,ImportWorkOrdersJob','','',NULL,NULL,NULL,NULL,current_date,'riteadmin',current_date,'riteadmin',NULL,NULL,NULL,NULL,NULL,NULL,NULL,NULL,NULL,NULL,NULL,NULL,NULL,NULL,NULL),
	(203,'DocumentAccount','scm/wie/WorkExecution','','',NULL,NULL,NULL,NULL,current_date,'riteadmin',current_date,'riteadmin',NULL,NULL,NULL,NULL,NULL,NULL,NULL,NULL,NULL,NULL,NULL,NULL,NULL,NULL,NULL),
	(203,'DocumentSecurityGroup','FAFusionImportExport','','',NULL,NULL,NULL,NULL,current_date,'riteadmin',current_date,'riteadmin',NULL,NULL,NULL,NULL,NULL,NULL,NULL,NULL,NULL,NULL,NULL,NULL,NULL,NULL,NULL),
	(203,'InterfaceDetails','63','','',NULL,NULL,NULL,NULL,current_date,'riteadmin',current_date,'riteadmin',NULL,NULL,NULL,NULL,NULL,NULL,NULL,NULL,NULL,NULL,NULL,NULL,NULL,NULL,NULL);

INSERT INTO cr_objects (object_id,object_name,object_code,user_object_name,module_code,parent_object_id,fbdi_sheet,hdl_sheet,loader_endpoint,re_con_query,sequence_in_parent,interface_table_name,rejection_table_name,ctl_file_name,xlsm_file_name,immediate_parent,batch_size,base_tables,creation_date,created_by,last_update_date,last_update_by,attribute1,attribute2,attribute3,attribute4,attribute5,attribute6,attribute7,attribute8,attribute9,attribute10,attribute11,attribute12,attribute13,attribute14,attribute15,conversion_type,cld_template_code,cld_metadata_table_name,cld_template_name) VALUES
	(204,'Wie Work Order Operations','WIE_WORK_ORDER_OPERATIONS','Wie Work Order Operations','SCM',201,'WIE_WORK_ORDER_DETAILS_INT',NULL,'FBDI',NULL,3,'WIE_WORK_ORDER_DETAILS_INT','WIE_INT_ERRORS','WieWoOperations','WorkOrderTemplate',NULL,30000,'WIE_WO_OPERATIONS_B',current_date,'riteadmin',current_date,'riteadmin',NULL,NULL,NULL,NULL,NULL,NULL,NULL,NULL,NULL,NULL,NULL,NULL,NULL,NULL,NULL,'DATA_MIGRATION','WIE_WORK_ORDER_OPERATIONS','CR_WIE_WORK_ORDER_OPERATIONS_C','CR_WIE_WORK_ORDER_OPERATIONS_CLD');
INSERT INTO cr_object_information (object_id,info_type,info_value,info_description,additional_information1,additional_information2,additional_information3,additional_information4,additional_information5,creation_date,created_by,last_update_date,last_update_by,attribute1,attribute2,attribute3,attribute4,attribute5,attribute6,attribute7,attribute8,attribute9,attribute10,attribute11,attribute12,attribute13,attribute14,attribute15) VALUES
	(204,'Sequence','3','','',NULL,NULL,NULL,NULL,current_date,'riteadmin',current_date,'riteadmin',NULL,NULL,NULL,NULL,NULL,NULL,NULL,NULL,NULL,NULL,NULL,NULL,NULL,NULL,NULL),
    (204,'JobName','/oracle/apps/ess/scm/commonWorkExecution/massImport/workOrders/,ImportWorkOrdersJob','','',NULL,NULL,NULL,NULL,current_date,'riteadmin',current_date,'riteadmin',NULL,NULL,NULL,NULL,NULL,NULL,NULL,NULL,NULL,NULL,NULL,NULL,NULL,NULL,NULL),
	(204,'DocumentAccount','scm/wie/WorkExecution','','',NULL,NULL,NULL,NULL,current_date,'riteadmin',current_date,'riteadmin',NULL,NULL,NULL,NULL,NULL,NULL,NULL,NULL,NULL,NULL,NULL,NULL,NULL,NULL,NULL),
	(204,'DocumentSecurityGroup','FAFusionImportExport','','',NULL,NULL,NULL,NULL,current_date,'riteadmin',current_date,'riteadmin',NULL,NULL,NULL,NULL,NULL,NULL,NULL,NULL,NULL,NULL,NULL,NULL,NULL,NULL,NULL),
	(204,'InterfaceDetails','63','','',NULL,NULL,NULL,NULL,current_date,'riteadmin',current_date,'riteadmin',NULL,NULL,NULL,NULL,NULL,NULL,NULL,NULL,NULL,NULL,NULL,NULL,NULL,NULL,NULL);

INSERT INTO cr_objects (object_id,object_name,object_code,user_object_name,module_code,parent_object_id,fbdi_sheet,hdl_sheet,loader_endpoint,re_con_query,sequence_in_parent,interface_table_name,rejection_table_name,ctl_file_name,xlsm_file_name,immediate_parent,batch_size,base_tables,creation_date,created_by,last_update_date,last_update_by,attribute1,attribute2,attribute3,attribute4,attribute5,attribute6,attribute7,attribute8,attribute9,attribute10,attribute11,attribute12,attribute13,attribute14,attribute15,conversion_type,cld_template_code,cld_metadata_table_name,cld_template_name) VALUES
    (205,'Wie Work Order Operation Resources','WIE_WORK_ORDER_OPERATION_RESOURCES','Wie Work Order Operation Resources','SCM',201,'WIE_WORK_ORDER_DETAILS_INT',NULL,'FBDI',NULL,4,'WIE_WORK_ORDER_DETAILS_INT','WIE_INT_ERRORS','WieWoOperationResources','WorkOrderTemplate',NULL,30000,NULL,current_date,'riteadmin',current_date,'riteadmin',NULL,NULL,NULL,NULL,NULL,NULL,NULL,NULL,NULL,NULL,NULL,NULL,NULL,NULL,NULL,'DATA_MIGRATION','WIE_WO_OPERATION_RESOURCES','CR_WIE_WO_OPERATION_RESOURCES_C','CR_WIE_WO_OPERATION_RESOURCES_CLD');

INSERT INTO cr_object_information (object_id,info_type,info_value,info_description,additional_information1,additional_information2,additional_information3,additional_information4,additional_information5,creation_date,created_by,last_update_date,last_update_by,attribute1,attribute2,attribute3,attribute4,attribute5,attribute6,attribute7,attribute8,attribute9,attribute10,attribute11,attribute12,attribute13,attribute14,attribute15) VALUES
	(205,'Sequence','4','','',NULL,NULL,NULL,NULL,current_date,'riteadmin',current_date,'riteadmin',NULL,NULL,NULL,NULL,NULL,NULL,NULL,NULL,NULL,NULL,NULL,NULL,NULL,NULL,NULL),
    	(205,'JobName','/oracle/apps/ess/scm/commonWorkExecution/massImport/workOrders/,ImportWorkOrdersJob','','',NULL,NULL,NULL,NULL,current_date,'riteadmin',current_date,'riteadmin',NULL,NULL,NULL,NULL,NULL,NULL,NULL,NULL,NULL,NULL,NULL,NULL,NULL,NULL,NULL),
	(205,'DocumentAccount','scm/wie/WorkExecution','','',NULL,NULL,NULL,NULL,current_date,'riteadmin',current_date,'riteadmin',NULL,NULL,NULL,NULL,NULL,NULL,NULL,NULL,NULL,NULL,NULL,NULL,NULL,NULL,NULL),
	(205,'DocumentSecurityGroup','FAFusionImportExport','','',NULL,NULL,NULL,NULL,current_date,'riteadmin',current_date,'riteadmin',NULL,NULL,NULL,NULL,NULL,NULL,NULL,NULL,NULL,NULL,NULL,NULL,NULL,NULL,NULL),
	(205,'InterfaceDetails','63','','',NULL,NULL,NULL,NULL,current_date,'riteadmin',current_date,'riteadmin',NULL,NULL,NULL,NULL,NULL,NULL,NULL,NULL,NULL,NULL,NULL,NULL,NULL,NULL,NULL);

INSERT INTO cr_objects (object_id,object_name,object_code,user_object_name,module_code,parent_object_id,fbdi_sheet,hdl_sheet,loader_endpoint,re_con_query,sequence_in_parent,interface_table_name,rejection_table_name,ctl_file_name,xlsm_file_name,immediate_parent,batch_size,base_tables,creation_date,created_by,last_update_date,last_update_by,attribute1,attribute2,attribute3,attribute4,attribute5,attribute6,attribute7,attribute8,attribute9,attribute10,attribute11,attribute12,attribute13,attribute14,attribute15,conversion_type,cld_template_code,cld_metadata_table_name,cld_template_name) VALUES
	(206,'Wie Work Order Operation Resource Instances','WIE_WORK_ORDER_OPERATION_RESOURCE_INSTANCES','Wie Work Order Operation Resource Instances','SCM',201,'WIE_WORK_ORDER_DETAILS_INT',NULL,'FBDI',NULL,5,'WIE_WORK_ORDER_DETAILS_INT','WIE_INT_ERRORS','WieWoOperationResInstances','WorkOrderTemplate',NULL,30000,NULL,current_date,'riteadmin',current_date,'riteadmin',NULL,NULL,NULL,NULL,NULL,NULL,NULL,NULL,NULL,NULL,NULL,NULL,NULL,NULL,NULL,'DATA_MIGRATION','WIE_WO_OPER_RESOURCE_INSTANCES','CR_WIE_WO_OPER_RESOURCE_INSTANCES_C','CR_WIE_WO_OPER_RESOURCE_INSTANCES_CLD');

INSERT INTO cr_object_information (object_id,info_type,info_value,info_description,additional_information1,additional_information2,additional_information3,additional_information4,additional_information5,creation_date,created_by,last_update_date,last_update_by,attribute1,attribute2,attribute3,attribute4,attribute5,attribute6,attribute7,attribute8,attribute9,attribute10,attribute11,attribute12,attribute13,attribute14,attribute15) VALUES
	(206,'Sequence','5','','',NULL,NULL,NULL,NULL,current_date,'riteadmin',current_date,'riteadmin',NULL,NULL,NULL,NULL,NULL,NULL,NULL,NULL,NULL,NULL,NULL,NULL,NULL,NULL,NULL),
    	(206,'JobName','/oracle/apps/ess/scm/commonWorkExecution/massImport/workOrders/,ImportWorkOrdersJob','','',NULL,NULL,NULL,NULL,current_date,'riteadmin',current_date,'riteadmin',NULL,NULL,NULL,NULL,NULL,NULL,NULL,NULL,NULL,NULL,NULL,NULL,NULL,NULL,NULL),
	(206,'DocumentAccount','scm/wie/WorkExecution','','',NULL,NULL,NULL,NULL,current_date,'riteadmin',current_date,'riteadmin',NULL,NULL,NULL,NULL,NULL,NULL,NULL,NULL,NULL,NULL,NULL,NULL,NULL,NULL,NULL),
	(206,'DocumentSecurityGroup','FAFusionImportExport','','',NULL,NULL,NULL,NULL,current_date,'riteadmin',current_date,'riteadmin',NULL,NULL,NULL,NULL,NULL,NULL,NULL,NULL,NULL,NULL,NULL,NULL,NULL,NULL,NULL),
	(206,'InterfaceDetails','63','','',NULL,NULL,NULL,NULL,current_date,'riteadmin',current_date,'riteadmin',NULL,NULL,NULL,NULL,NULL,NULL,NULL,NULL,NULL,NULL,NULL,NULL,NULL,NULL,NULL);

INSERT INTO cr_objects (object_id,object_name,object_code,user_object_name,module_code,parent_object_id,fbdi_sheet,hdl_sheet,loader_endpoint,re_con_query,sequence_in_parent,interface_table_name,rejection_table_name,ctl_file_name,xlsm_file_name,immediate_parent,batch_size,base_tables,creation_date,created_by,last_update_date,last_update_by,attribute1,attribute2,attribute3,attribute4,attribute5,attribute6,attribute7,attribute8,attribute9,attribute10,attribute11,attribute12,attribute13,attribute14,attribute15,conversion_type,cld_template_code,cld_metadata_table_name,cld_template_name) VALUES
	(207,'Wie Work Order Operation Materials','WIE_WORK_ORDER_OPERATION_MATERIALS','Wie Work Order Operation Materials','SCM',201,'WIE_WORK_ORDER_DETAILS_INT',NULL,'FBDI',NULL,6,'WIE_WORK_ORDER_DETAILS_INT','WIE_INT_ERRORS','WieWoOperationMaterials','WorkOrderTemplate',NULL,30000,'WIE_WO_OPERATION_MATERIALS',current_date,'riteadmin',current_date,'riteadmin',NULL,NULL,NULL,NULL,NULL,NULL,NULL,NULL,NULL,NULL,NULL,NULL,NULL,NULL,NULL,'DATA_MIGRATION','WIE_WO_OPERATION_MATERIALS','CR_WIE_WO_OPERATION_MATERIALS_C','CR_WIE_WO_OPERATION_MATERIALS_CLD');

INSERT INTO cr_object_information (object_id,info_type,info_value,info_description,additional_information1,additional_information2,additional_information3,additional_information4,additional_information5,creation_date,created_by,last_update_date,last_update_by,attribute1,attribute2,attribute3,attribute4,attribute5,attribute6,attribute7,attribute8,attribute9,attribute10,attribute11,attribute12,attribute13,attribute14,attribute15) VALUES
	(207,'Sequence','6','','',NULL,NULL,NULL,NULL,current_date,'riteadmin',current_date,'riteadmin',NULL,NULL,NULL,NULL,NULL,NULL,NULL,NULL,NULL,NULL,NULL,NULL,NULL,NULL,NULL),
    	(207,'JobName','/oracle/apps/ess/scm/commonWorkExecution/massImport/workOrders/,ImportWorkOrdersJob','','',NULL,NULL,NULL,NULL,current_date,'riteadmin',current_date,'riteadmin',NULL,NULL,NULL,NULL,NULL,NULL,NULL,NULL,NULL,NULL,NULL,NULL,NULL,NULL,NULL),
	(207,'DocumentAccount','scm/wie/WorkExecution','','',NULL,NULL,NULL,NULL,current_date,'riteadmin',current_date,'riteadmin',NULL,NULL,NULL,NULL,NULL,NULL,NULL,NULL,NULL,NULL,NULL,NULL,NULL,NULL,NULL),
	(207,'DocumentSecurityGroup','FAFusionImportExport','','',NULL,NULL,NULL,NULL,current_date,'riteadmin',current_date,'riteadmin',NULL,NULL,NULL,NULL,NULL,NULL,NULL,NULL,NULL,NULL,NULL,NULL,NULL,NULL,NULL),
	(207,'InterfaceDetails','63','','',NULL,NULL,NULL,NULL,current_date,'riteadmin',current_date,'riteadmin',NULL,NULL,NULL,NULL,NULL,NULL,NULL,NULL,NULL,NULL,NULL,NULL,NULL,NULL,NULL);

INSERT INTO cr_objects (object_id,object_name,object_code,user_object_name,module_code,parent_object_id,fbdi_sheet,hdl_sheet,loader_endpoint,re_con_query,sequence_in_parent,interface_table_name,rejection_table_name,ctl_file_name,xlsm_file_name,immediate_parent,batch_size,base_tables,creation_date,created_by,last_update_date,last_update_by,attribute1,attribute2,attribute3,attribute4,attribute5,attribute6,attribute7,attribute8,attribute9,attribute10,attribute11,attribute12,attribute13,attribute14,attribute15,conversion_type,cld_template_code,cld_metadata_table_name,cld_template_name) VALUES
	(208,'Wie Work Order Operation Outputs','WIE_WORK_ORDER_OPERATION_OUTPUTS','Wie Work Order Operation Outputs','SCM',201,'WIE_WORK_ORDER_DETAILS_INT',NULL,'FBDI',NULL,7,'WIE_WORK_ORDER_DETAILS_INT','WIE_INT_ERRORS','WieWoOperationOutputs','WorkOrderTemplate',NULL,30000,NULL,current_date,'riteadmin',current_date,'riteadmin',NULL,NULL,NULL,NULL,NULL,NULL,NULL,NULL,NULL,NULL,NULL,NULL,NULL,NULL,NULL,'DATA_MIGRATION','WIE_WO_OPERATION_OUTPUTS','CR_WIE_WO_OPERATION_OUTPUTS_C','CR_WIE_WO_OPERATION_OUTPUTS_CLD');

INSERT INTO cr_object_information (object_id,info_type,info_value,info_description,additional_information1,additional_information2,additional_information3,additional_information4,additional_information5,creation_date,created_by,last_update_date,last_update_by,attribute1,attribute2,attribute3,attribute4,attribute5,attribute6,attribute7,attribute8,attribute9,attribute10,attribute11,attribute12,attribute13,attribute14,attribute15) VALUES
	(208,'Sequence','7','','',NULL,NULL,NULL,NULL,current_date,'riteadmin',current_date,'riteadmin',NULL,NULL,NULL,NULL,NULL,NULL,NULL,NULL,NULL,NULL,NULL,NULL,NULL,NULL,NULL),
    	(208,'JobName','/oracle/apps/ess/scm/commonWorkExecution/massImport/workOrders/,ImportWorkOrdersJob','','',NULL,NULL,NULL,NULL,current_date,'riteadmin',current_date,'riteadmin',NULL,NULL,NULL,NULL,NULL,NULL,NULL,NULL,NULL,NULL,NULL,NULL,NULL,NULL,NULL),
	(208,'DocumentAccount','scm/wie/WorkExecution','','',NULL,NULL,NULL,NULL,current_date,'riteadmin',current_date,'riteadmin',NULL,NULL,NULL,NULL,NULL,NULL,NULL,NULL,NULL,NULL,NULL,NULL,NULL,NULL,NULL),
	(208,'DocumentSecurityGroup','FAFusionImportExport','','',NULL,NULL,NULL,NULL,current_date,'riteadmin',current_date,'riteadmin',NULL,NULL,NULL,NULL,NULL,NULL,NULL,NULL,NULL,NULL,NULL,NULL,NULL,NULL,NULL),
	(208,'InterfaceDetails','63','','',NULL,NULL,NULL,NULL,current_date,'riteadmin',current_date,'riteadmin',NULL,NULL,NULL,NULL,NULL,NULL,NULL,NULL,NULL,NULL,NULL,NULL,NULL,NULL,NULL);

INSERT INTO cr_objects (object_id,object_name,object_code,user_object_name,module_code,parent_object_id,fbdi_sheet,hdl_sheet,loader_endpoint,re_con_query,sequence_in_parent,interface_table_name,rejection_table_name,ctl_file_name,xlsm_file_name,immediate_parent,batch_size,base_tables,creation_date,created_by,last_update_date,last_update_by,attribute1,attribute2,attribute3,attribute4,attribute5,attribute6,attribute7,attribute8,attribute9,attribute10,attribute11,attribute12,attribute13,attribute14,attribute15,conversion_type,cld_template_code,cld_metadata_table_name,cld_template_name) VALUES
	(209,'Wie Work Order Lots','WIE_WORK_ORDER_LOTS','Wie Work Order Lots','SCM',201,'WIE_WORK_ORDER_DETAILS_INT',NULL,'FBDI',NULL,8,'WIE_WORK_ORDER_DETAILS_INT','WIE_INT_ERRORS','WieWoLots','WorkOrderTemplate',NULL,30000,NULL,current_date,'riteadmin',current_date,'riteadmin',NULL,NULL,NULL,NULL,NULL,NULL,NULL,NULL,NULL,NULL,NULL,NULL,NULL,NULL,NULL,'DATA_MIGRATION','WIE_WORK_ORDER_LOTS','CR_WIE_WORK_ORDER_LOTS_C','CR_WIE_WORK_ORDER_LOTS_CLD');

INSERT INTO cr_object_information (object_id,info_type,info_value,info_description,additional_information1,additional_information2,additional_information3,additional_information4,additional_information5,creation_date,created_by,last_update_date,last_update_by,attribute1,attribute2,attribute3,attribute4,attribute5,attribute6,attribute7,attribute8,attribute9,attribute10,attribute11,attribute12,attribute13,attribute14,attribute15) VALUES
	(209,'Sequence','8','','',NULL,NULL,NULL,NULL,current_date,'riteadmin',current_date,'riteadmin',NULL,NULL,NULL,NULL,NULL,NULL,NULL,NULL,NULL,NULL,NULL,NULL,NULL,NULL,NULL),
     	(209,'JobName','/oracle/apps/ess/scm/commonWorkExecution/massImport/workOrders/,ImportWorkOrdersJob','','',NULL,NULL,NULL,NULL,current_date,'riteadmin',current_date,'riteadmin',NULL,NULL,NULL,NULL,NULL,NULL,NULL,NULL,NULL,NULL,NULL,NULL,NULL,NULL,NULL),
	(209,'DocumentAccount','scm/wie/WorkExecution','','',NULL,NULL,NULL,NULL,current_date,'riteadmin',current_date,'riteadmin',NULL,NULL,NULL,NULL,NULL,NULL,NULL,NULL,NULL,NULL,NULL,NULL,NULL,NULL,NULL),
	(209,'DocumentSecurityGroup','FAFusionImportExport','','',NULL,NULL,NULL,NULL,current_date,'riteadmin',current_date,'riteadmin',NULL,NULL,NULL,NULL,NULL,NULL,NULL,NULL,NULL,NULL,NULL,NULL,NULL,NULL,NULL),
	(209,'InterfaceDetails','63','','',NULL,NULL,NULL,NULL,current_date,'riteadmin',current_date,'riteadmin',NULL,NULL,NULL,NULL,NULL,NULL,NULL,NULL,NULL,NULL,NULL,NULL,NULL,NULL,NULL);

INSERT INTO cr_objects (object_id,object_name,object_code,user_object_name,module_code,parent_object_id,fbdi_sheet,hdl_sheet,loader_endpoint,re_con_query,sequence_in_parent,interface_table_name,rejection_table_name,ctl_file_name,xlsm_file_name,immediate_parent,batch_size,base_tables,creation_date,created_by,last_update_date,last_update_by,attribute1,attribute2,attribute3,attribute4,attribute5,attribute6,attribute7,attribute8,attribute9,attribute10,attribute11,attribute12,attribute13,attribute14,attribute15,conversion_type,cld_template_code,cld_metadata_table_name,cld_template_name) VALUES
	(210,'Wie Work Order Serials','WIE_WORK_ORDER_SERIALS','Wie Work Order Serials','SCM',201,'WIE_WORK_ORDER_DETAILS_INT',NULL,'FBDI',NULL,9,'WIE_WORK_ORDER_DETAILS_INT','WIE_INT_ERRORS','WieWoSerials','WorkOrderTemplate',NULL,30000,NULL,current_date,'riteadmin',current_date,'riteadmin',NULL,NULL,NULL,NULL,NULL,NULL,NULL,NULL,NULL,NULL,NULL,NULL,NULL,NULL,NULL,'DATA_MIGRATION','WIE_WORK_ORDER_SERIALS','CR_WIE_WORK_ORDER_SERIALS_C','CR_WIE_WORK_ORDER_SERIALS_CLD');

INSERT INTO cr_object_information (object_id,info_type,info_value,info_description,additional_information1,additional_information2,additional_information3,additional_information4,additional_information5,creation_date,created_by,last_update_date,last_update_by,attribute1,attribute2,attribute3,attribute4,attribute5,attribute6,attribute7,attribute8,attribute9,attribute10,attribute11,attribute12,attribute13,attribute14,attribute15) VALUES
	(210,'Sequence','9','','',NULL,NULL,NULL,NULL,current_date,'riteadmin',current_date,'riteadmin',NULL,NULL,NULL,NULL,NULL,NULL,NULL,NULL,NULL,NULL,NULL,NULL,NULL,NULL,NULL),
     	(210,'JobName','/oracle/apps/ess/scm/commonWorkExecution/massImport/workOrders/,ImportWorkOrdersJob','','',NULL,NULL,NULL,NULL,current_date,'riteadmin',current_date,'riteadmin',NULL,NULL,NULL,NULL,NULL,NULL,NULL,NULL,NULL,NULL,NULL,NULL,NULL,NULL,NULL),
	(210,'DocumentAccount','scm/wie/WorkExecution','','',NULL,NULL,NULL,NULL,current_date,'riteadmin',current_date,'riteadmin',NULL,NULL,NULL,NULL,NULL,NULL,NULL,NULL,NULL,NULL,NULL,NULL,NULL,NULL,NULL),
	(210,'DocumentSecurityGroup','FAFusionImportExport','','',NULL,NULL,NULL,NULL,current_date,'riteadmin',current_date,'riteadmin',NULL,NULL,NULL,NULL,NULL,NULL,NULL,NULL,NULL,NULL,NULL,NULL,NULL,NULL,NULL),
	(210,'InterfaceDetails','63','','',NULL,NULL,NULL,NULL,current_date,'riteadmin',current_date,'riteadmin',NULL,NULL,NULL,NULL,NULL,NULL,NULL,NULL,NULL,NULL,NULL,NULL,NULL,NULL,NULL);

INSERT INTO cr_objects (object_id,object_name,object_code,user_object_name,module_code,parent_object_id,fbdi_sheet,hdl_sheet,loader_endpoint,re_con_query,sequence_in_parent,interface_table_name,rejection_table_name,ctl_file_name,xlsm_file_name,immediate_parent,batch_size,base_tables,creation_date,created_by,last_update_date,last_update_by,attribute1,attribute2,attribute3,attribute4,attribute5,attribute6,attribute7,attribute8,attribute9,attribute10,attribute11,attribute12,attribute13,attribute14,attribute15,conversion_type,cld_template_code,cld_metadata_table_name,cld_template_name) VALUES
	(211,'Wie Work Order Assembly Component','WIE_WORK_ORDER_ASSEMBLY_COMPONENT','Wie Work Order Assembly Component','SCM',201,'WIE_WORK_ORDER_DETAILS_INT',NULL,'FBDI',NULL,10,'WIE_WORK_ORDER_DETAILS_INT','WIE_INT_ERRORS','WieWoAssemblyComponent','WorkOrderTemplate',NULL,30000,NULL,current_date,'riteadmin',current_date,'riteadmin',NULL,NULL,NULL,NULL,NULL,NULL,NULL,NULL,NULL,NULL,NULL,NULL,NULL,NULL,NULL,'DATA_MIGRATION','WIE_WO_ASSEMBLY_COMPONENT','CR_WIE_WO_ASSEMBLY_COMPONENT_C','CR_WIE_WO_ASSEMBLY_COMPONENT_CLD');

INSERT INTO cr_object_information (object_id,info_type,info_value,info_description,additional_information1,additional_information2,additional_information3,additional_information4,additional_information5,creation_date,created_by,last_update_date,last_update_by,attribute1,attribute2,attribute3,attribute4,attribute5,attribute6,attribute7,attribute8,attribute9,attribute10,attribute11,attribute12,attribute13,attribute14,attribute15) VALUES
	(211,'Sequence','10','','',NULL,NULL,NULL,NULL,current_date,'riteadmin',current_date,'riteadmin',NULL,NULL,NULL,NULL,NULL,NULL,NULL,NULL,NULL,NULL,NULL,NULL,NULL,NULL,NULL),
    	(211,'JobName','/oracle/apps/ess/scm/commonWorkExecution/massImport/workOrders/,ImportWorkOrdersJob','','',NULL,NULL,NULL,NULL,current_date,'riteadmin',current_date,'riteadmin',NULL,NULL,NULL,NULL,NULL,NULL,NULL,NULL,NULL,NULL,NULL,NULL,NULL,NULL,NULL),
	(211,'DocumentAccount','scm/wie/WorkExecution','','',NULL,NULL,NULL,NULL,current_date,'riteadmin',current_date,'riteadmin',NULL,NULL,NULL,NULL,NULL,NULL,NULL,NULL,NULL,NULL,NULL,NULL,NULL,NULL,NULL),
	(211,'DocumentSecurityGroup','FAFusionImportExport','','',NULL,NULL,NULL,NULL,current_date,'riteadmin',current_date,'riteadmin',NULL,NULL,NULL,NULL,NULL,NULL,NULL,NULL,NULL,NULL,NULL,NULL,NULL,NULL,NULL),
	(211,'InterfaceDetails','63','','',NULL,NULL,NULL,NULL,current_date,'riteadmin',current_date,'riteadmin',NULL,NULL,NULL,NULL,NULL,NULL,NULL,NULL,NULL,NULL,NULL,NULL,NULL,NULL,NULL);

INSERT INTO cr_objects (object_id,object_name,object_code,user_object_name,module_code,parent_object_id,fbdi_sheet,hdl_sheet,loader_endpoint,re_con_query,sequence_in_parent,interface_table_name,rejection_table_name,ctl_file_name,xlsm_file_name,immediate_parent,batch_size,base_tables,creation_date,created_by,last_update_date,last_update_by,attribute1,attribute2,attribute3,attribute4,attribute5,attribute6,attribute7,attribute8,attribute9,attribute10,attribute11,attribute12,attribute13,attribute14,attribute15,conversion_type,cld_template_code,cld_metadata_table_name,cld_template_name) VALUES
	(212,'Wie Work Order Material Serials','WIE_WORK_ORDER_MATERIAL_SERIALS','Wie Work Order Material Serials','SCM',201,'WIE_WORK_ORDER_DETAILS_INT',NULL,'FBDI',NULL,11,'WIE_WORK_ORDER_DETAILS_INT','WIE_INT_ERRORS','WieWoMaterialSerials','WorkOrderTemplate',NULL,30000,NULL,current_date,'riteadmin',current_date,'riteadmin',NULL,NULL,NULL,NULL,NULL,NULL,NULL,NULL,NULL,NULL,NULL,NULL,NULL,NULL,NULL,'DATA_MIGRATION','WIE_WO_MATERIAL_SERIALS','CR_WIE_WO_MATERIAL_SERIALS_C','CR_WIE_WO_MATERIAL_SERIALS_CLD');

INSERT INTO cr_object_information (object_id,info_type,info_value,info_description,additional_information1,additional_information2,additional_information3,additional_information4,additional_information5,creation_date,created_by,last_update_date,last_update_by,attribute1,attribute2,attribute3,attribute4,attribute5,attribute6,attribute7,attribute8,attribute9,attribute10,attribute11,attribute12,attribute13,attribute14,attribute15) VALUES
	(212,'Sequence','11','','',NULL,NULL,NULL,NULL,current_date,'riteadmin',current_date,'riteadmin',NULL,NULL,NULL,NULL,NULL,NULL,NULL,NULL,NULL,NULL,NULL,NULL,NULL,NULL,NULL),
    	(212,'JobName','/oracle/apps/ess/scm/commonWorkExecution/massImport/workOrders/,ImportWorkOrdersJob','','',NULL,NULL,NULL,NULL,current_date,'riteadmin',current_date,'riteadmin',NULL,NULL,NULL,NULL,NULL,NULL,NULL,NULL,NULL,NULL,NULL,NULL,NULL,NULL,NULL),
	(212,'DocumentAccount','scm/wie/WorkExecution','','',NULL,NULL,NULL,NULL,current_date,'riteadmin',current_date,'riteadmin',NULL,NULL,NULL,NULL,NULL,NULL,NULL,NULL,NULL,NULL,NULL,NULL,NULL,NULL,NULL),
	(212,'DocumentSecurityGroup','FAFusionImportExport','','',NULL,NULL,NULL,NULL,current_date,'riteadmin',current_date,'riteadmin',NULL,NULL,NULL,NULL,NULL,NULL,NULL,NULL,NULL,NULL,NULL,NULL,NULL,NULL,NULL),
	(212,'InterfaceDetails','63','','',NULL,NULL,NULL,NULL,current_date,'riteadmin',current_date,'riteadmin',NULL,NULL,NULL,NULL,NULL,NULL,NULL,NULL,NULL,NULL,NULL,NULL,NULL,NULL,NULL);

INSERT INTO cr_objects (object_id,object_name,object_code,user_object_name,module_code,parent_object_id,fbdi_sheet,hdl_sheet,loader_endpoint,re_con_query,sequence_in_parent,interface_table_name,rejection_table_name,ctl_file_name,xlsm_file_name,immediate_parent,batch_size,base_tables,creation_date,created_by,last_update_date,last_update_by,attribute1,attribute2,attribute3,attribute4,attribute5,attribute6,attribute7,attribute8,attribute9,attribute10,attribute11,attribute12,attribute13,attribute14,attribute15,conversion_type,cld_template_code,cld_metadata_table_name,cld_template_name) VALUES
	(213,'Wie Work Order Material Lots','WIE_WORK_ORDER_MATERIAL_LOTS','Wie Work Order Material Lots','SCM',201,'WIE_WORK_ORDER_DETAILS_INT',NULL,'FBDI',NULL,12,'WIE_WORK_ORDER_DETAILS_INT','WIE_INT_ERRORS','WieWoMaterialLots','WorkOrderTemplate',NULL,30000,NULL,current_date,'riteadmin',current_date,'riteadmin',NULL,NULL,NULL,NULL,NULL,NULL,NULL,NULL,NULL,NULL,NULL,NULL,NULL,NULL,NULL,'DATA_MIGRATION','WIE_WORK_ORDER_MATERIAL_LOTS','CR_WIE_WORK_ORDER_MATERIAL_LOTS_C','CR_WIE_WORK_ORDER_MATERIAL_LOTS_CLD');

INSERT INTO cr_object_information (object_id,info_type,info_value,info_description,additional_information1,additional_information2,additional_information3,additional_information4,additional_information5,creation_date,created_by,last_update_date,last_update_by,attribute1,attribute2,attribute3,attribute4,attribute5,attribute6,attribute7,attribute8,attribute9,attribute10,attribute11,attribute12,attribute13,attribute14,attribute15) VALUES
	(213,'Sequence','12','','',NULL,NULL,NULL,NULL,current_date,'riteadmin',current_date,'riteadmin',NULL,NULL,NULL,NULL,NULL,NULL,NULL,NULL,NULL,NULL,NULL,NULL,NULL,NULL,NULL),
    	(213,'JobName','/oracle/apps/ess/scm/commonWorkExecution/massImport/workOrders/,ImportWorkOrdersJob','','',NULL,NULL,NULL,NULL,current_date,'riteadmin',current_date,'riteadmin',NULL,NULL,NULL,NULL,NULL,NULL,NULL,NULL,NULL,NULL,NULL,NULL,NULL,NULL,NULL),
	(213,'DocumentAccount','scm/wie/WorkExecution','','',NULL,NULL,NULL,NULL,current_date,'riteadmin',current_date,'riteadmin',NULL,NULL,NULL,NULL,NULL,NULL,NULL,NULL,NULL,NULL,NULL,NULL,NULL,NULL,NULL),
	(213,'DocumentSecurityGroup','FAFusionImportExport','','',NULL,NULL,NULL,NULL,current_date,'riteadmin',current_date,'riteadmin',NULL,NULL,NULL,NULL,NULL,NULL,NULL,NULL,NULL,NULL,NULL,NULL,NULL,NULL,NULL),
	(213,'InterfaceDetails','63','','',NULL,NULL,NULL,NULL,current_date,'riteadmin',current_date,'riteadmin',NULL,NULL,NULL,NULL,NULL,NULL,NULL,NULL,NULL,NULL,NULL,NULL,NULL,NULL,NULL);


-- ITEM_STRUCTURE
INSERT INTO cr_objects (object_id,object_name,object_code,user_object_name,module_code,parent_object_id,fbdi_sheet,hdl_sheet,loader_endpoint,re_con_query,sequence_in_parent,interface_table_name,rejection_table_name,ctl_file_name,xlsm_file_name,immediate_parent,batch_size,base_tables,creation_date,created_by,last_update_date,last_update_by,attribute1,attribute2,attribute3,attribute4,attribute5,attribute6,attribute7,attribute8,attribute9,attribute10,attribute11,attribute12,attribute13,attribute14,attribute15,conversion_type,cld_template_code,cld_metadata_table_name,cld_template_name) VALUES
    (214,'Item Structure','ITEM_STRUCTURE','Item Structure','SCM',NULL,'',NULL,'FBDI',NULL,NULL,'','','','',NULL,30000,NULL,current_date,'riteadmin',current_date,'riteadmin',NULL,NULL,NULL,NULL,NULL,NULL,NULL,NULL,NULL,NULL,NULL,NULL,NULL,NULL,NULL,'DATA_MIGRATION',NULL,NULL,NULL);

INSERT INTO cr_objects (object_id,object_name,object_code,user_object_name,module_code,parent_object_id,fbdi_sheet,hdl_sheet,loader_endpoint,re_con_query,sequence_in_parent,interface_table_name,rejection_table_name,ctl_file_name,xlsm_file_name,immediate_parent,batch_size,base_tables,creation_date,created_by,last_update_date,last_update_by,attribute1,attribute2,attribute3,attribute4,attribute5,attribute6,attribute7,attribute8,attribute9,attribute10,attribute11,attribute12,attribute13,attribute14,attribute15,conversion_type,cld_template_code,cld_metadata_table_name,cld_template_name) VALUES
    (215,'Structure Interface','STRUCTURE_INTERFACE','Structure Interface','SCM',214,'EGP_STRUCTURES_INTERFACE','','FBDI',NULL,NULL,'EGP_STRUCTURES_INTERFACE','EGP_IMPORT_ERRORS','EgpStructuresInterface','ItemStructureImportTemplate',NULL,30000,'EGP_STRUCTURES_B',current_date,'riteadmin','2025-01-10','riteadmin',NULL,NULL,NULL,NULL,NULL,NULL,NULL,NULL,NULL,NULL,NULL,NULL,NULL,NULL,NULL,'DATA_MIGRATION','STRUCTURE_INTERFACE','CR_STRUCTURE_INTERFACE_C','CR_STRUCTURE_INTERFACE_CLD');

INSERT INTO cr_object_information (object_id,info_type,info_value,info_description,additional_information1,additional_information2,additional_information3,additional_information4,additional_information5,creation_date,created_by,last_update_date,last_update_by,attribute1,attribute2,attribute3,attribute4,attribute5,attribute6,attribute7,attribute8,attribute9,attribute10,attribute11,attribute12,attribute13,attribute14,attribute15) VALUES
	 (215,'JobName','/oracle/apps/ess/scm/productModel/items/,ItemImportJobDef','','',NULL,NULL,NULL,NULL,current_date,'riteadmin',current_date,'riteadmin',NULL,NULL,NULL,NULL,NULL,NULL,NULL,NULL,NULL,NULL,NULL,NULL,NULL,NULL,NULL),
	 (215,'Sequence','1','','',NULL,NULL,NULL,NULL,current_date,'riteadmin',current_date,'riteadmin',NULL,NULL,NULL,NULL,NULL,NULL,NULL,NULL,NULL,NULL,NULL,NULL,NULL,NULL,NULL),
	 (215,'DocumentAccount','scm/item/import','','',NULL,NULL,NULL,NULL,current_date,'riteadmin',current_date,'riteadmin',NULL,NULL,NULL,NULL,NULL,NULL,NULL,NULL,NULL,NULL,NULL,NULL,NULL,NULL,NULL),
	 (215,'DocumentSecurityGroup','FAFusionImportExport','','',NULL,NULL,NULL,NULL,current_date,'riteadmin',current_date,'riteadmin',NULL,NULL,NULL,NULL,NULL,NULL,NULL,NULL,NULL,NULL,NULL,NULL,NULL,NULL,NULL),
	 (215,'InterfaceDetails','29','','',NULL,NULL,NULL,NULL,current_date,'riteadmin',current_date,'riteadmin',NULL,NULL,NULL,NULL,NULL,NULL,NULL,NULL,NULL,NULL,NULL,NULL,NULL,NULL,NULL);

INSERT INTO cr_objects (object_id,object_name,object_code,user_object_name,module_code,parent_object_id,fbdi_sheet,hdl_sheet,loader_endpoint,re_con_query,sequence_in_parent,interface_table_name,rejection_table_name,ctl_file_name,xlsm_file_name,immediate_parent,batch_size,base_tables,creation_date,created_by,last_update_date,last_update_by,attribute1,attribute2,attribute3,attribute4,attribute5,attribute6,attribute7,attribute8,attribute9,attribute10,attribute11,attribute12,attribute13,attribute14,attribute15,conversion_type,cld_template_code,cld_metadata_table_name,cld_template_name) VALUES
	(216,'Component Interface','COMPONENT_INTERFACE','Component Interface','SCM',214,'EGP_COMPONENTS_INTERFACE','','FBDI',NULL,NULL,'EGP_COMPONENTS_INTERFACE','EGP_IMPORT_ERRORS','EgpComponentsInterface','ItemStructureImportTemplate',NULL,30000,'EGP_COMPONENTS_B',current_date,'riteadmin','2025-01-20','riteadmin',NULL,NULL,NULL,NULL,NULL,NULL,NULL,NULL,NULL,NULL,NULL,NULL,NULL,NULL,NULL,'DATA_MIGRATION','COMPONENT_INTERFACE','CR_COMPONENT_INTERFACE_C','CR_COMPONENT_INTERFACE_CLD');

INSERT INTO cr_object_information (object_id,info_type,info_value,info_description,additional_information1,additional_information2,additional_information3,additional_information4,additional_information5,creation_date,created_by,last_update_date,last_update_by,attribute1,attribute2,attribute3,attribute4,attribute5,attribute6,attribute7,attribute8,attribute9,attribute10,attribute11,attribute12,attribute13,attribute14,attribute15) VALUES
	 (216,'JobName','/oracle/apps/ess/scm/productModel/items/,ItemImportJobDef','','',NULL,NULL,NULL,NULL,current_date,'riteadmin',current_date,'riteadmin',NULL,NULL,NULL,NULL,NULL,NULL,NULL,NULL,NULL,NULL,NULL,NULL,NULL,NULL,NULL),
	 (216,'Sequence','2','','',NULL,NULL,NULL,NULL,current_date,'riteadmin',current_date,'riteadmin',NULL,NULL,NULL,NULL,NULL,NULL,NULL,NULL,NULL,NULL,NULL,NULL,NULL,NULL,NULL),
	 (216,'DocumentAccount','scm/item/import','','',NULL,NULL,NULL,NULL,current_date,'riteadmin',current_date,'riteadmin',NULL,NULL,NULL,NULL,NULL,NULL,NULL,NULL,NULL,NULL,NULL,NULL,NULL,NULL,NULL),
	 (216,'DocumentSecurityGroup','FAFusionImportExport','','',NULL,NULL,NULL,NULL,current_date,'riteadmin',current_date,'riteadmin',NULL,NULL,NULL,NULL,NULL,NULL,NULL,NULL,NULL,NULL,NULL,NULL,NULL,NULL,NULL),
	 (216,'InterfaceDetails','29','','',NULL,NULL,NULL,NULL,current_date,'riteadmin',current_date,'riteadmin',NULL,NULL,NULL,NULL,NULL,NULL,NULL,NULL,NULL,NULL,NULL,NULL,NULL,NULL,NULL);


INSERT INTO cr_objects (object_id,object_name,object_code,user_object_name,module_code,parent_object_id,fbdi_sheet,hdl_sheet,loader_endpoint,re_con_query,sequence_in_parent,interface_table_name,rejection_table_name,ctl_file_name,xlsm_file_name,immediate_parent,batch_size,base_tables,creation_date,created_by,last_update_date,last_update_by,attribute1,attribute2,attribute3,attribute4,attribute5,attribute6,attribute7,attribute8,attribute9,attribute10,attribute11,attribute12,attribute13,attribute14,attribute15,conversion_type,cld_template_code,cld_metadata_table_name,cld_template_name) VALUES
	(217,'Egp Substitute Component','EGP_SUBSTITUTE_COMPONENT','Egp Substitute Component','SCM',214,'EGP_SUB_COMPS_INTERFACE',NULL,'FBDI',NULL,3,'EGP_SUB_COMPS_INTERFACE','EGP_IMPORT_ERRORS','EgpSubCompsInterface','ItemStructureImportTemplate',NULL,30000,'EGP_SUBSTITUTE_COMPONENTS',current_date,'riteadmin',current_date,'riteadmin',NULL,NULL,NULL,NULL,NULL,NULL,NULL,NULL,NULL,NULL,NULL,NULL,NULL,NULL,NULL,'DATA_MIGRATION','EGP_SUBSTITUTE_COMPONENT','CR_EGP_SUBSTITUTE_COMPONENT_C','CR_EGP_SUBSTITUTE_COMPONENT_CLD');

INSERT INTO cr_object_information (object_id,info_type,info_value,info_description,additional_information1,additional_information2,additional_information3,additional_information4,additional_information5,creation_date,created_by,last_update_date,last_update_by,attribute1,attribute2,attribute3,attribute4,attribute5,attribute6,attribute7,attribute8,attribute9,attribute10,attribute11,attribute12,attribute13,attribute14,attribute15) VALUES
	 (217,'JobName','/oracle/apps/ess/scm/productModel/items/,ItemImportJobDef','','',NULL,NULL,NULL,NULL,current_date,'riteadmin',current_date,'riteadmin',NULL,NULL,NULL,NULL,NULL,NULL,NULL,NULL,NULL,NULL,NULL,NULL,NULL,NULL,NULL),
	 (217,'Sequence','3','','',NULL,NULL,NULL,NULL,current_date,'riteadmin',current_date,'riteadmin',NULL,NULL,NULL,NULL,NULL,NULL,NULL,NULL,NULL,NULL,NULL,NULL,NULL,NULL,NULL),
	 (217,'DocumentAccount','scm/item/import','','',NULL,NULL,NULL,NULL,current_date,'riteadmin',current_date,'riteadmin',NULL,NULL,NULL,NULL,NULL,NULL,NULL,NULL,NULL,NULL,NULL,NULL,NULL,NULL,NULL),
	 (217,'DocumentSecurityGroup','FAFusionImportExport','','',NULL,NULL,NULL,NULL,current_date,'riteadmin',current_date,'riteadmin',NULL,NULL,NULL,NULL,NULL,NULL,NULL,NULL,NULL,NULL,NULL,NULL,NULL,NULL,NULL),
	 (217,'InterfaceDetails','29','','',NULL,NULL,NULL,NULL,current_date,'riteadmin',current_date,'riteadmin',NULL,NULL,NULL,NULL,NULL,NULL,NULL,NULL,NULL,NULL,NULL,NULL,NULL,NULL,NULL);

INSERT INTO cr_objects (object_id,object_name,object_code,user_object_name,module_code,parent_object_id,fbdi_sheet,hdl_sheet,loader_endpoint,re_con_query,sequence_in_parent,interface_table_name,rejection_table_name,ctl_file_name,xlsm_file_name,immediate_parent,batch_size,base_tables,creation_date,created_by,last_update_date,last_update_by,attribute1,attribute2,attribute3,attribute4,attribute5,attribute6,attribute7,attribute8,attribute9,attribute10,attribute11,attribute12,attribute13,attribute14,attribute15,conversion_type,cld_template_code,cld_metadata_table_name,cld_template_name) VALUES
	(218,'Egp Reference Designators','EGP_REFERENCE_DESIGNATORS','Egp Reference Designators','SCM',214,'EGP_REF_DESGS_INTERFACE',NULL,'FBDI',NULL,4,'EGP_REF_DESGS_INTERFACE','EGP_IMPORT_ERRORS','EgpRefDesgsInterface','ItemStructureImportTemplate',NULL,30000,'EGP_REFERENCE_DESIGNATORS',current_date,'riteadmin',current_date,'riteadmin',NULL,NULL,NULL,NULL,NULL,NULL,NULL,NULL,NULL,NULL,NULL,NULL,NULL,NULL,NULL,'DATA_MIGRATION','EGP_REFERENCE_DESIGNATORS','CR_EGP_REFERENCE_DESIGNATORS_C','CR_EGP_REFERENCE_DESIGNATORS_CLD');

INSERT INTO cr_object_information (object_id,info_type,info_value,info_description,additional_information1,additional_information2,additional_information3,additional_information4,additional_information5,creation_date,created_by,last_update_date,last_update_by,attribute1,attribute2,attribute3,attribute4,attribute5,attribute6,attribute7,attribute8,attribute9,attribute10,attribute11,attribute12,attribute13,attribute14,attribute15) VALUES
	 (218,'JobName','/oracle/apps/ess/scm/productModel/items/,ItemImportJobDef','','',NULL,NULL,NULL,NULL,current_date,'riteadmin',current_date,'riteadmin',NULL,NULL,NULL,NULL,NULL,NULL,NULL,NULL,NULL,NULL,NULL,NULL,NULL,NULL,NULL),
	 (218,'Sequence','4','','',NULL,NULL,NULL,NULL,current_date,'riteadmin',current_date,'riteadmin',NULL,NULL,NULL,NULL,NULL,NULL,NULL,NULL,NULL,NULL,NULL,NULL,NULL,NULL,NULL),
	 (218,'DocumentAccount','scm/item/import','','',NULL,NULL,NULL,NULL,current_date,'riteadmin',current_date,'riteadmin',NULL,NULL,NULL,NULL,NULL,NULL,NULL,NULL,NULL,NULL,NULL,NULL,NULL,NULL,NULL),
	 (218,'DocumentSecurityGroup','FAFusionImportExport','','',NULL,NULL,NULL,NULL,current_date,'riteadmin',current_date,'riteadmin',NULL,NULL,NULL,NULL,NULL,NULL,NULL,NULL,NULL,NULL,NULL,NULL,NULL,NULL,NULL),
	 (218,'InterfaceDetails','29','','',NULL,NULL,NULL,NULL,current_date,'riteadmin',current_date,'riteadmin',NULL,NULL,NULL,NULL,NULL,NULL,NULL,NULL,NULL,NULL,NULL,NULL,NULL,NULL,NULL);
	 
--- paste down
-- DISCOUNT_LISTS	 
INSERT INTO cr_objects (object_id, object_name, object_code, user_object_name, module_code, parent_object_id, fbdi_sheet, loader_endpoint, re_con_query, sequence_in_parent, interface_table_name, rejection_table_name, ctl_file_name, xlsm_file_name, immediate_parent, batch_size, base_tables, creation_date, created_by, last_update_date, last_update_by, attribute1, attribute2, attribute3, attribute4, attribute5, attribute6, attribute7, attribute8, attribute9, attribute10, attribute11, attribute12, attribute13, attribute14, attribute15, conversion_type,cld_template_code,cld_metadata_table_name,cld_template_name) VALUES 
(219,'Discount Lists', 'DISCOUNT_LISTS', 'Discount Lists', 'SCM', NULL, '','FBDI', NULL, NULL, '','',  '', '', NULL, 30000, NULL, current_date, 'riteadmin', current_date, 'riteadmin', NULL, NULL, NULL, NULL,NULL, NULL, NULL, NULL, NULL, NULL, NULL, NULL, NULL, NULL, NULL,'DATA_MIGRATION', NULL, NULL, NULL);
INSERT INTO cr_objects (object_id, object_name, object_code, user_object_name, module_code, parent_object_id, fbdi_sheet, loader_endpoint, re_con_query, sequence_in_parent, interface_table_name, rejection_table_name, ctl_file_name, xlsm_file_name, immediate_parent, batch_size, base_tables, creation_date, created_by, last_update_date, last_update_by, attribute1, attribute2, attribute3, attribute4, attribute5, attribute6, attribute7, attribute8, attribute9, attribute10, attribute11, attribute12, attribute13, attribute14, attribute15, conversion_type,cld_template_code,cld_metadata_table_name,cld_template_name) VALUES 
(220,'Discount List Header', 'DISCOUNT_LIST_HEADER', 'Discount List Header', 'SCM', 219, 'QP_COST_LIST_CHARGES_INT','FBDI', NULL, 1, 'QP_COST_LIST_CHARGES_INT','QP_ERROR_MESSAGES_INT',  'QpDiscountListsInt', 'DiscountListImportTemplate', NULL, 30000, 'QP_DISCOUNT_LISTS_ALL_B', current_date, 'riteadmin', current_date, 'riteadmin', NULL, NULL, NULL, NULL,NULL, NULL, NULL, NULL, NULL, NULL, NULL, NULL, NULL, NULL, NULL,'DATA_MIGRATION', 'DISCOUNT_LIST_HEADER', 'CR_DISCOUNT_LIST_HEADER_C', 'CR_DISCOUNT_LIST_HEADER_CLD');

INSERT INTO cr_object_information (object_id,info_type,info_value,info_description,additional_information1,additional_information2,additional_information3,additional_information4,additional_information5,creation_date,created_by,last_update_date,last_update_by,attribute1,attribute2,attribute3,attribute4,attribute5,attribute6,attribute7,attribute8,attribute9,attribute10,attribute11,attribute12,attribute13,attribute14,attribute15) VALUES
	 (220,'JobName','/oracle/apps/ess/scm/pricing/pricingAdmin/discountLists/,QpDiscountListsImportJob','','',NULL,NULL,NULL,NULL,current_date,'riteadmin',current_date,'riteadmin',NULL,NULL,NULL,NULL,NULL,NULL,NULL,NULL,NULL,NULL,NULL,NULL,NULL,NULL,NULL),
	 (220,'Sequence','1','','',NULL,NULL,NULL,NULL,current_date,'riteadmin',current_date,'riteadmin',NULL,NULL,NULL,NULL,NULL,NULL,NULL,NULL,NULL,NULL,NULL,NULL,NULL,NULL,NULL),
	 (220,'DocumentAccount','scm/discountLists/import','','',NULL,NULL,NULL,NULL,current_date,'riteadmin',current_date,'riteadmin',NULL,NULL,NULL,NULL,NULL,NULL,NULL,NULL,NULL,NULL,NULL,NULL,NULL,NULL,NULL),
	 (220,'DocumentSecurityGroup','FAFusionImportExport','','',NULL,NULL,NULL,NULL,current_date,'riteadmin',current_date,'riteadmin',NULL,NULL,NULL,NULL,NULL,NULL,NULL,NULL,NULL,NULL,NULL,NULL,NULL,NULL,NULL),
	 (220,'InterfaceDetails','148','','',NULL,NULL,NULL,NULL,current_date,'riteadmin',current_date,'riteadmin',NULL,NULL,NULL,NULL,NULL,NULL,NULL,NULL,NULL,NULL,NULL,NULL,NULL,NULL,NULL);

INSERT INTO cr_objects (object_id, object_name, object_code, user_object_name, module_code, parent_object_id, fbdi_sheet, loader_endpoint, re_con_query, sequence_in_parent, interface_table_name, rejection_table_name, ctl_file_name, xlsm_file_name, immediate_parent, batch_size, base_tables, creation_date, created_by, last_update_date, last_update_by, attribute1, attribute2, attribute3, attribute4, attribute5, attribute6, attribute7, attribute8, attribute9, attribute10, attribute11, attribute12, attribute13, attribute14, attribute15, conversion_type,cld_template_code,cld_metadata_table_name,cld_template_name) VALUES 
(221,'Discount List Access Sets', 'DISCOUNT_LIST_ACCESS_SETS', 'Discount List Access Sets', 'SCM', 219, 'QP_DISCOUNT_LIST_SETS_INT','FBDI', NULL, 2, 'QP_DISCOUNT_LIST_SETS_INT','QP_ERROR_MESSAGES_INT',  'QpDiscountListSetsInt', 'DiscountListImportTemplate', NULL, 30000, NULL, current_date, 'riteadmin', current_date, 'riteadmin', NULL, NULL, NULL, NULL,NULL, NULL, NULL, NULL, NULL, NULL, NULL, NULL, NULL, NULL, NULL,'DATA_MIGRATION', 'DISCOUNT_LIST_ACCESS_SETS', 'CR_DISCOUNT_LIST_ACCESS_SETS_C', 'CR_DISCOUNT_LIST_ACCESS_SETS_CLD');

INSERT INTO cr_object_information (object_id,info_type,info_value,info_description,additional_information1,additional_information2,additional_information3,additional_information4,additional_information5,creation_date,created_by,last_update_date,last_update_by,attribute1,attribute2,attribute3,attribute4,attribute5,attribute6,attribute7,attribute8,attribute9,attribute10,attribute11,attribute12,attribute13,attribute14,attribute15) VALUES
	 (221,'JobName','/oracle/apps/ess/scm/pricing/pricingAdmin/discountLists/,QpDiscountListsImportJob','','',NULL,NULL,NULL,NULL,current_date,'riteadmin',current_date,'riteadmin',NULL,NULL,NULL,NULL,NULL,NULL,NULL,NULL,NULL,NULL,NULL,NULL,NULL,NULL,NULL),
	 (221,'Sequence','2','','',NULL,NULL,NULL,NULL,current_date,'riteadmin',current_date,'riteadmin',NULL,NULL,NULL,NULL,NULL,NULL,NULL,NULL,NULL,NULL,NULL,NULL,NULL,NULL,NULL),
	 (221,'DocumentAccount','scm/discountLists/import','','',NULL,NULL,NULL,NULL,current_date,'riteadmin',current_date,'riteadmin',NULL,NULL,NULL,NULL,NULL,NULL,NULL,NULL,NULL,NULL,NULL,NULL,NULL,NULL,NULL),
	 (221,'DocumentSecurityGroup','FAFusionImportExport','','',NULL,NULL,NULL,NULL,current_date,'riteadmin',current_date,'riteadmin',NULL,NULL,NULL,NULL,NULL,NULL,NULL,NULL,NULL,NULL,NULL,NULL,NULL,NULL,NULL),
	 (221,'InterfaceDetails','148','','',NULL,NULL,NULL,NULL,current_date,'riteadmin',current_date,'riteadmin',NULL,NULL,NULL,NULL,NULL,NULL,NULL,NULL,NULL,NULL,NULL,NULL,NULL,NULL,NULL);
	 
INSERT INTO cr_objects (object_id, object_name, object_code, user_object_name, module_code, parent_object_id, fbdi_sheet, loader_endpoint, re_con_query, sequence_in_parent, interface_table_name, rejection_table_name, ctl_file_name, xlsm_file_name, immediate_parent, batch_size, base_tables, creation_date, created_by, last_update_date, last_update_by, attribute1, attribute2, attribute3, attribute4, attribute5, attribute6, attribute7, attribute8, attribute9, attribute10, attribute11, attribute12, attribute13, attribute14, attribute15, conversion_type,cld_template_code,cld_metadata_table_name,cld_template_name) VALUES 
(222,'Discount List Items', 'DISCOUNT_LIST_ITEMS', 'Discount List Items', 'SCM', 219, 'QP_DISCOUNT_LIST_ITEMS_INT','FBDI', NULL, 3, 'QP_DISCOUNT_LIST_ITEMS_INT','QP_ERROR_MESSAGES_INT',  'QpDiscountListItemsInt', 'DiscountListImportTemplate', NULL, 30000, 'QP_DISCOUNT_LIST_ITEMS', current_date, 'riteadmin', current_date, 'riteadmin', NULL, NULL, NULL, NULL,NULL, NULL, NULL, NULL, NULL, NULL, NULL, NULL, NULL, NULL, NULL,'DATA_MIGRATION', 'DISCOUNT_LIST_ITEMS', 'CR_DISCOUNT_LIST_ITEMS_C', 'CR_DISCOUNT_LIST_ITEMS_CLD');

INSERT INTO cr_object_information (object_id,info_type,info_value,info_description,additional_information1,additional_information2,additional_information3,additional_information4,additional_information5,creation_date,created_by,last_update_date,last_update_by,attribute1,attribute2,attribute3,attribute4,attribute5,attribute6,attribute7,attribute8,attribute9,attribute10,attribute11,attribute12,attribute13,attribute14,attribute15) VALUES
	 (222,'JobName','/oracle/apps/ess/scm/pricing/pricingAdmin/discountLists/,QpDiscountListsImportJob','','',NULL,NULL,NULL,NULL,current_date,'riteadmin',current_date,'riteadmin',NULL,NULL,NULL,NULL,NULL,NULL,NULL,NULL,NULL,NULL,NULL,NULL,NULL,NULL,NULL),
	 (222,'Sequence','3','','',NULL,NULL,NULL,NULL,current_date,'riteadmin',current_date,'riteadmin',NULL,NULL,NULL,NULL,NULL,NULL,NULL,NULL,NULL,NULL,NULL,NULL,NULL,NULL,NULL),
	 (222,'DocumentAccount','scm/discountLists/import','','',NULL,NULL,NULL,NULL,current_date,'riteadmin',current_date,'riteadmin',NULL,NULL,NULL,NULL,NULL,NULL,NULL,NULL,NULL,NULL,NULL,NULL,NULL,NULL,NULL),
	 (222,'DocumentSecurityGroup','FAFusionImportExport','','',NULL,NULL,NULL,NULL,current_date,'riteadmin',current_date,'riteadmin',NULL,NULL,NULL,NULL,NULL,NULL,NULL,NULL,NULL,NULL,NULL,NULL,NULL,NULL,NULL),
	 (222,'InterfaceDetails','148','','',NULL,NULL,NULL,NULL,current_date,'riteadmin',current_date,'riteadmin',NULL,NULL,NULL,NULL,NULL,NULL,NULL,NULL,NULL,NULL,NULL,NULL,NULL,NULL,NULL);

INSERT INTO cr_objects (object_id, object_name, object_code, user_object_name, module_code, parent_object_id, fbdi_sheet, loader_endpoint, re_con_query, sequence_in_parent, interface_table_name, rejection_table_name, ctl_file_name, xlsm_file_name, immediate_parent, batch_size, base_tables, creation_date, created_by, last_update_date, last_update_by, attribute1, attribute2, attribute3, attribute4, attribute5, attribute6, attribute7, attribute8, attribute9, attribute10, attribute11, attribute12, attribute13, attribute14, attribute15, conversion_type,cld_template_code,cld_metadata_table_name,cld_template_name) VALUES 
(223,'Pricing Terms', 'PRICING_TERMS', 'Pricing Terms', 'SCM', 219, 'QP_PRICING_TERMS_INT','FBDI', NULL, 4, 'QP_PRICING_TERMS_INT','QP_ERROR_MESSAGES_INT',  'QpPricingTermsInt', 'DiscountListImportTemplate', NULL, 30000, 'QP_PRICING_TERMS_B', current_date, 'riteadmin', current_date, 'riteadmin', NULL, NULL, NULL, NULL,NULL, NULL, NULL, NULL, NULL, NULL, NULL, NULL, NULL, NULL, NULL,'DATA_MIGRATION', 'PRICING_TERMS', 'CR_PRICING_TERMS_C', 'CR_PRICING_TERMS_CLD');

INSERT INTO cr_object_information (object_id,info_type,info_value,info_description,additional_information1,additional_information2,additional_information3,additional_information4,additional_information5,creation_date,created_by,last_update_date,last_update_by,attribute1,attribute2,attribute3,attribute4,attribute5,attribute6,attribute7,attribute8,attribute9,attribute10,attribute11,attribute12,attribute13,attribute14,attribute15) VALUES
	 (223,'JobName','/oracle/apps/ess/scm/pricing/pricingAdmin/discountLists/,QpDiscountListsImportJob','','',NULL,NULL,NULL,NULL,current_date,'riteadmin',current_date,'riteadmin',NULL,NULL,NULL,NULL,NULL,NULL,NULL,NULL,NULL,NULL,NULL,NULL,NULL,NULL,NULL),
	 (223,'Sequence','4','','',NULL,NULL,NULL,NULL,current_date,'riteadmin',current_date,'riteadmin',NULL,NULL,NULL,NULL,NULL,NULL,NULL,NULL,NULL,NULL,NULL,NULL,NULL,NULL,NULL),
	 (223,'DocumentAccount','scm/discountLists/import','','',NULL,NULL,NULL,NULL,current_date,'riteadmin',current_date,'riteadmin',NULL,NULL,NULL,NULL,NULL,NULL,NULL,NULL,NULL,NULL,NULL,NULL,NULL,NULL,NULL),
	 (223,'DocumentSecurityGroup','FAFusionImportExport','','',NULL,NULL,NULL,NULL,current_date,'riteadmin',current_date,'riteadmin',NULL,NULL,NULL,NULL,NULL,NULL,NULL,NULL,NULL,NULL,NULL,NULL,NULL,NULL,NULL),
	 (223,'InterfaceDetails','148','','',NULL,NULL,NULL,NULL,current_date,'riteadmin',current_date,'riteadmin',NULL,NULL,NULL,NULL,NULL,NULL,NULL,NULL,NULL,NULL,NULL,NULL,NULL,NULL,NULL);


INSERT INTO cr_objects (object_id, object_name, object_code, user_object_name, module_code, parent_object_id, fbdi_sheet, loader_endpoint, re_con_query, sequence_in_parent, interface_table_name, rejection_table_name, ctl_file_name, xlsm_file_name, immediate_parent, batch_size, base_tables, creation_date, created_by, last_update_date, last_update_by, attribute1, attribute2, attribute3, attribute4, attribute5, attribute6, attribute7, attribute8, attribute9, attribute10, attribute11, attribute12, attribute13, attribute14, attribute15, conversion_type,cld_template_code,cld_metadata_table_name,cld_template_name) VALUES 
(224,'Discount List Matrix Dimension', 'DISCOUNT_LIST_MATRIX_DIMENSION', 'Discount List Matrix Dimension', 'SCM', 219, 'QP_MATRIX_DIMENSIONS_INT','FBDI', NULL, 5, 'QP_MATRIX_DIMENSIONS_INT','QP_ERROR_MESSAGES_INT',  'QpMatrixDimensionsInt', 'DiscountListImportTemplate', NULL, 30000, 'QP_MATRIX_DIMENSIONS_B', current_date, 'riteadmin', current_date, 'riteadmin', NULL, NULL, NULL, NULL,NULL, NULL, NULL, NULL, NULL, NULL, NULL, NULL, NULL, NULL, NULL,'DATA_MIGRATION', 'DISCOUNT_LIST_MATRIX_DIMENSION', 'CR_DISCOUNT_LIST_MATRIX_DIMENSION_C', 'CR_DISCOUNT_LIST_MATRIX_DIMENSION_CLD');

INSERT INTO cr_object_information (object_id,info_type,info_value,info_description,additional_information1,additional_information2,additional_information3,additional_information4,additional_information5,creation_date,created_by,last_update_date,last_update_by,attribute1,attribute2,attribute3,attribute4,attribute5,attribute6,attribute7,attribute8,attribute9,attribute10,attribute11,attribute12,attribute13,attribute14,attribute15) VALUES
	 (224,'JobName','/oracle/apps/ess/scm/pricing/pricingAdmin/discountLists/,QpDiscountListsImportJob','','',NULL,NULL,NULL,NULL,current_date,'riteadmin',current_date,'riteadmin',NULL,NULL,NULL,NULL,NULL,NULL,NULL,NULL,NULL,NULL,NULL,NULL,NULL,NULL,NULL),
	 (224,'Sequence','5','','',NULL,NULL,NULL,NULL,current_date,'riteadmin',current_date,'riteadmin',NULL,NULL,NULL,NULL,NULL,NULL,NULL,NULL,NULL,NULL,NULL,NULL,NULL,NULL,NULL),
	 (224,'DocumentAccount','scm/discountLists/import','','',NULL,NULL,NULL,NULL,current_date,'riteadmin',current_date,'riteadmin',NULL,NULL,NULL,NULL,NULL,NULL,NULL,NULL,NULL,NULL,NULL,NULL,NULL,NULL,NULL),
	 (224,'DocumentSecurityGroup','FAFusionImportExport','','',NULL,NULL,NULL,NULL,current_date,'riteadmin',current_date,'riteadmin',NULL,NULL,NULL,NULL,NULL,NULL,NULL,NULL,NULL,NULL,NULL,NULL,NULL,NULL,NULL),
	 (224,'InterfaceDetails','148','','',NULL,NULL,NULL,NULL,current_date,'riteadmin',current_date,'riteadmin',NULL,NULL,NULL,NULL,NULL,NULL,NULL,NULL,NULL,NULL,NULL,NULL,NULL,NULL,NULL);

INSERT INTO cr_objects (object_id, object_name, object_code, user_object_name, module_code, parent_object_id, fbdi_sheet, loader_endpoint, re_con_query, sequence_in_parent, interface_table_name, rejection_table_name, ctl_file_name, xlsm_file_name, immediate_parent, batch_size, base_tables, creation_date, created_by, last_update_date, last_update_by, attribute1, attribute2, attribute3, attribute4, attribute5, attribute6, attribute7, attribute8, attribute9, attribute10, attribute11, attribute12, attribute13, attribute14, attribute15, conversion_type,cld_template_code,cld_metadata_table_name,cld_template_name) VALUES 
(225,'Discount List Matrix Rules', 'DISCOUNT_LIST_MATRIX_RULES', 'Discount List Matrix Rules', 'SCM', 219, 'QP_MATRIX_RULES_INT','FBDI', NULL, 6, 'QP_MATRIX_RULES_INT','QP_ERROR_MESSAGES_INT',  'QpMatrixRulesInt', 'DiscountListImportTemplate', NULL, 30000, 'QP_MATRIX_RULES', current_date, 'riteadmin', current_date, 'riteadmin', NULL, NULL, NULL, NULL,NULL, NULL, NULL, NULL, NULL, NULL, NULL, NULL, NULL, NULL, NULL,'DATA_MIGRATION', 'DISCOUNT_LIST_MATRIX_RULES', 'CR_DISCOUNT_LIST_MATRIX_RULES_C', 'CR_DISCOUNT_LIST_MATRIX_RULES_CLD');

INSERT INTO cr_object_information (object_id,info_type,info_value,info_description,additional_information1,additional_information2,additional_information3,additional_information4,additional_information5,creation_date,created_by,last_update_date,last_update_by,attribute1,attribute2,attribute3,attribute4,attribute5,attribute6,attribute7,attribute8,attribute9,attribute10,attribute11,attribute12,attribute13,attribute14,attribute15) VALUES
	 (225,'JobName','/oracle/apps/ess/scm/pricing/pricingAdmin/discountLists/,QpDiscountListsImportJob','','',NULL,NULL,NULL,NULL,current_date,'riteadmin',current_date,'riteadmin',NULL,NULL,NULL,NULL,NULL,NULL,NULL,NULL,NULL,NULL,NULL,NULL,NULL,NULL,NULL),
	 (225,'Sequence','6','','',NULL,NULL,NULL,NULL,current_date,'riteadmin',current_date,'riteadmin',NULL,NULL,NULL,NULL,NULL,NULL,NULL,NULL,NULL,NULL,NULL,NULL,NULL,NULL,NULL),
	 (225,'DocumentAccount','scm/discountLists/import','','',NULL,NULL,NULL,NULL,current_date,'riteadmin',current_date,'riteadmin',NULL,NULL,NULL,NULL,NULL,NULL,NULL,NULL,NULL,NULL,NULL,NULL,NULL,NULL,NULL),
	 (225,'DocumentSecurityGroup','FAFusionImportExport','','',NULL,NULL,NULL,NULL,current_date,'riteadmin',current_date,'riteadmin',NULL,NULL,NULL,NULL,NULL,NULL,NULL,NULL,NULL,NULL,NULL,NULL,NULL,NULL,NULL),
	 (225,'InterfaceDetails','148','','',NULL,NULL,NULL,NULL,current_date,'riteadmin',current_date,'riteadmin',NULL,NULL,NULL,NULL,NULL,NULL,NULL,NULL,NULL,NULL,NULL,NULL,NULL,NULL,NULL);


-- IMPORT_SALES_ORDERS
INSERT INTO cr_objects (object_id, object_name, object_code, user_object_name, module_code, parent_object_id, fbdi_sheet, loader_endpoint, re_con_query, sequence_in_parent, interface_table_name, rejection_table_name, ctl_file_name, xlsm_file_name, immediate_parent, batch_size, base_tables, creation_date, created_by, last_update_date, last_update_by, attribute1, attribute2, attribute3, attribute4, attribute5, attribute6, attribute7, attribute8, attribute9, attribute10, attribute11, attribute12, attribute13, attribute14, attribute15, conversion_type,cld_template_code,cld_metadata_table_name,cld_template_name) VALUES 
(226,'Import Sales Orders', 'IMPORT_SALES_ORDERS', 'Import Sales Orders', 'SCM', NULL, '','FBDI', NULL, NULL, '','',  '', '', NULL, 30000, NULL, current_date, 'riteadmin', current_date, 'riteadmin', NULL, NULL, NULL, NULL,NULL, NULL, NULL, NULL, NULL, NULL, NULL, NULL, NULL, NULL, NULL,'DATA_MIGRATION', NULL, NULL, NULL);
INSERT INTO cr_objects (object_id, object_name, object_code, user_object_name, module_code, parent_object_id, fbdi_sheet, loader_endpoint, re_con_query, sequence_in_parent, interface_table_name, rejection_table_name, ctl_file_name, xlsm_file_name, immediate_parent, batch_size, base_tables, creation_date, created_by, last_update_date, last_update_by, attribute1, attribute2, attribute3, attribute4, attribute5, attribute6, attribute7, attribute8, attribute9, attribute10, attribute11, attribute12, attribute13, attribute14, attribute15, conversion_type,cld_template_code,cld_metadata_table_name,cld_template_name) VALUES 
(227,'Order Headers', 'ORDER_HEADERS', 'Order Headers', 'SCM', 226, 'DOO_ORDER_HEADERS_ALL_INT','FBDI', NULL, 1, 'DOO_ORDER_HEADERS_ALL_INT','DOO_ORDER_IMPORT_ERRORS_GT',  'DooOrderHeadersAllInt', 'SourceSalesOrderImportTemplate', NULL, 30000, 'DOO_HEADERS_ALL', current_date, 'riteadmin', current_date, 'riteadmin', NULL, NULL, NULL, NULL,NULL, NULL, NULL, NULL, NULL, NULL, NULL, NULL, NULL, NULL, NULL,'DATA_MIGRATION', 'ORDER_HEADERS', 'CR_ORDER_HEADERS_C', 'CR_ORDER_HEADERS_CLD');

INSERT INTO cr_object_information (object_id,info_type,info_value,info_description,additional_information1,additional_information2,additional_information3,additional_information4,additional_information5,creation_date,created_by,last_update_date,last_update_by,attribute1,attribute2,attribute3,attribute4,attribute5,attribute6,attribute7,attribute8,attribute9,attribute10,attribute11,attribute12,attribute13,attribute14,attribute15) VALUES
	 (227,'JobName','/oracle/apps/ess/scm/doo/decomposition/receiveTransform/receiveSalesOrder/,ImportOrdersJob','','',NULL,NULL,NULL,NULL,current_date,'riteadmin',current_date,'riteadmin',NULL,NULL,NULL,NULL,NULL,NULL,NULL,NULL,NULL,NULL,NULL,NULL,NULL,NULL,NULL),
	 (227,'Sequence','1','','',NULL,NULL,NULL,NULL,current_date,'riteadmin',current_date,'riteadmin',NULL,NULL,NULL,NULL,NULL,NULL,NULL,NULL,NULL,NULL,NULL,NULL,NULL,NULL,NULL),
	 (227,'DocumentAccount','scm/sourceSalesOrder/import','','',NULL,NULL,NULL,NULL,current_date,'riteadmin',current_date,'riteadmin',NULL,NULL,NULL,NULL,NULL,NULL,NULL,NULL,NULL,NULL,NULL,NULL,NULL,NULL,NULL),
	 (227,'DocumentSecurityGroup','FAFusionImportExport','','',NULL,NULL,NULL,NULL,current_date,'riteadmin',current_date,'riteadmin',NULL,NULL,NULL,NULL,NULL,NULL,NULL,NULL,NULL,NULL,NULL,NULL,NULL,NULL,NULL),
	 (227,'InterfaceDetails','72','','',NULL,NULL,NULL,NULL,current_date,'riteadmin',current_date,'riteadmin',NULL,NULL,NULL,NULL,NULL,NULL,NULL,NULL,NULL,NULL,NULL,NULL,NULL,NULL,NULL);

INSERT INTO cr_objects (object_id, object_name, object_code, user_object_name, module_code, parent_object_id, fbdi_sheet, loader_endpoint, re_con_query, sequence_in_parent, interface_table_name, rejection_table_name, ctl_file_name, xlsm_file_name, immediate_parent, batch_size, base_tables, creation_date, created_by, last_update_date, last_update_by, attribute1, attribute2, attribute3, attribute4, attribute5, attribute6, attribute7, attribute8, attribute9, attribute10, attribute11, attribute12, attribute13, attribute14, attribute15, conversion_type,cld_template_code,cld_metadata_table_name,cld_template_name) VALUES 
(228,'Order Lines', 'ORDER_LINES', 'Order Lines', 'SCM', 226, 'DOO_ORDER_LINES_ALL_INT','FBDI', NULL, 2, 'DOO_ORDER_LINES_ALL_INT','DOO_ORDER_IMPORT_ERRORS_GT',  'DooOrderLinesAllInt', 'SourceSalesOrderImportTemplate', NULL, 30000, 'DOO_LINES_ALL', current_date, 'riteadmin', current_date, 'riteadmin', NULL, NULL, NULL, NULL,NULL, NULL, NULL, NULL, NULL, NULL, NULL, NULL, NULL, NULL, NULL,'DATA_MIGRATION', 'ORDER_LINES', 'CR_ORDER_LINES_C', 'CR_ORDER_LINES_CLD');

INSERT INTO cr_object_information (object_id,info_type,info_value,info_description,additional_information1,additional_information2,additional_information3,additional_information4,additional_information5,creation_date,created_by,last_update_date,last_update_by,attribute1,attribute2,attribute3,attribute4,attribute5,attribute6,attribute7,attribute8,attribute9,attribute10,attribute11,attribute12,attribute13,attribute14,attribute15) VALUES
	 (228,'JobName','/oracle/apps/ess/scm/doo/decomposition/receiveTransform/receiveSalesOrder/,ImportOrdersJob','','',NULL,NULL,NULL,NULL,current_date,'riteadmin',current_date,'riteadmin',NULL,NULL,NULL,NULL,NULL,NULL,NULL,NULL,NULL,NULL,NULL,NULL,NULL,NULL,NULL),
	 (228,'Sequence','2','','',NULL,NULL,NULL,NULL,current_date,'riteadmin',current_date,'riteadmin',NULL,NULL,NULL,NULL,NULL,NULL,NULL,NULL,NULL,NULL,NULL,NULL,NULL,NULL,NULL),
	 (228,'DocumentAccount','scm/sourceSalesOrder/import','','',NULL,NULL,NULL,NULL,current_date,'riteadmin',current_date,'riteadmin',NULL,NULL,NULL,NULL,NULL,NULL,NULL,NULL,NULL,NULL,NULL,NULL,NULL,NULL,NULL),
	 (228,'DocumentSecurityGroup','FAFusionImportExport','','',NULL,NULL,NULL,NULL,current_date,'riteadmin',current_date,'riteadmin',NULL,NULL,NULL,NULL,NULL,NULL,NULL,NULL,NULL,NULL,NULL,NULL,NULL,NULL,NULL),
	 (228,'InterfaceDetails','72','','',NULL,NULL,NULL,NULL,current_date,'riteadmin',current_date,'riteadmin',NULL,NULL,NULL,NULL,NULL,NULL,NULL,NULL,NULL,NULL,NULL,NULL,NULL,NULL,NULL);

INSERT INTO cr_objects (object_id, object_name, object_code, user_object_name, module_code, parent_object_id, fbdi_sheet, loader_endpoint, re_con_query, sequence_in_parent, interface_table_name, rejection_table_name, ctl_file_name, xlsm_file_name, immediate_parent, batch_size, base_tables, creation_date, created_by, last_update_date, last_update_by, attribute1, attribute2, attribute3, attribute4, attribute5, attribute6, attribute7, attribute8, attribute9, attribute10, attribute11, attribute12, attribute13, attribute14, attribute15, conversion_type,cld_template_code,cld_metadata_table_name,cld_template_name) VALUES 
(229,'Order Addresses', 'ORDER_ADDRESSES', 'Order Addresses', 'SCM', 226, 'DOO_ORDER_ADDRESSES_INT','FBDI', NULL, 3, 'DOO_ORDER_ADDRESSES_INT','DOO_ORDER_IMPORT_ERRORS_GT',  'DooOrderAddressesInt', 'SourceSalesOrderImportTemplate', NULL, 30000, 'DOO_ORDER_ADDRESSES', current_date, 'riteadmin', current_date, 'riteadmin', NULL, NULL, NULL, NULL,NULL, NULL, NULL, NULL, NULL, NULL, NULL, NULL, NULL, NULL, NULL,'DATA_MIGRATION', 'ORDER_ADDRESSES', 'CR_ORDER_ADDRESSES_C', 'CR_ORDER_ADDRESSES_CLD');

INSERT INTO cr_object_information (object_id,info_type,info_value,info_description,additional_information1,additional_information2,additional_information3,additional_information4,additional_information5,creation_date,created_by,last_update_date,last_update_by,attribute1,attribute2,attribute3,attribute4,attribute5,attribute6,attribute7,attribute8,attribute9,attribute10,attribute11,attribute12,attribute13,attribute14,attribute15) VALUES
	 (229,'JobName','/oracle/apps/ess/scm/doo/decomposition/receiveTransform/receiveSalesOrder/,ImportOrdersJob','','',NULL,NULL,NULL,NULL,current_date,'riteadmin',current_date,'riteadmin',NULL,NULL,NULL,NULL,NULL,NULL,NULL,NULL,NULL,NULL,NULL,NULL,NULL,NULL,NULL),
	 (229,'Sequence','3','','',NULL,NULL,NULL,NULL,current_date,'riteadmin',current_date,'riteadmin',NULL,NULL,NULL,NULL,NULL,NULL,NULL,NULL,NULL,NULL,NULL,NULL,NULL,NULL,NULL),
	 (229,'DocumentAccount','scm/sourceSalesOrder/import','','',NULL,NULL,NULL,NULL,current_date,'riteadmin',current_date,'riteadmin',NULL,NULL,NULL,NULL,NULL,NULL,NULL,NULL,NULL,NULL,NULL,NULL,NULL,NULL,NULL),
	 (229,'DocumentSecurityGroup','FAFusionImportExport','','',NULL,NULL,NULL,NULL,current_date,'riteadmin',current_date,'riteadmin',NULL,NULL,NULL,NULL,NULL,NULL,NULL,NULL,NULL,NULL,NULL,NULL,NULL,NULL,NULL),
	 (229,'InterfaceDetails','72','','',NULL,NULL,NULL,NULL,current_date,'riteadmin',current_date,'riteadmin',NULL,NULL,NULL,NULL,NULL,NULL,NULL,NULL,NULL,NULL,NULL,NULL,NULL,NULL,NULL);

INSERT INTO cr_objects (object_id, object_name, object_code, user_object_name, module_code, parent_object_id, fbdi_sheet, loader_endpoint, re_con_query, sequence_in_parent, interface_table_name, rejection_table_name, ctl_file_name, xlsm_file_name, immediate_parent, batch_size, base_tables, creation_date, created_by, last_update_date, last_update_by, attribute1, attribute2, attribute3, attribute4, attribute5, attribute6, attribute7, attribute8, attribute9, attribute10, attribute11, attribute12, attribute13, attribute14, attribute15, conversion_type,cld_template_code,cld_metadata_table_name,cld_template_name) VALUES 
(230,'Order Transaction Attributes', 'ORDER_TRANSACTION_ATTRIBUTES', 'Order Transaction Attributes', 'SCM', 226, 'DOO_ORDER_TXN_ATTRIBUTES_INT','FBDI', NULL, 4, 'DOO_ORDER_TXN_ATTRIBUTES_INT','DOO_ORDER_IMPORT_ERRORS_GT',  'DooOrderTxnAttributesInt', 'SourceSalesOrderImportTemplate', NULL, 30000, NULL, current_date, 'riteadmin', current_date, 'riteadmin', NULL, NULL, NULL, NULL,NULL, NULL, NULL, NULL, NULL, NULL, NULL, NULL, NULL, NULL, NULL,'DATA_MIGRATION', 'ORDER_TRANSACTION_ATTRIBUTES', 'CR_ORDER_TRANSACTION_ATTRIBUTES_C', 'CR_ORDER_TRANSACTION_ATTRIBUTES_CLD');

INSERT INTO cr_object_information (object_id,info_type,info_value,info_description,additional_information1,additional_information2,additional_information3,additional_information4,additional_information5,creation_date,created_by,last_update_date,last_update_by,attribute1,attribute2,attribute3,attribute4,attribute5,attribute6,attribute7,attribute8,attribute9,attribute10,attribute11,attribute12,attribute13,attribute14,attribute15) VALUES
	 (230,'JobName','/oracle/apps/ess/scm/doo/decomposition/receiveTransform/receiveSalesOrder/,ImportOrdersJob','','',NULL,NULL,NULL,NULL,current_date,'riteadmin',current_date,'riteadmin',NULL,NULL,NULL,NULL,NULL,NULL,NULL,NULL,NULL,NULL,NULL,NULL,NULL,NULL,NULL),
	 (230,'Sequence','4','','',NULL,NULL,NULL,NULL,current_date,'riteadmin',current_date,'riteadmin',NULL,NULL,NULL,NULL,NULL,NULL,NULL,NULL,NULL,NULL,NULL,NULL,NULL,NULL,NULL),
	 (230,'DocumentAccount','scm/sourceSalesOrder/import','','',NULL,NULL,NULL,NULL,current_date,'riteadmin',current_date,'riteadmin',NULL,NULL,NULL,NULL,NULL,NULL,NULL,NULL,NULL,NULL,NULL,NULL,NULL,NULL,NULL),
	 (230,'DocumentSecurityGroup','FAFusionImportExport','','',NULL,NULL,NULL,NULL,current_date,'riteadmin',current_date,'riteadmin',NULL,NULL,NULL,NULL,NULL,NULL,NULL,NULL,NULL,NULL,NULL,NULL,NULL,NULL,NULL),
	 (230,'InterfaceDetails','72','','',NULL,NULL,NULL,NULL,current_date,'riteadmin',current_date,'riteadmin',NULL,NULL,NULL,NULL,NULL,NULL,NULL,NULL,NULL,NULL,NULL,NULL,NULL,NULL,NULL);

INSERT INTO cr_objects (object_id, object_name, object_code, user_object_name, module_code, parent_object_id, fbdi_sheet, loader_endpoint, re_con_query, sequence_in_parent, interface_table_name, rejection_table_name, ctl_file_name, xlsm_file_name, immediate_parent, batch_size, base_tables, creation_date, created_by, last_update_date, last_update_by, attribute1, attribute2, attribute3, attribute4, attribute5, attribute6, attribute7, attribute8, attribute9, attribute10, attribute11, attribute12, attribute13, attribute14, attribute15, conversion_type,cld_template_code,cld_metadata_table_name,cld_template_name) VALUES 
(231,'Order Sales Credits', 'ORDER_SALES_CREDITS', 'Order Sales Credits', 'SCM', 226, 'DOO_ORDER_SALES_CREDITS_INT','FBDI', NULL, 5, 'DOO_ORDER_SALES_CREDITS_INT','DOO_ORDER_IMPORT_ERRORS_GT',  'DooOrderSalesCreditsInt', 'SourceSalesOrderImportTemplate', NULL, 30000, NULL, current_date, 'riteadmin', current_date, 'riteadmin', NULL, NULL, NULL, NULL,NULL, NULL, NULL, NULL, NULL, NULL, NULL, NULL, NULL, NULL, NULL,'DATA_MIGRATION', 'ORDER_SALES_CREDITS', 'CR_ORDER_SALES_CREDITS_C', 'CR_ORDER_SALES_CREDITS_CLD');

INSERT INTO cr_object_information (object_id,info_type,info_value,info_description,additional_information1,additional_information2,additional_information3,additional_information4,additional_information5,creation_date,created_by,last_update_date,last_update_by,attribute1,attribute2,attribute3,attribute4,attribute5,attribute6,attribute7,attribute8,attribute9,attribute10,attribute11,attribute12,attribute13,attribute14,attribute15) VALUES
	 (231,'JobName','/oracle/apps/ess/scm/doo/decomposition/receiveTransform/receiveSalesOrder/,ImportOrdersJob','','',NULL,NULL,NULL,NULL,current_date,'riteadmin',current_date,'riteadmin',NULL,NULL,NULL,NULL,NULL,NULL,NULL,NULL,NULL,NULL,NULL,NULL,NULL,NULL,NULL),
	 (231,'Sequence','5','','',NULL,NULL,NULL,NULL,current_date,'riteadmin',current_date,'riteadmin',NULL,NULL,NULL,NULL,NULL,NULL,NULL,NULL,NULL,NULL,NULL,NULL,NULL,NULL,NULL),
	 (231,'DocumentAccount','scm/sourceSalesOrder/import','','',NULL,NULL,NULL,NULL,current_date,'riteadmin',current_date,'riteadmin',NULL,NULL,NULL,NULL,NULL,NULL,NULL,NULL,NULL,NULL,NULL,NULL,NULL,NULL,NULL),
	 (231,'DocumentSecurityGroup','FAFusionImportExport','','',NULL,NULL,NULL,NULL,current_date,'riteadmin',current_date,'riteadmin',NULL,NULL,NULL,NULL,NULL,NULL,NULL,NULL,NULL,NULL,NULL,NULL,NULL,NULL,NULL),
	 (231,'InterfaceDetails','72','','',NULL,NULL,NULL,NULL,current_date,'riteadmin',current_date,'riteadmin',NULL,NULL,NULL,NULL,NULL,NULL,NULL,NULL,NULL,NULL,NULL,NULL,NULL,NULL,NULL);

INSERT INTO cr_objects (object_id, object_name, object_code, user_object_name, module_code, parent_object_id, fbdi_sheet, loader_endpoint, re_con_query, sequence_in_parent, interface_table_name, rejection_table_name, ctl_file_name, xlsm_file_name, immediate_parent, batch_size, base_tables, creation_date, created_by, last_update_date, last_update_by, attribute1, attribute2, attribute3, attribute4, attribute5, attribute6, attribute7, attribute8, attribute9, attribute10, attribute11, attribute12, attribute13, attribute14, attribute15, conversion_type,cld_template_code,cld_metadata_table_name,cld_template_name) VALUES 
(232,'Order Payments', 'ORDER_PAYMENTS', 'Order Payments', 'SCM', 226, 'DOO_ORDER_PAYMENTS_INT','FBDI', NULL, 6, 'DOO_ORDER_PAYMENTS_INT','DOO_ORDER_IMPORT_ERRORS_GT',  'DooOrderPaymentsInt', 'SourceSalesOrderImportTemplate', NULL, 30000, NULL, current_date, 'riteadmin', current_date, 'riteadmin', NULL, NULL, NULL, NULL,NULL, NULL, NULL, NULL, NULL, NULL, NULL, NULL, NULL, NULL, NULL,'DATA_MIGRATION', 'ORDER_PAYMENTS', 'CR_ORDER_PAYMENTS_C', 'CR_ORDER_PAYMENTS_CLD');

INSERT INTO cr_object_information (object_id,info_type,info_value,info_description,additional_information1,additional_information2,additional_information3,additional_information4,additional_information5,creation_date,created_by,last_update_date,last_update_by,attribute1,attribute2,attribute3,attribute4,attribute5,attribute6,attribute7,attribute8,attribute9,attribute10,attribute11,attribute12,attribute13,attribute14,attribute15) VALUES
	 (232,'JobName','/oracle/apps/ess/scm/doo/decomposition/receiveTransform/receiveSalesOrder/,ImportOrdersJob','','',NULL,NULL,NULL,NULL,current_date,'riteadmin',current_date,'riteadmin',NULL,NULL,NULL,NULL,NULL,NULL,NULL,NULL,NULL,NULL,NULL,NULL,NULL,NULL,NULL),
	 (232,'Sequence','6','','',NULL,NULL,NULL,NULL,current_date,'riteadmin',current_date,'riteadmin',NULL,NULL,NULL,NULL,NULL,NULL,NULL,NULL,NULL,NULL,NULL,NULL,NULL,NULL,NULL),
	 (232,'DocumentAccount','scm/sourceSalesOrder/import','','',NULL,NULL,NULL,NULL,current_date,'riteadmin',current_date,'riteadmin',NULL,NULL,NULL,NULL,NULL,NULL,NULL,NULL,NULL,NULL,NULL,NULL,NULL,NULL,NULL),
	 (232,'DocumentSecurityGroup','FAFusionImportExport','','',NULL,NULL,NULL,NULL,current_date,'riteadmin',current_date,'riteadmin',NULL,NULL,NULL,NULL,NULL,NULL,NULL,NULL,NULL,NULL,NULL,NULL,NULL,NULL,NULL),
	 (232,'InterfaceDetails','72','','',NULL,NULL,NULL,NULL,current_date,'riteadmin',current_date,'riteadmin',NULL,NULL,NULL,NULL,NULL,NULL,NULL,NULL,NULL,NULL,NULL,NULL,NULL,NULL,NULL);

INSERT INTO cr_objects (object_id, object_name, object_code, user_object_name, module_code, parent_object_id, fbdi_sheet, loader_endpoint, re_con_query, sequence_in_parent, interface_table_name, rejection_table_name, ctl_file_name, xlsm_file_name, immediate_parent, batch_size, base_tables, creation_date, created_by, last_update_date, last_update_by, attribute1, attribute2, attribute3, attribute4, attribute5, attribute6, attribute7, attribute8, attribute9, attribute10, attribute11, attribute12, attribute13, attribute14, attribute15, conversion_type,cld_template_code,cld_metadata_table_name,cld_template_name) VALUES 
(233,'Order Lot Serials', 'ORDER_LOT_SERIALS', 'Order Lot Serials', 'SCM', 226, 'DOO_ORDER_LOT_SERIALS_INT','FBDI', NULL, 7, 'DOO_ORDER_LOT_SERIALS_INT','DOO_ORDER_IMPORT_ERRORS_GT',  'DooOrderLotSerialsInt', 'SourceSalesOrderImportTemplate', NULL, 30000, NULL, current_date, 'riteadmin', current_date, 'riteadmin', NULL, NULL, NULL, NULL,NULL, NULL, NULL, NULL, NULL, NULL, NULL, NULL, NULL, NULL, NULL,'DATA_MIGRATION', 'ORDER_LOT_SERIALS', 'CR_ORDER_LOT_SERIALS_C', 'CR_ORDER_LOT_SERIALS_CLD');

INSERT INTO cr_object_information (object_id,info_type,info_value,info_description,additional_information1,additional_information2,additional_information3,additional_information4,additional_information5,creation_date,created_by,last_update_date,last_update_by,attribute1,attribute2,attribute3,attribute4,attribute5,attribute6,attribute7,attribute8,attribute9,attribute10,attribute11,attribute12,attribute13,attribute14,attribute15) VALUES
	 (233,'JobName','/oracle/apps/ess/scm/doo/decomposition/receiveTransform/receiveSalesOrder/,ImportOrdersJob','','',NULL,NULL,NULL,NULL,current_date,'riteadmin',current_date,'riteadmin',NULL,NULL,NULL,NULL,NULL,NULL,NULL,NULL,NULL,NULL,NULL,NULL,NULL,NULL,NULL),
	 (233,'Sequence','7','','',NULL,NULL,NULL,NULL,current_date,'riteadmin',current_date,'riteadmin',NULL,NULL,NULL,NULL,NULL,NULL,NULL,NULL,NULL,NULL,NULL,NULL,NULL,NULL,NULL),
	 (233,'DocumentAccount','scm/sourceSalesOrder/import','','',NULL,NULL,NULL,NULL,current_date,'riteadmin',current_date,'riteadmin',NULL,NULL,NULL,NULL,NULL,NULL,NULL,NULL,NULL,NULL,NULL,NULL,NULL,NULL,NULL),
	 (233,'DocumentSecurityGroup','FAFusionImportExport','','',NULL,NULL,NULL,NULL,current_date,'riteadmin',current_date,'riteadmin',NULL,NULL,NULL,NULL,NULL,NULL,NULL,NULL,NULL,NULL,NULL,NULL,NULL,NULL,NULL),
	 (233,'InterfaceDetails','72','','',NULL,NULL,NULL,NULL,current_date,'riteadmin',current_date,'riteadmin',NULL,NULL,NULL,NULL,NULL,NULL,NULL,NULL,NULL,NULL,NULL,NULL,NULL,NULL,NULL);

INSERT INTO cr_objects (object_id, object_name, object_code, user_object_name, module_code, parent_object_id, fbdi_sheet, loader_endpoint, re_con_query, sequence_in_parent, interface_table_name, rejection_table_name, ctl_file_name, xlsm_file_name, immediate_parent, batch_size, base_tables, creation_date, created_by, last_update_date, last_update_by, attribute1, attribute2, attribute3, attribute4, attribute5, attribute6, attribute7, attribute8, attribute9, attribute10, attribute11, attribute12, attribute13, attribute14, attribute15, conversion_type,cld_template_code,cld_metadata_table_name,cld_template_name) VALUES 
(234,'Order Document References', 'ORDER_DOCUMENT_REFERENCES', 'Order Document References', 'SCM', 226, 'DOO_ORDER_DOC_REFERENCES_INT','FBDI', NULL, 8, 'DOO_ORDER_DOC_REFERENCES_INT','DOO_ORDER_IMPORT_ERRORS_GT',  'DooOrderDocReferencesInt', 'SourceSalesOrderImportTemplate', NULL, 30000, NULL, current_date, 'riteadmin', current_date, 'riteadmin', NULL, NULL, NULL, NULL,NULL, NULL, NULL, NULL, NULL, NULL, NULL, NULL, NULL, NULL, NULL,'DATA_MIGRATION', 'ORDER_DOCUMENT_REFERENCES', 'CR_ORDER_DOCUMENT_REFERENCES_C', 'CR_ORDER_DOCUMENT_REFERENCES_CLD');

INSERT INTO cr_object_information (object_id,info_type,info_value,info_description,additional_information1,additional_information2,additional_information3,additional_information4,additional_information5,creation_date,created_by,last_update_date,last_update_by,attribute1,attribute2,attribute3,attribute4,attribute5,attribute6,attribute7,attribute8,attribute9,attribute10,attribute11,attribute12,attribute13,attribute14,attribute15) VALUES
	 (234,'JobName','/oracle/apps/ess/scm/doo/decomposition/receiveTransform/receiveSalesOrder/,ImportOrdersJob','','',NULL,NULL,NULL,NULL,current_date,'riteadmin',current_date,'riteadmin',NULL,NULL,NULL,NULL,NULL,NULL,NULL,NULL,NULL,NULL,NULL,NULL,NULL,NULL,NULL),
	 (234,'Sequence','8','','',NULL,NULL,NULL,NULL,current_date,'riteadmin',current_date,'riteadmin',NULL,NULL,NULL,NULL,NULL,NULL,NULL,NULL,NULL,NULL,NULL,NULL,NULL,NULL,NULL),
	 (234,'DocumentAccount','scm/sourceSalesOrder/import','','',NULL,NULL,NULL,NULL,current_date,'riteadmin',current_date,'riteadmin',NULL,NULL,NULL,NULL,NULL,NULL,NULL,NULL,NULL,NULL,NULL,NULL,NULL,NULL,NULL),
	 (234,'DocumentSecurityGroup','FAFusionImportExport','','',NULL,NULL,NULL,NULL,current_date,'riteadmin',current_date,'riteadmin',NULL,NULL,NULL,NULL,NULL,NULL,NULL,NULL,NULL,NULL,NULL,NULL,NULL,NULL,NULL),
	 (234,'InterfaceDetails','72','','',NULL,NULL,NULL,NULL,current_date,'riteadmin',current_date,'riteadmin',NULL,NULL,NULL,NULL,NULL,NULL,NULL,NULL,NULL,NULL,NULL,NULL,NULL,NULL,NULL);

INSERT INTO cr_objects (object_id, object_name, object_code, user_object_name, module_code, parent_object_id, fbdi_sheet, loader_endpoint, re_con_query, sequence_in_parent, interface_table_name, rejection_table_name, ctl_file_name, xlsm_file_name, immediate_parent, batch_size, base_tables, creation_date, created_by, last_update_date, last_update_by, attribute1, attribute2, attribute3, attribute4, attribute5, attribute6, attribute7, attribute8, attribute9, attribute10, attribute11, attribute12, attribute13, attribute14, attribute15, conversion_type,cld_template_code,cld_metadata_table_name,cld_template_name) VALUES 
(235,'Order Charges', 'ORDER_CHARGES', 'Order Charges', 'SCM', 226, 'DOO_ORDER_DOC_REFERENCES_INT','FBDI', NULL, 9, 'DOO_ORDER_DOC_REFERENCES_INT','DOO_ORDER_IMPORT_ERRORS_GT',  'DooOrderChargesInt', 'SourceSalesOrderImportTemplate', NULL, 30000, NULL, current_date, 'riteadmin', current_date, 'riteadmin', NULL, NULL, NULL, NULL,NULL, NULL, NULL, NULL, NULL, NULL, NULL, NULL, NULL, NULL, NULL,'DATA_MIGRATION', 'ORDER_CHARGES', 'CR_ORDER_CHARGES_C', 'CR_ORDER_CHARGES_CLD');

INSERT INTO cr_object_information (object_id,info_type,info_value,info_description,additional_information1,additional_information2,additional_information3,additional_information4,additional_information5,creation_date,created_by,last_update_date,last_update_by,attribute1,attribute2,attribute3,attribute4,attribute5,attribute6,attribute7,attribute8,attribute9,attribute10,attribute11,attribute12,attribute13,attribute14,attribute15) VALUES
	 (235,'JobName','/oracle/apps/ess/scm/doo/decomposition/receiveTransform/receiveSalesOrder/,ImportOrdersJob','','',NULL,NULL,NULL,NULL,current_date,'riteadmin',current_date,'riteadmin',NULL,NULL,NULL,NULL,NULL,NULL,NULL,NULL,NULL,NULL,NULL,NULL,NULL,NULL,NULL),
	 (235,'Sequence','9','','',NULL,NULL,NULL,NULL,current_date,'riteadmin',current_date,'riteadmin',NULL,NULL,NULL,NULL,NULL,NULL,NULL,NULL,NULL,NULL,NULL,NULL,NULL,NULL,NULL),
	 (235,'DocumentAccount','scm/sourceSalesOrder/import','','',NULL,NULL,NULL,NULL,current_date,'riteadmin',current_date,'riteadmin',NULL,NULL,NULL,NULL,NULL,NULL,NULL,NULL,NULL,NULL,NULL,NULL,NULL,NULL,NULL),
	 (235,'DocumentSecurityGroup','FAFusionImportExport','','',NULL,NULL,NULL,NULL,current_date,'riteadmin',current_date,'riteadmin',NULL,NULL,NULL,NULL,NULL,NULL,NULL,NULL,NULL,NULL,NULL,NULL,NULL,NULL,NULL),
	 (235,'InterfaceDetails','72','','',NULL,NULL,NULL,NULL,current_date,'riteadmin',current_date,'riteadmin',NULL,NULL,NULL,NULL,NULL,NULL,NULL,NULL,NULL,NULL,NULL,NULL,NULL,NULL,NULL);

INSERT INTO cr_objects (object_id, object_name, object_code, user_object_name, module_code, parent_object_id, fbdi_sheet, loader_endpoint, re_con_query, sequence_in_parent, interface_table_name, rejection_table_name, ctl_file_name, xlsm_file_name, immediate_parent, batch_size, base_tables, creation_date, created_by, last_update_date, last_update_by, attribute1, attribute2, attribute3, attribute4, attribute5, attribute6, attribute7, attribute8, attribute9, attribute10, attribute11, attribute12, attribute13, attribute14, attribute15, conversion_type,cld_template_code,cld_metadata_table_name,cld_template_name) VALUES 
(236,'Order Charge Components', 'ORDER_CHARGE_COMPONENTS', 'Order Charge Components', 'SCM', 226, 'DOO_ORDER_CHARGE_COMPS_INT','FBDI', NULL, 10, 'DOO_ORDER_CHARGE_COMPS_INT','DOO_ORDER_IMPORT_ERRORS_GT',  'DooOrderChargeCompsInt', 'SourceSalesOrderImportTemplate', NULL, 30000, 'DOO_ORDER_CHARGE_COMPONENTS', current_date, 'riteadmin', current_date, 'riteadmin', NULL, NULL, NULL, NULL,NULL, NULL, NULL, NULL, NULL, NULL, NULL, NULL, NULL, NULL, NULL,'DATA_MIGRATION', 'ORDER_CHARGE_COMPONENTS', 'CR_ORDER_CHARGE_COMPONENTS_C', 'CR_ORDER_CHARGE_COMPONENTS_CLD');

INSERT INTO cr_object_information (object_id,info_type,info_value,info_description,additional_information1,additional_information2,additional_information3,additional_information4,additional_information5,creation_date,created_by,last_update_date,last_update_by,attribute1,attribute2,attribute3,attribute4,attribute5,attribute6,attribute7,attribute8,attribute9,attribute10,attribute11,attribute12,attribute13,attribute14,attribute15) VALUES
	 (236,'JobName','/oracle/apps/ess/scm/doo/decomposition/receiveTransform/receiveSalesOrder/,ImportOrdersJob','','',NULL,NULL,NULL,NULL,current_date,'riteadmin',current_date,'riteadmin',NULL,NULL,NULL,NULL,NULL,NULL,NULL,NULL,NULL,NULL,NULL,NULL,NULL,NULL,NULL),
	 (236,'Sequence','10','','',NULL,NULL,NULL,NULL,current_date,'riteadmin',current_date,'riteadmin',NULL,NULL,NULL,NULL,NULL,NULL,NULL,NULL,NULL,NULL,NULL,NULL,NULL,NULL,NULL),
	 (236,'DocumentAccount','scm/sourceSalesOrder/import','','',NULL,NULL,NULL,NULL,current_date,'riteadmin',current_date,'riteadmin',NULL,NULL,NULL,NULL,NULL,NULL,NULL,NULL,NULL,NULL,NULL,NULL,NULL,NULL,NULL),
	 (236,'DocumentSecurityGroup','FAFusionImportExport','','',NULL,NULL,NULL,NULL,current_date,'riteadmin',current_date,'riteadmin',NULL,NULL,NULL,NULL,NULL,NULL,NULL,NULL,NULL,NULL,NULL,NULL,NULL,NULL,NULL),
	 (236,'InterfaceDetails','72','','',NULL,NULL,NULL,NULL,current_date,'riteadmin',current_date,'riteadmin',NULL,NULL,NULL,NULL,NULL,NULL,NULL,NULL,NULL,NULL,NULL,NULL,NULL,NULL,NULL);

INSERT INTO cr_objects (object_id, object_name, object_code, user_object_name, module_code, parent_object_id, fbdi_sheet, loader_endpoint, re_con_query, sequence_in_parent, interface_table_name, rejection_table_name, ctl_file_name, xlsm_file_name, immediate_parent, batch_size, base_tables, creation_date, created_by, last_update_date, last_update_by, attribute1, attribute2, attribute3, attribute4, attribute5, attribute6, attribute7, attribute8, attribute9, attribute10, attribute11, attribute12, attribute13, attribute14, attribute15, conversion_type,cld_template_code,cld_metadata_table_name,cld_template_name) VALUES 
(237,'Order Billing Plans', 'ORDER_BILLING_PLANS', 'Order Billing Plans', 'SCM', 226, 'DOO_ORDER_BILLING_PLANS_INT','FBDI', NULL, 11, 'DOO_ORDER_BILLING_PLANS_INT','DOO_ORDER_IMPORT_ERRORS_GT',  'DooOrderBillingPlansInt', 'SourceSalesOrderImportTemplate', NULL, 30000, NULL, current_date, 'riteadmin', current_date, 'riteadmin', NULL, NULL, NULL, NULL,NULL, NULL, NULL, NULL, NULL, NULL, NULL, NULL, NULL, NULL, NULL,'DATA_MIGRATION', 'ORDER_BILLING_PLANS', 'CR_ORDER_BILLING_PLANS_C', 'CR_ORDER_BILLING_PLANS_CLD');

INSERT INTO cr_object_information (object_id,info_type,info_value,info_description,additional_information1,additional_information2,additional_information3,additional_information4,additional_information5,creation_date,created_by,last_update_date,last_update_by,attribute1,attribute2,attribute3,attribute4,attribute5,attribute6,attribute7,attribute8,attribute9,attribute10,attribute11,attribute12,attribute13,attribute14,attribute15) VALUES
	 (237,'JobName','/oracle/apps/ess/scm/doo/decomposition/receiveTransform/receiveSalesOrder/,ImportOrdersJob','','',NULL,NULL,NULL,NULL,current_date,'riteadmin',current_date,'riteadmin',NULL,NULL,NULL,NULL,NULL,NULL,NULL,NULL,NULL,NULL,NULL,NULL,NULL,NULL,NULL),
	 (237,'Sequence','11','','',NULL,NULL,NULL,NULL,current_date,'riteadmin',current_date,'riteadmin',NULL,NULL,NULL,NULL,NULL,NULL,NULL,NULL,NULL,NULL,NULL,NULL,NULL,NULL,NULL),
	 (237,'DocumentAccount','scm/sourceSalesOrder/import','','',NULL,NULL,NULL,NULL,current_date,'riteadmin',current_date,'riteadmin',NULL,NULL,NULL,NULL,NULL,NULL,NULL,NULL,NULL,NULL,NULL,NULL,NULL,NULL,NULL),
	 (237,'DocumentSecurityGroup','FAFusionImportExport','','',NULL,NULL,NULL,NULL,current_date,'riteadmin',current_date,'riteadmin',NULL,NULL,NULL,NULL,NULL,NULL,NULL,NULL,NULL,NULL,NULL,NULL,NULL,NULL,NULL),
	 (237,'InterfaceDetails','72','','',NULL,NULL,NULL,NULL,current_date,'riteadmin',current_date,'riteadmin',NULL,NULL,NULL,NULL,NULL,NULL,NULL,NULL,NULL,NULL,NULL,NULL,NULL,NULL,NULL);

INSERT INTO cr_objects (object_id, object_name, object_code, user_object_name, module_code, parent_object_id, fbdi_sheet, loader_endpoint, re_con_query, sequence_in_parent, interface_table_name, rejection_table_name, ctl_file_name, xlsm_file_name, immediate_parent, batch_size, base_tables, creation_date, created_by, last_update_date, last_update_by, attribute1, attribute2, attribute3, attribute4, attribute5, attribute6, attribute7, attribute8, attribute9, attribute10, attribute11, attribute12, attribute13, attribute14, attribute15, conversion_type,cld_template_code,cld_metadata_table_name,cld_template_name) VALUES 
(238,'Order Manual Price Adjustment', 'ORDER_MANUAL_PRICE_ADJUSTMENT', 'Order Manual Price Adjustment', 'SCM', 226, 'DOO_ORDER_MANUAL_PRICE_ADJ_INT','FBDI', NULL, 12, 'DOO_ORDER_MANUAL_PRICE_ADJ_INT','DOO_ORDER_IMPORT_ERRORS_GT',  'DooOrderManualPriceAdjInt', 'SourceSalesOrderImportTemplate', NULL, 30000, NULL, current_date, 'riteadmin', current_date, 'riteadmin', NULL, NULL, NULL, NULL,NULL, NULL, NULL, NULL, NULL, NULL, NULL, NULL, NULL, NULL, NULL,'DATA_MIGRATION', 'ORDER_MANUAL_PRICE_ADJUSTMENT', 'CR_ORDER_MANUAL_PRICE_ADJUSTMENT_C', 'CR_ORDER_MANUAL_PRICE_ADJUSTMENT_CLD');

INSERT INTO cr_object_information (object_id,info_type,info_value,info_description,additional_information1,additional_information2,additional_information3,additional_information4,additional_information5,creation_date,created_by,last_update_date,last_update_by,attribute1,attribute2,attribute3,attribute4,attribute5,attribute6,attribute7,attribute8,attribute9,attribute10,attribute11,attribute12,attribute13,attribute14,attribute15) VALUES
	 (238,'JobName','/oracle/apps/ess/scm/doo/decomposition/receiveTransform/receiveSalesOrder/,ImportOrdersJob','','',NULL,NULL,NULL,NULL,current_date,'riteadmin',current_date,'riteadmin',NULL,NULL,NULL,NULL,NULL,NULL,NULL,NULL,NULL,NULL,NULL,NULL,NULL,NULL,NULL),
	 (238,'Sequence','12','','',NULL,NULL,NULL,NULL,current_date,'riteadmin',current_date,'riteadmin',NULL,NULL,NULL,NULL,NULL,NULL,NULL,NULL,NULL,NULL,NULL,NULL,NULL,NULL,NULL),
	 (238,'DocumentAccount','scm/sourceSalesOrder/import','','',NULL,NULL,NULL,NULL,current_date,'riteadmin',current_date,'riteadmin',NULL,NULL,NULL,NULL,NULL,NULL,NULL,NULL,NULL,NULL,NULL,NULL,NULL,NULL,NULL),
	 (238,'DocumentSecurityGroup','FAFusionImportExport','','',NULL,NULL,NULL,NULL,current_date,'riteadmin',current_date,'riteadmin',NULL,NULL,NULL,NULL,NULL,NULL,NULL,NULL,NULL,NULL,NULL,NULL,NULL,NULL,NULL),
	 (238,'InterfaceDetails','72','','',NULL,NULL,NULL,NULL,current_date,'riteadmin',current_date,'riteadmin',NULL,NULL,NULL,NULL,NULL,NULL,NULL,NULL,NULL,NULL,NULL,NULL,NULL,NULL,NULL);

INSERT INTO cr_objects (object_id, object_name, object_code, user_object_name, module_code, parent_object_id, fbdi_sheet, loader_endpoint, re_con_query, sequence_in_parent, interface_table_name, rejection_table_name, ctl_file_name, xlsm_file_name, immediate_parent, batch_size, base_tables, creation_date, created_by, last_update_date, last_update_by, attribute1, attribute2, attribute3, attribute4, attribute5, attribute6, attribute7, attribute8, attribute9, attribute10, attribute11, attribute12, attribute13, attribute14, attribute15, conversion_type,cld_template_code,cld_metadata_table_name,cld_template_name) VALUES 
(239,'Order Header Extensible Flexfields', 'ORDER_HEADER_EXTENSIBLE_FLEXFIELDS', 'Order Header Extensible Flexfields', 'SCM', 226, 'DOO_ORDER_HDRS_ALL_EFF_B_INT','FBDI', NULL, 13, 'DOO_ORDER_HDRS_ALL_EFF_B_INT','DOO_ORDER_IMPORT_ERRORS_GT',  'DooOrderHdrsAllEffBInt', 'SourceSalesOrderImportTemplate', NULL, 30000, NULL, current_date, 'riteadmin', current_date, 'riteadmin', NULL, NULL, NULL, NULL,NULL, NULL, NULL, NULL, NULL, NULL, NULL, NULL, NULL, NULL, NULL,'DATA_MIGRATION', 'ORDER_HEADER_EFF', 'CR_ORDER_HEADER_EFF_C', 'CR_ORDER_HEADER_EFF_CLD');

INSERT INTO cr_object_information (object_id,info_type,info_value,info_description,additional_information1,additional_information2,additional_information3,additional_information4,additional_information5,creation_date,created_by,last_update_date,last_update_by,attribute1,attribute2,attribute3,attribute4,attribute5,attribute6,attribute7,attribute8,attribute9,attribute10,attribute11,attribute12,attribute13,attribute14,attribute15) VALUES
	 (239,'JobName','/oracle/apps/ess/scm/doo/decomposition/receiveTransform/receiveSalesOrder/,ImportOrdersJob','','',NULL,NULL,NULL,NULL,current_date,'riteadmin',current_date,'riteadmin',NULL,NULL,NULL,NULL,NULL,NULL,NULL,NULL,NULL,NULL,NULL,NULL,NULL,NULL,NULL),
	 (239,'Sequence','13','','',NULL,NULL,NULL,NULL,current_date,'riteadmin',current_date,'riteadmin',NULL,NULL,NULL,NULL,NULL,NULL,NULL,NULL,NULL,NULL,NULL,NULL,NULL,NULL,NULL),
	 (239,'DocumentAccount','scm/sourceSalesOrder/import','','',NULL,NULL,NULL,NULL,current_date,'riteadmin',current_date,'riteadmin',NULL,NULL,NULL,NULL,NULL,NULL,NULL,NULL,NULL,NULL,NULL,NULL,NULL,NULL,NULL),
	 (239,'DocumentSecurityGroup','FAFusionImportExport','','',NULL,NULL,NULL,NULL,current_date,'riteadmin',current_date,'riteadmin',NULL,NULL,NULL,NULL,NULL,NULL,NULL,NULL,NULL,NULL,NULL,NULL,NULL,NULL,NULL),
	 (239,'InterfaceDetails','72','','',NULL,NULL,NULL,NULL,current_date,'riteadmin',current_date,'riteadmin',NULL,NULL,NULL,NULL,NULL,NULL,NULL,NULL,NULL,NULL,NULL,NULL,NULL,NULL,NULL);

INSERT INTO cr_objects (object_id, object_name, object_code, user_object_name, module_code, parent_object_id, fbdi_sheet, loader_endpoint, re_con_query, sequence_in_parent, interface_table_name, rejection_table_name, ctl_file_name, xlsm_file_name, immediate_parent, batch_size, base_tables, creation_date, created_by, last_update_date, last_update_by, attribute1, attribute2, attribute3, attribute4, attribute5, attribute6, attribute7, attribute8, attribute9, attribute10, attribute11, attribute12, attribute13, attribute14, attribute15, conversion_type,cld_template_code,cld_metadata_table_name,cld_template_name) VALUES 
(240,'Order Line Extensible Flexfields', 'ORDER_LINE_EXTENSIBLE_FLEXFIELDS', 'Order Line Extensible Flexfields', 'SCM', 226, 'DOO_ORDER_LINES_ALL_EFF_B_INT','FBDI', NULL, 14, 'DOO_ORDER_LINES_ALL_EFF_B_INT','DOO_ORDER_IMPORT_ERRORS_GT',  'DooOrderLinesAllEffBInt', 'SourceSalesOrderImportTemplate', NULL, 30000, NULL, current_date, 'riteadmin', current_date, 'riteadmin', NULL, NULL, NULL, NULL,NULL, NULL, NULL, NULL, NULL, NULL, NULL, NULL, NULL, NULL, NULL,'DATA_MIGRATION', 'ORDER_LINE_EFF', 'CR_ORDER_LINE_EFF_C', 'CR_ORDER_LINE_EFF_CLD');

INSERT INTO cr_object_information (object_id,info_type,info_value,info_description,additional_information1,additional_information2,additional_information3,additional_information4,additional_information5,creation_date,created_by,last_update_date,last_update_by,attribute1,attribute2,attribute3,attribute4,attribute5,attribute6,attribute7,attribute8,attribute9,attribute10,attribute11,attribute12,attribute13,attribute14,attribute15) VALUES
	 (240,'JobName','/oracle/apps/ess/scm/doo/decomposition/receiveTransform/receiveSalesOrder/,ImportOrdersJob','','',NULL,NULL,NULL,NULL,current_date,'riteadmin',current_date,'riteadmin',NULL,NULL,NULL,NULL,NULL,NULL,NULL,NULL,NULL,NULL,NULL,NULL,NULL,NULL,NULL),
	 (240,'Sequence','14','','',NULL,NULL,NULL,NULL,current_date,'riteadmin',current_date,'riteadmin',NULL,NULL,NULL,NULL,NULL,NULL,NULL,NULL,NULL,NULL,NULL,NULL,NULL,NULL,NULL),
	 (240,'DocumentAccount','scm/sourceSalesOrder/import','','',NULL,NULL,NULL,NULL,current_date,'riteadmin',current_date,'riteadmin',NULL,NULL,NULL,NULL,NULL,NULL,NULL,NULL,NULL,NULL,NULL,NULL,NULL,NULL,NULL),
	 (240,'DocumentSecurityGroup','FAFusionImportExport','','',NULL,NULL,NULL,NULL,current_date,'riteadmin',current_date,'riteadmin',NULL,NULL,NULL,NULL,NULL,NULL,NULL,NULL,NULL,NULL,NULL,NULL,NULL,NULL,NULL),
	 (240,'InterfaceDetails','72','','',NULL,NULL,NULL,NULL,current_date,'riteadmin',current_date,'riteadmin',NULL,NULL,NULL,NULL,NULL,NULL,NULL,NULL,NULL,NULL,NULL,NULL,NULL,NULL,NULL);

INSERT INTO cr_objects (object_id, object_name, object_code, user_object_name, module_code, parent_object_id, fbdi_sheet, loader_endpoint, re_con_query, sequence_in_parent, interface_table_name, rejection_table_name, ctl_file_name, xlsm_file_name, immediate_parent, batch_size, base_tables, creation_date, created_by, last_update_date, last_update_by, attribute1, attribute2, attribute3, attribute4, attribute5, attribute6, attribute7, attribute8, attribute9, attribute10, attribute11, attribute12, attribute13, attribute14, attribute15, conversion_type,cld_template_code,cld_metadata_table_name,cld_template_name) VALUES 
(241,'Order Line Projects', 'ORDER_LINE_PROJECTS', 'Order Line Projects', 'SCM', 226, 'DOO_PROJECTS_INT','FBDI', NULL, 15, 'DOO_PROJECTS_INT','DOO_ORDER_IMPORT_ERRORS_GT',  'DooProjectsInt', 'SourceSalesOrderImportTemplate', NULL, 30000, 'DOO_PROJECTS', current_date, 'riteadmin', current_date, 'riteadmin', NULL, NULL, NULL, NULL,NULL, NULL, NULL, NULL, NULL, NULL, NULL, NULL, NULL, NULL, NULL,'DATA_MIGRATION', 'ORDER_LINE_PROJECTS', 'CR_ORDER_LINE_PROJECTS_C', 'CR_ORDER_LINE_PROJECTS_CLD');

INSERT INTO cr_object_information (object_id,info_type,info_value,info_description,additional_information1,additional_information2,additional_information3,additional_information4,additional_information5,creation_date,created_by,last_update_date,last_update_by,attribute1,attribute2,attribute3,attribute4,attribute5,attribute6,attribute7,attribute8,attribute9,attribute10,attribute11,attribute12,attribute13,attribute14,attribute15) VALUES
	 (241,'JobName','/oracle/apps/ess/scm/doo/decomposition/receiveTransform/receiveSalesOrder/,ImportOrdersJob','','',NULL,NULL,NULL,NULL,current_date,'riteadmin',current_date,'riteadmin',NULL,NULL,NULL,NULL,NULL,NULL,NULL,NULL,NULL,NULL,NULL,NULL,NULL,NULL,NULL),
	 (241,'Sequence','15','','',NULL,NULL,NULL,NULL,current_date,'riteadmin',current_date,'riteadmin',NULL,NULL,NULL,NULL,NULL,NULL,NULL,NULL,NULL,NULL,NULL,NULL,NULL,NULL,NULL),
	 (241,'DocumentAccount','scm/sourceSalesOrder/import','','',NULL,NULL,NULL,NULL,current_date,'riteadmin',current_date,'riteadmin',NULL,NULL,NULL,NULL,NULL,NULL,NULL,NULL,NULL,NULL,NULL,NULL,NULL,NULL,NULL),
	 (241,'DocumentSecurityGroup','FAFusionImportExport','','',NULL,NULL,NULL,NULL,current_date,'riteadmin',current_date,'riteadmin',NULL,NULL,NULL,NULL,NULL,NULL,NULL,NULL,NULL,NULL,NULL,NULL,NULL,NULL,NULL),
	 (241,'InterfaceDetails','72','','',NULL,NULL,NULL,NULL,current_date,'riteadmin',current_date,'riteadmin',NULL,NULL,NULL,NULL,NULL,NULL,NULL,NULL,NULL,NULL,NULL,NULL,NULL,NULL,NULL);

INSERT INTO cr_objects (object_id, object_name, object_code, user_object_name, module_code, parent_object_id, fbdi_sheet, loader_endpoint, re_con_query, sequence_in_parent, interface_table_name, rejection_table_name, ctl_file_name, xlsm_file_name, immediate_parent, batch_size, base_tables, creation_date, created_by, last_update_date, last_update_by, attribute1, attribute2, attribute3, attribute4, attribute5, attribute6, attribute7, attribute8, attribute9, attribute10, attribute11, attribute12, attribute13, attribute14, attribute15, conversion_type,cld_template_code,cld_metadata_table_name,cld_template_name) VALUES 
(242,'Order Terms', 'ORDER_TERMS', 'Order Terms', 'SCM', 226, 'DOO_ORDER_TERMS_INT','FBDI', NULL, 16, 'DOO_ORDER_TERMS_INT','DOO_ORDER_IMPORT_ERRORS_GT',  'DooOrderTermsInt', 'SourceSalesOrderImportTemplate', NULL, 30000, 'DOO_ORDER_TERMS', current_date, 'riteadmin', current_date, 'riteadmin', NULL, NULL, NULL, NULL,NULL, NULL, NULL, NULL, NULL, NULL, NULL, NULL, NULL, NULL, NULL,'DATA_MIGRATION', 'ORDER_TERMS', 'CR_ORDER_TERMS_C', 'CR_ORDER_TERMS_CLD');

INSERT INTO cr_object_information (object_id,info_type,info_value,info_description,additional_information1,additional_information2,additional_information3,additional_information4,additional_information5,creation_date,created_by,last_update_date,last_update_by,attribute1,attribute2,attribute3,attribute4,attribute5,attribute6,attribute7,attribute8,attribute9,attribute10,attribute11,attribute12,attribute13,attribute14,attribute15) VALUES
	 (242,'JobName','/oracle/apps/ess/scm/doo/decomposition/receiveTransform/receiveSalesOrder/,ImportOrdersJob','','',NULL,NULL,NULL,NULL,current_date,'riteadmin',current_date,'riteadmin',NULL,NULL,NULL,NULL,NULL,NULL,NULL,NULL,NULL,NULL,NULL,NULL,NULL,NULL,NULL),
	 (242,'Sequence','16','','',NULL,NULL,NULL,NULL,current_date,'riteadmin',current_date,'riteadmin',NULL,NULL,NULL,NULL,NULL,NULL,NULL,NULL,NULL,NULL,NULL,NULL,NULL,NULL,NULL),
	 (242,'DocumentAccount','scm/sourceSalesOrder/import','','',NULL,NULL,NULL,NULL,current_date,'riteadmin',current_date,'riteadmin',NULL,NULL,NULL,NULL,NULL,NULL,NULL,NULL,NULL,NULL,NULL,NULL,NULL,NULL,NULL),
	 (242,'DocumentSecurityGroup','FAFusionImportExport','','',NULL,NULL,NULL,NULL,current_date,'riteadmin',current_date,'riteadmin',NULL,NULL,NULL,NULL,NULL,NULL,NULL,NULL,NULL,NULL,NULL,NULL,NULL,NULL,NULL),
	 (242,'InterfaceDetails','72','','',NULL,NULL,NULL,NULL,current_date,'riteadmin',current_date,'riteadmin',NULL,NULL,NULL,NULL,NULL,NULL,NULL,NULL,NULL,NULL,NULL,NULL,NULL,NULL,NULL);

INSERT INTO cr_objects (object_id, object_name, object_code, user_object_name, module_code, parent_object_id, fbdi_sheet, loader_endpoint, re_con_query, sequence_in_parent, interface_table_name, rejection_table_name, ctl_file_name, xlsm_file_name, immediate_parent, batch_size, base_tables, creation_date, created_by, last_update_date, last_update_by, attribute1, attribute2, attribute3, attribute4, attribute5, attribute6, attribute7, attribute8, attribute9, attribute10, attribute11, attribute12, attribute13, attribute14, attribute15, conversion_type,cld_template_code,cld_metadata_table_name,cld_template_name) VALUES 
(243,'Order Charge Tiers ', 'ORDER_CHARGE_TIERS ', 'Order Charge Tiers ', 'SCM', 226, 'DOO_ORDER_CHARGE_TIERS_INT','FBDI', NULL, 17, 'DOO_ORDER_CHARGE_TIERS_INT','DOO_ORDER_IMPORT_ERRORS_GT',  'DooOrderChargeTiersInt', 'SourceSalesOrderImportTemplate', NULL, 30000, 'DOO_ORDER_CHARGE_TIERS', current_date, 'riteadmin', current_date, 'riteadmin', NULL, NULL, NULL, NULL,NULL, NULL, NULL, NULL, NULL, NULL, NULL, NULL, NULL, NULL, NULL,'DATA_MIGRATION', 'ORDER_CHARGE_TIERS ', 'CR_ORDER_CHARGE_TIERS _C', 'CR_ORDER_CHARGE_TIERS _CLD');

INSERT INTO cr_object_information (object_id,info_type,info_value,info_description,additional_information1,additional_information2,additional_information3,additional_information4,additional_information5,creation_date,created_by,last_update_date,last_update_by,attribute1,attribute2,attribute3,attribute4,attribute5,attribute6,attribute7,attribute8,attribute9,attribute10,attribute11,attribute12,attribute13,attribute14,attribute15) VALUES
	 (243,'JobName','/oracle/apps/ess/scm/doo/decomposition/receiveTransform/receiveSalesOrder/,ImportOrdersJob','','',NULL,NULL,NULL,NULL,current_date,'riteadmin',current_date,'riteadmin',NULL,NULL,NULL,NULL,NULL,NULL,NULL,NULL,NULL,NULL,NULL,NULL,NULL,NULL,NULL),
	 (243,'Sequence','17','','',NULL,NULL,NULL,NULL,current_date,'riteadmin',current_date,'riteadmin',NULL,NULL,NULL,NULL,NULL,NULL,NULL,NULL,NULL,NULL,NULL,NULL,NULL,NULL,NULL),
	 (243,'DocumentAccount','scm/sourceSalesOrder/import','','',NULL,NULL,NULL,NULL,current_date,'riteadmin',current_date,'riteadmin',NULL,NULL,NULL,NULL,NULL,NULL,NULL,NULL,NULL,NULL,NULL,NULL,NULL,NULL,NULL),
	 (243,'DocumentSecurityGroup','FAFusionImportExport','','',NULL,NULL,NULL,NULL,current_date,'riteadmin',current_date,'riteadmin',NULL,NULL,NULL,NULL,NULL,NULL,NULL,NULL,NULL,NULL,NULL,NULL,NULL,NULL,NULL),
	 (243,'InterfaceDetails','72','','',NULL,NULL,NULL,NULL,current_date,'riteadmin',current_date,'riteadmin',NULL,NULL,NULL,NULL,NULL,NULL,NULL,NULL,NULL,NULL,NULL,NULL,NULL,NULL,NULL);


-- PRICE_LIST
INSERT INTO cr_objects (object_id, object_name, object_code, user_object_name, module_code, parent_object_id, fbdi_sheet, loader_endpoint, re_con_query, sequence_in_parent, interface_table_name, rejection_table_name, ctl_file_name, xlsm_file_name, immediate_parent, batch_size, base_tables, creation_date, created_by, last_update_date, last_update_by, attribute1, attribute2, attribute3, attribute4, attribute5, attribute6, attribute7, attribute8, attribute9, attribute10, attribute11, attribute12, attribute13, attribute14, attribute15, conversion_type,cld_template_code,cld_metadata_table_name,cld_template_name) VALUES 
(244,'Price List', 'PRICE_LIST', 'Price List', 'SCM', Null, '','FBDI', NULL, Null, '','',  '', '', NULL, 30000, NULL, current_date, 'riteadmin', current_date, 'riteadmin', NULL, NULL, NULL, NULL,NULL, NULL, NULL, NULL, NULL, NULL, NULL, NULL, NULL, NULL, NULL,'DATA_MIGRATION', NULL, NULL, NULL);
INSERT INTO cr_objects (object_id, object_name, object_code, user_object_name, module_code, parent_object_id, fbdi_sheet, loader_endpoint, re_con_query, sequence_in_parent, interface_table_name, rejection_table_name, ctl_file_name, xlsm_file_name, immediate_parent, batch_size, base_tables, creation_date, created_by, last_update_date, last_update_by, attribute1, attribute2, attribute3, attribute4, attribute5, attribute6, attribute7, attribute8, attribute9, attribute10, attribute11, attribute12, attribute13, attribute14, attribute15, conversion_type,cld_template_code,cld_metadata_table_name,cld_template_name) VALUES 
(245,'Price List Header', 'PRICE_LIST_HEADER', 'Price List Header', 'SCM', 244, 'QP_PRICE_LISTS_INT','FBDI', NULL, 1, 'QP_PRICE_LISTS_INT','QP_ERROR_MESSAGES_INT',  'QpPriceListsInt', 'PriceListImportTemplate', NULL, 30000, 'QP_PRICE_LISTS_ALL_B', current_date, 'riteadmin', current_date, 'riteadmin', NULL, NULL, NULL, NULL,NULL, NULL, NULL, NULL, NULL, NULL, NULL, NULL, NULL, NULL, NULL,'DATA_MIGRATION', 'PRICE_LIST_HEADER', 'CR_PRICE_LIST_HEADER_C', 'CR_PRICE_LIST_HEADER_CLD');

INSERT INTO cr_object_information (object_id,info_type,info_value,info_description,additional_information1,additional_information2,additional_information3,additional_information4,additional_information5,creation_date,created_by,last_update_date,last_update_by,attribute1,attribute2,attribute3,attribute4,attribute5,attribute6,attribute7,attribute8,attribute9,attribute10,attribute11,attribute12,attribute13,attribute14,attribute15) VALUES
	 (245,'JobName','/oracle/apps/ess/scm/pricing/pricingAdmin/priceLists/,QpPriceListImportJob','','',NULL,NULL,NULL,NULL,current_date,'riteadmin',current_date,'riteadmin',NULL,NULL,NULL,NULL,NULL,NULL,NULL,NULL,NULL,NULL,NULL,NULL,NULL,NULL,NULL),
	 (245,'Sequence','1','','',NULL,NULL,NULL,NULL,current_date,'riteadmin',current_date,'riteadmin',NULL,NULL,NULL,NULL,NULL,NULL,NULL,NULL,NULL,NULL,NULL,NULL,NULL,NULL,NULL),
	 (245,'DocumentAccount','scm/priceLists/import','','',NULL,NULL,NULL,NULL,current_date,'riteadmin',current_date,'riteadmin',NULL,NULL,NULL,NULL,NULL,NULL,NULL,NULL,NULL,NULL,NULL,NULL,NULL,NULL,NULL),
	 (245,'DocumentSecurityGroup','FAFusionImportExport','','',NULL,NULL,NULL,NULL,current_date,'riteadmin',current_date,'riteadmin',NULL,NULL,NULL,NULL,NULL,NULL,NULL,NULL,NULL,NULL,NULL,NULL,NULL,NULL,NULL),
	 (245,'InterfaceDetails','74','','',NULL,NULL,NULL,NULL,current_date,'riteadmin',current_date,'riteadmin',NULL,NULL,NULL,NULL,NULL,NULL,NULL,NULL,NULL,NULL,NULL,NULL,NULL,NULL,NULL);

INSERT INTO cr_objects (object_id, object_name, object_code, user_object_name, module_code, parent_object_id, fbdi_sheet, loader_endpoint, re_con_query, sequence_in_parent, interface_table_name, rejection_table_name, ctl_file_name, xlsm_file_name, immediate_parent, batch_size, base_tables, creation_date, created_by, last_update_date, last_update_by, attribute1, attribute2, attribute3, attribute4, attribute5, attribute6, attribute7, attribute8, attribute9, attribute10, attribute11, attribute12, attribute13, attribute14, attribute15, conversion_type,cld_template_code,cld_metadata_table_name,cld_template_name) VALUES 
(246,'Price List Access Sets', 'PRICE_LIST_ACCESS_SETS', 'Price List Access Sets', 'SCM', 244, 'QP_PRICE_LIST_SETS_INT','FBDI', NULL, 2, 'QP_PRICE_LIST_SETS_INT','QP_ERROR_MESSAGES_INT',  'QpPriceListSetsInt', 'PriceListImportTemplate', NULL, 30000, NULL, current_date, 'riteadmin', current_date, 'riteadmin', NULL, NULL, NULL, NULL,NULL, NULL, NULL, NULL, NULL, NULL, NULL, NULL, NULL, NULL, NULL,'DATA_MIGRATION', 'PRICE_LIST_ACCESS_SETS', 'CR_PRICE_LIST_ACCESS_SETS_C', 'CR_PRICE_LIST_ACCESS_SETS_CLD');

INSERT INTO cr_object_information (object_id,info_type,info_value,info_description,additional_information1,additional_information2,additional_information3,additional_information4,additional_information5,creation_date,created_by,last_update_date,last_update_by,attribute1,attribute2,attribute3,attribute4,attribute5,attribute6,attribute7,attribute8,attribute9,attribute10,attribute11,attribute12,attribute13,attribute14,attribute15) VALUES
	 (246,'JobName','/oracle/apps/ess/scm/pricing/pricingAdmin/priceLists/,QpPriceListImportJob','','',NULL,NULL,NULL,NULL,current_date,'riteadmin',current_date,'riteadmin',NULL,NULL,NULL,NULL,NULL,NULL,NULL,NULL,NULL,NULL,NULL,NULL,NULL,NULL,NULL),
	 (246,'Sequence','2','','',NULL,NULL,NULL,NULL,current_date,'riteadmin',current_date,'riteadmin',NULL,NULL,NULL,NULL,NULL,NULL,NULL,NULL,NULL,NULL,NULL,NULL,NULL,NULL,NULL),
	 (246,'DocumentAccount','scm/priceLists/import','','',NULL,NULL,NULL,NULL,current_date,'riteadmin',current_date,'riteadmin',NULL,NULL,NULL,NULL,NULL,NULL,NULL,NULL,NULL,NULL,NULL,NULL,NULL,NULL,NULL),
	 (246,'DocumentSecurityGroup','FAFusionImportExport','','',NULL,NULL,NULL,NULL,current_date,'riteadmin',current_date,'riteadmin',NULL,NULL,NULL,NULL,NULL,NULL,NULL,NULL,NULL,NULL,NULL,NULL,NULL,NULL,NULL),
	 (246,'InterfaceDetails','74','','',NULL,NULL,NULL,NULL,current_date,'riteadmin',current_date,'riteadmin',NULL,NULL,NULL,NULL,NULL,NULL,NULL,NULL,NULL,NULL,NULL,NULL,NULL,NULL,NULL);

INSERT INTO cr_objects (object_id, object_name, object_code, user_object_name, module_code, parent_object_id, fbdi_sheet, loader_endpoint, re_con_query, sequence_in_parent, interface_table_name, rejection_table_name, ctl_file_name, xlsm_file_name, immediate_parent, batch_size, base_tables, creation_date, created_by, last_update_date, last_update_by, attribute1, attribute2, attribute3, attribute4, attribute5, attribute6, attribute7, attribute8, attribute9, attribute10, attribute11, attribute12, attribute13, attribute14, attribute15, conversion_type,cld_template_code,cld_metadata_table_name,cld_template_name) VALUES 
(247,'Price List Items', 'PRICE_LIST_ITEMS', 'Price List Items', 'SCM', 244, 'QP_PRICE_LIST_ITEMS_INT','FBDI', NULL, 3, 'QP_PRICE_LIST_ITEMS_INT','QP_ERROR_MESSAGES_INT',  'QpPriceListItemsInt', 'PriceListImportTemplate', NULL, 30000, 'QP_PRICE_LIST_ITEMS', current_date, 'riteadmin', current_date, 'riteadmin', NULL, NULL, NULL, NULL,NULL, NULL, NULL, NULL, NULL, NULL, NULL, NULL, NULL, NULL, NULL,'DATA_MIGRATION', 'PRICE_LIST_ITEMS', 'CR_PRICE_LIST_ITEMS_C', 'CR_PRICE_LIST_ITEMS_CLD');

INSERT INTO cr_object_information (object_id,info_type,info_value,info_description,additional_information1,additional_information2,additional_information3,additional_information4,additional_information5,creation_date,created_by,last_update_date,last_update_by,attribute1,attribute2,attribute3,attribute4,attribute5,attribute6,attribute7,attribute8,attribute9,attribute10,attribute11,attribute12,attribute13,attribute14,attribute15) VALUES
	 (247,'JobName','/oracle/apps/ess/scm/pricing/pricingAdmin/priceLists/,QpPriceListImportJob','','',NULL,NULL,NULL,NULL,current_date,'riteadmin',current_date,'riteadmin',NULL,NULL,NULL,NULL,NULL,NULL,NULL,NULL,NULL,NULL,NULL,NULL,NULL,NULL,NULL),
	 (247,'Sequence','3','','',NULL,NULL,NULL,NULL,current_date,'riteadmin',current_date,'riteadmin',NULL,NULL,NULL,NULL,NULL,NULL,NULL,NULL,NULL,NULL,NULL,NULL,NULL,NULL,NULL),
	 (247,'DocumentAccount','scm/priceLists/import','','',NULL,NULL,NULL,NULL,current_date,'riteadmin',current_date,'riteadmin',NULL,NULL,NULL,NULL,NULL,NULL,NULL,NULL,NULL,NULL,NULL,NULL,NULL,NULL,NULL),
	 (247,'DocumentSecurityGroup','FAFusionImportExport','','',NULL,NULL,NULL,NULL,current_date,'riteadmin',current_date,'riteadmin',NULL,NULL,NULL,NULL,NULL,NULL,NULL,NULL,NULL,NULL,NULL,NULL,NULL,NULL,NULL),
	 (247,'InterfaceDetails','74','','',NULL,NULL,NULL,NULL,current_date,'riteadmin',current_date,'riteadmin',NULL,NULL,NULL,NULL,NULL,NULL,NULL,NULL,NULL,NULL,NULL,NULL,NULL,NULL,NULL);

INSERT INTO cr_objects (object_id, object_name, object_code, user_object_name, module_code, parent_object_id, fbdi_sheet, loader_endpoint, re_con_query, sequence_in_parent, interface_table_name, rejection_table_name, ctl_file_name, xlsm_file_name, immediate_parent, batch_size, base_tables, creation_date, created_by, last_update_date, last_update_by, attribute1, attribute2, attribute3, attribute4, attribute5, attribute6, attribute7, attribute8, attribute9, attribute10, attribute11, attribute12, attribute13, attribute14, attribute15, conversion_type,cld_template_code,cld_metadata_table_name,cld_template_name) VALUES 
(248,'Price List Charges', 'PRICE_LIST_CHARGES', 'Price List Charges', 'SCM', 244, 'QP_PRICE_LIST_CHARGES_INT','FBDI', NULL, 4, 'QP_PRICE_LIST_CHARGES_INT','QP_ERROR_MESSAGES_INT',  'QpPriceListChargesInt', 'PriceListImportTemplate', NULL, 30000, 'QP_PRICE_LIST_CHARGES', current_date, 'riteadmin', current_date, 'riteadmin', NULL, NULL, NULL, NULL,NULL, NULL, NULL, NULL, NULL, NULL, NULL, NULL, NULL, NULL, NULL,'DATA_MIGRATION', 'PRICE_LIST_CHARGES', 'CR_PRICE_LIST_CHARGES_C', 'CR_PRICE_LIST_CHARGES_CLD');

INSERT INTO cr_object_information (object_id,info_type,info_value,info_description,additional_information1,additional_information2,additional_information3,additional_information4,additional_information5,creation_date,created_by,last_update_date,last_update_by,attribute1,attribute2,attribute3,attribute4,attribute5,attribute6,attribute7,attribute8,attribute9,attribute10,attribute11,attribute12,attribute13,attribute14,attribute15) VALUES
	 (248,'JobName','/oracle/apps/ess/scm/pricing/pricingAdmin/priceLists/,QpPriceListImportJob','','',NULL,NULL,NULL,NULL,current_date,'riteadmin',current_date,'riteadmin',NULL,NULL,NULL,NULL,NULL,NULL,NULL,NULL,NULL,NULL,NULL,NULL,NULL,NULL,NULL),
	 (248,'Sequence','4','','',NULL,NULL,NULL,NULL,current_date,'riteadmin',current_date,'riteadmin',NULL,NULL,NULL,NULL,NULL,NULL,NULL,NULL,NULL,NULL,NULL,NULL,NULL,NULL,NULL),
	 (248,'DocumentAccount','scm/priceLists/import','','',NULL,NULL,NULL,NULL,current_date,'riteadmin',current_date,'riteadmin',NULL,NULL,NULL,NULL,NULL,NULL,NULL,NULL,NULL,NULL,NULL,NULL,NULL,NULL,NULL),
	 (248,'DocumentSecurityGroup','FAFusionImportExport','','',NULL,NULL,NULL,NULL,current_date,'riteadmin',current_date,'riteadmin',NULL,NULL,NULL,NULL,NULL,NULL,NULL,NULL,NULL,NULL,NULL,NULL,NULL,NULL,NULL),
	 (248,'InterfaceDetails','74','','',NULL,NULL,NULL,NULL,current_date,'riteadmin',current_date,'riteadmin',NULL,NULL,NULL,NULL,NULL,NULL,NULL,NULL,NULL,NULL,NULL,NULL,NULL,NULL,NULL);

INSERT INTO cr_objects (object_id, object_name, object_code, user_object_name, module_code, parent_object_id, fbdi_sheet, loader_endpoint, re_con_query, sequence_in_parent, interface_table_name, rejection_table_name, ctl_file_name, xlsm_file_name, immediate_parent, batch_size, base_tables, creation_date, created_by, last_update_date, last_update_by, attribute1, attribute2, attribute3, attribute4, attribute5, attribute6, attribute7, attribute8, attribute9, attribute10, attribute11, attribute12, attribute13, attribute14, attribute15, conversion_type,cld_template_code,cld_metadata_table_name,cld_template_name) VALUES 
(249,'Price List Component Items', 'PRICE_LIST_COMPONENT_ITEMS', 'Price List Component Items', 'SCM', 244, 'QP_PL_COMP_ITEMS_INT','FBDI', NULL, 5, 'QP_PL_COMP_ITEMS_INT','QP_ERROR_MESSAGES_INT',  'QpPlCompItemsInt', 'PriceListImportTemplate', NULL, 30000, 'QP_PRICE_LIST_COMP_ITEMS', current_date, 'riteadmin', current_date, 'riteadmin', NULL, NULL, NULL, NULL,NULL, NULL, NULL, NULL, NULL, NULL, NULL, NULL, NULL, NULL, NULL,'DATA_MIGRATION', 'PRICE_LIST_COMPONENT_ITEMS', 'CR_PRICE_LIST_COMPONENT_ITEMS_C', 'CR_PRICE_LIST_COMPONENT_ITEMS_CLD');

INSERT INTO cr_object_information (object_id,info_type,info_value,info_description,additional_information1,additional_information2,additional_information3,additional_information4,additional_information5,creation_date,created_by,last_update_date,last_update_by,attribute1,attribute2,attribute3,attribute4,attribute5,attribute6,attribute7,attribute8,attribute9,attribute10,attribute11,attribute12,attribute13,attribute14,attribute15) VALUES
	 (249,'JobName','/oracle/apps/ess/scm/pricing/pricingAdmin/priceLists/,QpPriceListImportJob','','',NULL,NULL,NULL,NULL,current_date,'riteadmin',current_date,'riteadmin',NULL,NULL,NULL,NULL,NULL,NULL,NULL,NULL,NULL,NULL,NULL,NULL,NULL,NULL,NULL),
	 (249,'Sequence','5','','',NULL,NULL,NULL,NULL,current_date,'riteadmin',current_date,'riteadmin',NULL,NULL,NULL,NULL,NULL,NULL,NULL,NULL,NULL,NULL,NULL,NULL,NULL,NULL,NULL),
	 (249,'DocumentAccount','scm/priceLists/import','','',NULL,NULL,NULL,NULL,current_date,'riteadmin',current_date,'riteadmin',NULL,NULL,NULL,NULL,NULL,NULL,NULL,NULL,NULL,NULL,NULL,NULL,NULL,NULL,NULL),
	 (249,'DocumentSecurityGroup','FAFusionImportExport','','',NULL,NULL,NULL,NULL,current_date,'riteadmin',current_date,'riteadmin',NULL,NULL,NULL,NULL,NULL,NULL,NULL,NULL,NULL,NULL,NULL,NULL,NULL,NULL,NULL),
	 (249,'InterfaceDetails','74','','',NULL,NULL,NULL,NULL,current_date,'riteadmin',current_date,'riteadmin',NULL,NULL,NULL,NULL,NULL,NULL,NULL,NULL,NULL,NULL,NULL,NULL,NULL,NULL,NULL);

INSERT INTO cr_objects (object_id, object_name, object_code, user_object_name, module_code, parent_object_id, fbdi_sheet, loader_endpoint, re_con_query, sequence_in_parent, interface_table_name, rejection_table_name, ctl_file_name, xlsm_file_name, immediate_parent, batch_size, base_tables, creation_date, created_by, last_update_date, last_update_by, attribute1, attribute2, attribute3, attribute4, attribute5, attribute6, attribute7, attribute8, attribute9, attribute10, attribute11, attribute12, attribute13, attribute14, attribute15, conversion_type,cld_template_code,cld_metadata_table_name,cld_template_name) VALUES 
(250,'Price List Covered Items', 'PRICE_LIST_COVERED_ITEMS', 'Price List Covered Items', 'SCM', 244, 'QP_PL_COVERED_ITEMS_INT','FBDI', NULL, 6, 'QP_PL_COVERED_ITEMS_INT','QP_ERROR_MESSAGES_INT',  'QpPlCoveredItemsInt', 'PriceListImportTemplate', NULL, 30000, 'QP_PRICE_LIST_COVERED_ITEMS', current_date, 'riteadmin', current_date, 'riteadmin', NULL, NULL, NULL, NULL,NULL, NULL, NULL, NULL, NULL, NULL, NULL, NULL, NULL, NULL, NULL,'DATA_MIGRATION', 'PRICE_LIST_COVERED_ITEMS', 'CR_PRICE_LIST_COVERED_ITEMS_C', 'CR_PRICE_LIST_COVERED_ITEMS_CLD');

INSERT INTO cr_object_information (object_id,info_type,info_value,info_description,additional_information1,additional_information2,additional_information3,additional_information4,additional_information5,creation_date,created_by,last_update_date,last_update_by,attribute1,attribute2,attribute3,attribute4,attribute5,attribute6,attribute7,attribute8,attribute9,attribute10,attribute11,attribute12,attribute13,attribute14,attribute15) VALUES
	 (250,'JobName','/oracle/apps/ess/scm/pricing/pricingAdmin/priceLists/,QpPriceListImportJob','','',NULL,NULL,NULL,NULL,current_date,'riteadmin',current_date,'riteadmin',NULL,NULL,NULL,NULL,NULL,NULL,NULL,NULL,NULL,NULL,NULL,NULL,NULL,NULL,NULL),
	 (250,'Sequence','6','','',NULL,NULL,NULL,NULL,current_date,'riteadmin',current_date,'riteadmin',NULL,NULL,NULL,NULL,NULL,NULL,NULL,NULL,NULL,NULL,NULL,NULL,NULL,NULL,NULL),
	 (250,'DocumentAccount','scm/priceLists/import','','',NULL,NULL,NULL,NULL,current_date,'riteadmin',current_date,'riteadmin',NULL,NULL,NULL,NULL,NULL,NULL,NULL,NULL,NULL,NULL,NULL,NULL,NULL,NULL,NULL),
	 (250,'DocumentSecurityGroup','FAFusionImportExport','','',NULL,NULL,NULL,NULL,current_date,'riteadmin',current_date,'riteadmin',NULL,NULL,NULL,NULL,NULL,NULL,NULL,NULL,NULL,NULL,NULL,NULL,NULL,NULL,NULL),
	 (250,'InterfaceDetails','74','','',NULL,NULL,NULL,NULL,current_date,'riteadmin',current_date,'riteadmin',NULL,NULL,NULL,NULL,NULL,NULL,NULL,NULL,NULL,NULL,NULL,NULL,NULL,NULL,NULL);

INSERT INTO cr_objects (object_id, object_name, object_code, user_object_name, module_code, parent_object_id, fbdi_sheet, loader_endpoint, re_con_query, sequence_in_parent, interface_table_name, rejection_table_name, ctl_file_name, xlsm_file_name, immediate_parent, batch_size, base_tables, creation_date, created_by, last_update_date, last_update_by, attribute1, attribute2, attribute3, attribute4, attribute5, attribute6, attribute7, attribute8, attribute9, attribute10, attribute11, attribute12, attribute13, attribute14, attribute15, conversion_type,cld_template_code,cld_metadata_table_name,cld_template_name) VALUES 
(251,'Price List Tier Headers', 'PRICE_LIST_TIER_HEADERS', 'Price List Tier Headers', 'SCM', 244, 'QP_TIER_HEADERS_INT','FBDI', NULL, 7, 'QP_TIER_HEADERS_INT','QP_ERROR_MESSAGES_INT',  'QpTierHeadersInt', 'PriceListImportTemplate', NULL, 30000, 'QP_TIER_HEADERS', current_date, 'riteadmin', current_date, 'riteadmin', NULL, NULL, NULL, NULL,NULL, NULL, NULL, NULL, NULL, NULL, NULL, NULL, NULL, NULL, NULL,'DATA_MIGRATION', 'PRICE_LIST_TIER_HEADERS', 'CR_PRICE_LIST_TIER_HEADERS_C', 'CR_PRICE_LIST_TIER_HEADERS_CLD');

INSERT INTO cr_object_information (object_id,info_type,info_value,info_description,additional_information1,additional_information2,additional_information3,additional_information4,additional_information5,creation_date,created_by,last_update_date,last_update_by,attribute1,attribute2,attribute3,attribute4,attribute5,attribute6,attribute7,attribute8,attribute9,attribute10,attribute11,attribute12,attribute13,attribute14,attribute15) VALUES
	 (251,'JobName','/oracle/apps/ess/scm/pricing/pricingAdmin/priceLists/,QpPriceListImportJob','','',NULL,NULL,NULL,NULL,current_date,'riteadmin',current_date,'riteadmin',NULL,NULL,NULL,NULL,NULL,NULL,NULL,NULL,NULL,NULL,NULL,NULL,NULL,NULL,NULL),
	 (251,'Sequence','7','','',NULL,NULL,NULL,NULL,current_date,'riteadmin',current_date,'riteadmin',NULL,NULL,NULL,NULL,NULL,NULL,NULL,NULL,NULL,NULL,NULL,NULL,NULL,NULL,NULL),
	 (251,'DocumentAccount','scm/priceLists/import','','',NULL,NULL,NULL,NULL,current_date,'riteadmin',current_date,'riteadmin',NULL,NULL,NULL,NULL,NULL,NULL,NULL,NULL,NULL,NULL,NULL,NULL,NULL,NULL,NULL),
	 (251,'DocumentSecurityGroup','FAFusionImportExport','','',NULL,NULL,NULL,NULL,current_date,'riteadmin',current_date,'riteadmin',NULL,NULL,NULL,NULL,NULL,NULL,NULL,NULL,NULL,NULL,NULL,NULL,NULL,NULL,NULL),
	 (251,'InterfaceDetails','74','','',NULL,NULL,NULL,NULL,current_date,'riteadmin',current_date,'riteadmin',NULL,NULL,NULL,NULL,NULL,NULL,NULL,NULL,NULL,NULL,NULL,NULL,NULL,NULL,NULL);

INSERT INTO cr_objects (object_id, object_name, object_code, user_object_name, module_code, parent_object_id, fbdi_sheet, loader_endpoint, re_con_query, sequence_in_parent, interface_table_name, rejection_table_name, ctl_file_name, xlsm_file_name, immediate_parent, batch_size, base_tables, creation_date, created_by, last_update_date, last_update_by, attribute1, attribute2, attribute3, attribute4, attribute5, attribute6, attribute7, attribute8, attribute9, attribute10, attribute11, attribute12, attribute13, attribute14, attribute15, conversion_type,cld_template_code,cld_metadata_table_name,cld_template_name) VALUES 
(252,'Price List Tier Lines', 'PRICE_LIST_TIER_LINES', 'Price List Tier Lines', 'SCM', 244, 'QP_TIER_LINES_INT','FBDI', NULL, 8, 'QP_TIER_LINES_INT','QP_ERROR_MESSAGES_INT',  'QpTierLinesInt', 'PriceListImportTemplate', NULL, 30000, 'QP_TIER_LINES', current_date, 'riteadmin', current_date, 'riteadmin', NULL, NULL, NULL, NULL,NULL, NULL, NULL, NULL, NULL, NULL, NULL, NULL, NULL, NULL, NULL,'DATA_MIGRATION', 'PRICE_LIST_TIER_LINES', 'CR_PRICE_LIST_TIER_LINES_C', 'CR_PRICE_LIST_TIER_LINES_CLD');

INSERT INTO cr_object_information (object_id,info_type,info_value,info_description,additional_information1,additional_information2,additional_information3,additional_information4,additional_information5,creation_date,created_by,last_update_date,last_update_by,attribute1,attribute2,attribute3,attribute4,attribute5,attribute6,attribute7,attribute8,attribute9,attribute10,attribute11,attribute12,attribute13,attribute14,attribute15) VALUES
	 (252,'JobName','/oracle/apps/ess/scm/pricing/pricingAdmin/priceLists/,QpPriceListImportJob','','',NULL,NULL,NULL,NULL,current_date,'riteadmin',current_date,'riteadmin',NULL,NULL,NULL,NULL,NULL,NULL,NULL,NULL,NULL,NULL,NULL,NULL,NULL,NULL,NULL),
	 (252,'Sequence','7','','',NULL,NULL,NULL,NULL,current_date,'riteadmin',current_date,'riteadmin',NULL,NULL,NULL,NULL,NULL,NULL,NULL,NULL,NULL,NULL,NULL,NULL,NULL,NULL,NULL),
	 (252,'DocumentAccount','scm/priceLists/import','','',NULL,NULL,NULL,NULL,current_date,'riteadmin',current_date,'riteadmin',NULL,NULL,NULL,NULL,NULL,NULL,NULL,NULL,NULL,NULL,NULL,NULL,NULL,NULL,NULL),
	 (252,'DocumentSecurityGroup','FAFusionImportExport','','',NULL,NULL,NULL,NULL,current_date,'riteadmin',current_date,'riteadmin',NULL,NULL,NULL,NULL,NULL,NULL,NULL,NULL,NULL,NULL,NULL,NULL,NULL,NULL,NULL),
	 (252,'InterfaceDetails','74','','',NULL,NULL,NULL,NULL,current_date,'riteadmin',current_date,'riteadmin',NULL,NULL,NULL,NULL,NULL,NULL,NULL,NULL,NULL,NULL,NULL,NULL,NULL,NULL,NULL);

INSERT INTO cr_objects (object_id, object_name, object_code, user_object_name, module_code, parent_object_id, fbdi_sheet, loader_endpoint, re_con_query, sequence_in_parent, interface_table_name, rejection_table_name, ctl_file_name, xlsm_file_name, immediate_parent, batch_size, base_tables, creation_date, created_by, last_update_date, last_update_by, attribute1, attribute2, attribute3, attribute4, attribute5, attribute6, attribute7, attribute8, attribute9, attribute10, attribute11, attribute12, attribute13, attribute14, attribute15, conversion_type,cld_template_code,cld_metadata_table_name,cld_template_name) VALUES 
(253,'Price List Matrix', 'PRICE_LIST_MATRIX', 'Price List Matrix', 'SCM', 244, 'QP_MATRIX_DIMENSIONS_INT','FBDI', NULL, 9, 'QP_MATRIX_DIMENSIONS_INT','QP_ERROR_MESSAGES_INT',  'QpMatrixDimensionsInt', 'PriceListImportTemplate', NULL, 30000, 'QP_MATRIX_DIMENSIONS_B', current_date, 'riteadmin', current_date, 'riteadmin', NULL, NULL, NULL, NULL,NULL, NULL, NULL, NULL, NULL, NULL, NULL, NULL, NULL, NULL, NULL,'DATA_MIGRATION', 'PRICE_LIST_MATRIX', 'CR_PRICE_LIST_MATRIX_C', 'CR_PRICE_LIST_MATRIX_CLD');

INSERT INTO cr_object_information (object_id,info_type,info_value,info_description,additional_information1,additional_information2,additional_information3,additional_information4,additional_information5,creation_date,created_by,last_update_date,last_update_by,attribute1,attribute2,attribute3,attribute4,attribute5,attribute6,attribute7,attribute8,attribute9,attribute10,attribute11,attribute12,attribute13,attribute14,attribute15) VALUES
	 (253,'JobName','/oracle/apps/ess/scm/pricing/pricingAdmin/priceLists/,QpPriceListImportJob','','',NULL,NULL,NULL,NULL,current_date,'riteadmin',current_date,'riteadmin',NULL,NULL,NULL,NULL,NULL,NULL,NULL,NULL,NULL,NULL,NULL,NULL,NULL,NULL,NULL),
	 (253,'Sequence','8','','',NULL,NULL,NULL,NULL,current_date,'riteadmin',current_date,'riteadmin',NULL,NULL,NULL,NULL,NULL,NULL,NULL,NULL,NULL,NULL,NULL,NULL,NULL,NULL,NULL),
	 (253,'DocumentAccount','scm/priceLists/import','','',NULL,NULL,NULL,NULL,current_date,'riteadmin',current_date,'riteadmin',NULL,NULL,NULL,NULL,NULL,NULL,NULL,NULL,NULL,NULL,NULL,NULL,NULL,NULL,NULL),
	 (253,'DocumentSecurityGroup','FAFusionImportExport','','',NULL,NULL,NULL,NULL,current_date,'riteadmin',current_date,'riteadmin',NULL,NULL,NULL,NULL,NULL,NULL,NULL,NULL,NULL,NULL,NULL,NULL,NULL,NULL,NULL),
	 (253,'InterfaceDetails','74','','',NULL,NULL,NULL,NULL,current_date,'riteadmin',current_date,'riteadmin',NULL,NULL,NULL,NULL,NULL,NULL,NULL,NULL,NULL,NULL,NULL,NULL,NULL,NULL,NULL);

INSERT INTO cr_objects (object_id, object_name, object_code, user_object_name, module_code, parent_object_id, fbdi_sheet, loader_endpoint, re_con_query, sequence_in_parent, interface_table_name, rejection_table_name, ctl_file_name, xlsm_file_name, immediate_parent, batch_size, base_tables, creation_date, created_by, last_update_date, last_update_by, attribute1, attribute2, attribute3, attribute4, attribute5, attribute6, attribute7, attribute8, attribute9, attribute10, attribute11, attribute12, attribute13, attribute14, attribute15, conversion_type,cld_template_code,cld_metadata_table_name,cld_template_name) VALUES 
(254,'Price List Matrix Rules', 'PRICE_LIST_MATRIX_RULES', 'Price List Matrix Rules', 'SCM', 244, 'QP_MATRIX_RULES_INT','FBDI', NULL, 10, 'QP_MATRIX_RULES_INT','QP_ERROR_MESSAGES_INT',  'QpMatrixRulesInt', 'PriceListImportTemplate', NULL, 30000, 'QP_MATRIX_RULES', current_date, 'riteadmin', current_date, 'riteadmin', NULL, NULL, NULL, NULL,NULL, NULL, NULL, NULL, NULL, NULL, NULL, NULL, NULL, NULL, NULL,'DATA_MIGRATION', 'PRICE_LIST_MATRIX_RULES', 'CR_PRICE_LIST_MATRIX_RULES_C', 'CR_PRICE_LIST_MATRIX_RULES_CLD');

INSERT INTO cr_object_information (object_id,info_type,info_value,info_description,additional_information1,additional_information2,additional_information3,additional_information4,additional_information5,creation_date,created_by,last_update_date,last_update_by,attribute1,attribute2,attribute3,attribute4,attribute5,attribute6,attribute7,attribute8,attribute9,attribute10,attribute11,attribute12,attribute13,attribute14,attribute15) VALUES
	 (254,'JobName','/oracle/apps/ess/scm/pricing/pricingAdmin/priceLists/,QpPriceListImportJob','','',NULL,NULL,NULL,NULL,current_date,'riteadmin',current_date,'riteadmin',NULL,NULL,NULL,NULL,NULL,NULL,NULL,NULL,NULL,NULL,NULL,NULL,NULL,NULL,NULL),
	 (254,'Sequence','9','','',NULL,NULL,NULL,NULL,current_date,'riteadmin',current_date,'riteadmin',NULL,NULL,NULL,NULL,NULL,NULL,NULL,NULL,NULL,NULL,NULL,NULL,NULL,NULL,NULL),
	 (254,'DocumentAccount','scm/priceLists/import','','',NULL,NULL,NULL,NULL,current_date,'riteadmin',current_date,'riteadmin',NULL,NULL,NULL,NULL,NULL,NULL,NULL,NULL,NULL,NULL,NULL,NULL,NULL,NULL,NULL),
	 (254,'DocumentSecurityGroup','FAFusionImportExport','','',NULL,NULL,NULL,NULL,current_date,'riteadmin',current_date,'riteadmin',NULL,NULL,NULL,NULL,NULL,NULL,NULL,NULL,NULL,NULL,NULL,NULL,NULL,NULL,NULL),
	 (254,'InterfaceDetails','74','','',NULL,NULL,NULL,NULL,current_date,'riteadmin',current_date,'riteadmin',NULL,NULL,NULL,NULL,NULL,NULL,NULL,NULL,NULL,NULL,NULL,NULL,NULL,NULL,NULL);


-- PRICE_LISTS_BATCH
INSERT INTO cr_objects (object_id, object_name, object_code, user_object_name, module_code, parent_object_id, fbdi_sheet, loader_endpoint, re_con_query, sequence_in_parent, interface_table_name, rejection_table_name, ctl_file_name, xlsm_file_name, immediate_parent, batch_size, base_tables, creation_date, created_by, last_update_date, last_update_by, attribute1, attribute2, attribute3, attribute4, attribute5, attribute6, attribute7, attribute8, attribute9, attribute10, attribute11, attribute12, attribute13, attribute14, attribute15, conversion_type,cld_template_code,cld_metadata_table_name,cld_template_name) VALUES 
(255,'Price Lists Batch', 'PRICE_LISTS_BATCH', 'Price Lists Batch', 'SCM', NULL, '','FBDI', NULL, NULL, '','',  '', '', NULL, 30000, NULL, current_date, 'riteadmin', current_date, 'riteadmin', NULL, NULL, NULL, NULL,NULL, NULL, NULL, NULL, NULL, NULL, NULL, NULL, NULL, NULL, NULL,'DATA_MIGRATION', NULL, NULL, NULL);
INSERT INTO cr_objects (object_id, object_name, object_code, user_object_name, module_code, parent_object_id, fbdi_sheet, loader_endpoint, re_con_query, sequence_in_parent, interface_table_name, rejection_table_name, ctl_file_name, xlsm_file_name, immediate_parent, batch_size, base_tables, creation_date, created_by, last_update_date, last_update_by, attribute1, attribute2, attribute3, attribute4, attribute5, attribute6, attribute7, attribute8, attribute9, attribute10, attribute11, attribute12, attribute13, attribute14, attribute15, conversion_type,cld_template_code,cld_metadata_table_name,cld_template_name) VALUES 
(256,'Price List Header', 'PRICE_LIST_HEADER', 'Price List Header', 'SCM', 255, 'QP_PRICE_LISTS_INT','FBDI', NULL, 1, 'QP_PRICE_LISTS_INT','QP_ERROR_MESSAGES_INT',  'QpPriceListsInterface', 'PriceListsImportBatchTemplate', NULL, 30000, 'QP_PRICE_LISTS_ALL_B', current_date, 'riteadmin', current_date, 'riteadmin', NULL, NULL, NULL, NULL,NULL, NULL, NULL, NULL, NULL, NULL, NULL, NULL, NULL, NULL, NULL,'DATA_MIGRATION', 'PRICE_LIST_HEADER', 'CR_PRICE_LIST_HEADER_C', 'CR_PRICE_LIST_HEADER_CLD');

INSERT INTO cr_object_information (object_id,info_type,info_value,info_description,additional_information1,additional_information2,additional_information3,additional_information4,additional_information5,creation_date,created_by,last_update_date,last_update_by,attribute1,attribute2,attribute3,attribute4,attribute5,attribute6,attribute7,attribute8,attribute9,attribute10,attribute11,attribute12,attribute13,attribute14,attribute15) VALUES
	 (256,'JobName','/oracle/apps/ess/scm/pricing/pricingAdmin/priceLists/,QpPriceListsNewImportJob','','',NULL,NULL,NULL,NULL,current_date,'riteadmin',current_date,'riteadmin',NULL,NULL,NULL,NULL,NULL,NULL,NULL,NULL,NULL,NULL,NULL,NULL,NULL,NULL,NULL),
	 (256,'Sequence','1','','',NULL,NULL,NULL,NULL,current_date,'riteadmin',current_date,'riteadmin',NULL,NULL,NULL,NULL,NULL,NULL,NULL,NULL,NULL,NULL,NULL,NULL,NULL,NULL,NULL),
	 (256,'DocumentAccount','scm/priceLists/import','','',NULL,NULL,NULL,NULL,current_date,'riteadmin',current_date,'riteadmin',NULL,NULL,NULL,NULL,NULL,NULL,NULL,NULL,NULL,NULL,NULL,NULL,NULL,NULL,NULL),
	 (256,'DocumentSecurityGroup','FAFusionImportExport','','',NULL,NULL,NULL,NULL,current_date,'riteadmin',current_date,'riteadmin',NULL,NULL,NULL,NULL,NULL,NULL,NULL,NULL,NULL,NULL,NULL,NULL,NULL,NULL,NULL),
	 (256,'InterfaceDetails','150','','',NULL,NULL,NULL,NULL,current_date,'riteadmin',current_date,'riteadmin',NULL,NULL,NULL,NULL,NULL,NULL,NULL,NULL,NULL,NULL,NULL,NULL,NULL,NULL,NULL);

INSERT INTO cr_objects (object_id, object_name, object_code, user_object_name, module_code, parent_object_id, fbdi_sheet, loader_endpoint, re_con_query, sequence_in_parent, interface_table_name, rejection_table_name, ctl_file_name, xlsm_file_name, immediate_parent, batch_size, base_tables, creation_date, created_by, last_update_date, last_update_by, attribute1, attribute2, attribute3, attribute4, attribute5, attribute6, attribute7, attribute8, attribute9, attribute10, attribute11, attribute12, attribute13, attribute14, attribute15, conversion_type,cld_template_code,cld_metadata_table_name,cld_template_name) VALUES 
(257,'Price List Access Sets', 'PRICE_LIST_ACCESS_SETS', 'Price List Access Sets', 'SCM', 255, 'QP_PRICE_LIST_SETS_INT','FBDI', NULL, 2, 'QP_PRICE_LIST_SETS_INT','QP_ERROR_MESSAGES_INT',  'QpPriceListSetsInterface', 'PriceListsImportBatchTemplate', NULL, 30000, NULL, current_date, 'riteadmin', current_date, 'riteadmin', NULL, NULL, NULL, NULL,NULL, NULL, NULL, NULL, NULL, NULL, NULL, NULL, NULL, NULL, NULL,'DATA_MIGRATION', 'PRICE_LIST_ACCESS_SETS', 'CR_PRICE_LIST_ACCESS_SETS_C', 'CR_PRICE_LIST_ACCESS_SETS_CLD');

INSERT INTO cr_object_information (object_id,info_type,info_value,info_description,additional_information1,additional_information2,additional_information3,additional_information4,additional_information5,creation_date,created_by,last_update_date,last_update_by,attribute1,attribute2,attribute3,attribute4,attribute5,attribute6,attribute7,attribute8,attribute9,attribute10,attribute11,attribute12,attribute13,attribute14,attribute15) VALUES
	 (257,'JobName','/oracle/apps/ess/scm/pricing/pricingAdmin/priceLists/,QpPriceListsNewImportJob','','',NULL,NULL,NULL,NULL,current_date,'riteadmin',current_date,'riteadmin',NULL,NULL,NULL,NULL,NULL,NULL,NULL,NULL,NULL,NULL,NULL,NULL,NULL,NULL,NULL),
	 (257,'Sequence','2','','',NULL,NULL,NULL,NULL,current_date,'riteadmin',current_date,'riteadmin',NULL,NULL,NULL,NULL,NULL,NULL,NULL,NULL,NULL,NULL,NULL,NULL,NULL,NULL,NULL),
	 (257,'DocumentAccount','scm/priceLists/import','','',NULL,NULL,NULL,NULL,current_date,'riteadmin',current_date,'riteadmin',NULL,NULL,NULL,NULL,NULL,NULL,NULL,NULL,NULL,NULL,NULL,NULL,NULL,NULL,NULL),
	 (257,'DocumentSecurityGroup','FAFusionImportExport','','',NULL,NULL,NULL,NULL,current_date,'riteadmin',current_date,'riteadmin',NULL,NULL,NULL,NULL,NULL,NULL,NULL,NULL,NULL,NULL,NULL,NULL,NULL,NULL,NULL),
	 (257,'InterfaceDetails','150','','',NULL,NULL,NULL,NULL,current_date,'riteadmin',current_date,'riteadmin',NULL,NULL,NULL,NULL,NULL,NULL,NULL,NULL,NULL,NULL,NULL,NULL,NULL,NULL,NULL);

INSERT INTO cr_objects (object_id, object_name, object_code, user_object_name, module_code, parent_object_id, fbdi_sheet, loader_endpoint, re_con_query, sequence_in_parent, interface_table_name, rejection_table_name, ctl_file_name, xlsm_file_name, immediate_parent, batch_size, base_tables, creation_date, created_by, last_update_date, last_update_by, attribute1, attribute2, attribute3, attribute4, attribute5, attribute6, attribute7, attribute8, attribute9, attribute10, attribute11, attribute12, attribute13, attribute14, attribute15, conversion_type,cld_template_code,cld_metadata_table_name,cld_template_name) VALUES 
(258,'Price List Items', 'PRICE_LIST_ITEMS', 'Price List Items', 'SCM', 255, 'QP_PRICE_LIST_ITEMS_INT','FBDI', NULL, 3, 'QP_PRICE_LIST_ITEMS_INT','QP_ERROR_MESSAGES_INT',  'QpPriceListItemsInterface', 'PriceListsImportBatchTemplate', NULL, 30000, 'QP_PRICE_LIST_ITEMS', current_date, 'riteadmin', current_date, 'riteadmin', NULL, NULL, NULL, NULL,NULL, NULL, NULL, NULL, NULL, NULL, NULL, NULL, NULL, NULL, NULL,'DATA_MIGRATION', 'PRICE_LIST_ITEMS', 'CR_PRICE_LIST_ITEMS_C', 'CR_PRICE_LIST_ITEMS_CLD');

INSERT INTO cr_object_information (object_id,info_type,info_value,info_description,additional_information1,additional_information2,additional_information3,additional_information4,additional_information5,creation_date,created_by,last_update_date,last_update_by,attribute1,attribute2,attribute3,attribute4,attribute5,attribute6,attribute7,attribute8,attribute9,attribute10,attribute11,attribute12,attribute13,attribute14,attribute15) VALUES
	 (258,'JobName','/oracle/apps/ess/scm/pricing/pricingAdmin/priceLists/,QpPriceListsNewImportJob','','',NULL,NULL,NULL,NULL,current_date,'riteadmin',current_date,'riteadmin',NULL,NULL,NULL,NULL,NULL,NULL,NULL,NULL,NULL,NULL,NULL,NULL,NULL,NULL,NULL),
	 (258,'Sequence','3','','',NULL,NULL,NULL,NULL,current_date,'riteadmin',current_date,'riteadmin',NULL,NULL,NULL,NULL,NULL,NULL,NULL,NULL,NULL,NULL,NULL,NULL,NULL,NULL,NULL),
	 (258,'DocumentAccount','scm/priceLists/import','','',NULL,NULL,NULL,NULL,current_date,'riteadmin',current_date,'riteadmin',NULL,NULL,NULL,NULL,NULL,NULL,NULL,NULL,NULL,NULL,NULL,NULL,NULL,NULL,NULL),
	 (258,'DocumentSecurityGroup','FAFusionImportExport','','',NULL,NULL,NULL,NULL,current_date,'riteadmin',current_date,'riteadmin',NULL,NULL,NULL,NULL,NULL,NULL,NULL,NULL,NULL,NULL,NULL,NULL,NULL,NULL,NULL),
	 (258,'InterfaceDetails','150','','',NULL,NULL,NULL,NULL,current_date,'riteadmin',current_date,'riteadmin',NULL,NULL,NULL,NULL,NULL,NULL,NULL,NULL,NULL,NULL,NULL,NULL,NULL,NULL,NULL);

INSERT INTO cr_objects (object_id, object_name, object_code, user_object_name, module_code, parent_object_id, fbdi_sheet, loader_endpoint, re_con_query, sequence_in_parent, interface_table_name, rejection_table_name, ctl_file_name, xlsm_file_name, immediate_parent, batch_size, base_tables, creation_date, created_by, last_update_date, last_update_by, attribute1, attribute2, attribute3, attribute4, attribute5, attribute6, attribute7, attribute8, attribute9, attribute10, attribute11, attribute12, attribute13, attribute14, attribute15, conversion_type,cld_template_code,cld_metadata_table_name,cld_template_name) VALUES 
(259,'Price List Charges', 'PRICE_LIST_CHARGES', 'Price List Charges', 'SCM', 255, 'QP_PRICE_LIST_CHARGES_INT','FBDI', NULL, 4, 'QP_PRICE_LIST_CHARGES_INT','QP_ERROR_MESSAGES_INT',  'QpPriceListChargesInterface', 'PriceListsImportBatchTemplate', NULL, 30000, 'QP_PRICE_LIST_CHARGES', current_date, 'riteadmin', current_date, 'riteadmin', NULL, NULL, NULL, NULL,NULL, NULL, NULL, NULL, NULL, NULL, NULL, NULL, NULL, NULL, NULL,'DATA_MIGRATION', 'PRICE_LIST_CHARGES', 'CR_PRICE_LIST_CHARGES_C', 'CR_PRICE_LIST_CHARGES_CLD');

INSERT INTO cr_object_information (object_id,info_type,info_value,info_description,additional_information1,additional_information2,additional_information3,additional_information4,additional_information5,creation_date,created_by,last_update_date,last_update_by,attribute1,attribute2,attribute3,attribute4,attribute5,attribute6,attribute7,attribute8,attribute9,attribute10,attribute11,attribute12,attribute13,attribute14,attribute15) VALUES
	 (259,'JobName','/oracle/apps/ess/scm/pricing/pricingAdmin/priceLists/,QpPriceListsNewImportJob','','',NULL,NULL,NULL,NULL,current_date,'riteadmin',current_date,'riteadmin',NULL,NULL,NULL,NULL,NULL,NULL,NULL,NULL,NULL,NULL,NULL,NULL,NULL,NULL,NULL),
	 (259,'Sequence','4','','',NULL,NULL,NULL,NULL,current_date,'riteadmin',current_date,'riteadmin',NULL,NULL,NULL,NULL,NULL,NULL,NULL,NULL,NULL,NULL,NULL,NULL,NULL,NULL,NULL),
	 (259,'DocumentAccount','scm/priceLists/import','','',NULL,NULL,NULL,NULL,current_date,'riteadmin',current_date,'riteadmin',NULL,NULL,NULL,NULL,NULL,NULL,NULL,NULL,NULL,NULL,NULL,NULL,NULL,NULL,NULL),
	 (259,'DocumentSecurityGroup','FAFusionImportExport','','',NULL,NULL,NULL,NULL,current_date,'riteadmin',current_date,'riteadmin',NULL,NULL,NULL,NULL,NULL,NULL,NULL,NULL,NULL,NULL,NULL,NULL,NULL,NULL,NULL),
	 (259,'InterfaceDetails','150','','',NULL,NULL,NULL,NULL,current_date,'riteadmin',current_date,'riteadmin',NULL,NULL,NULL,NULL,NULL,NULL,NULL,NULL,NULL,NULL,NULL,NULL,NULL,NULL,NULL);

INSERT INTO cr_objects (object_id, object_name, object_code, user_object_name, module_code, parent_object_id, fbdi_sheet, loader_endpoint, re_con_query, sequence_in_parent, interface_table_name, rejection_table_name, ctl_file_name, xlsm_file_name, immediate_parent, batch_size, base_tables, creation_date, created_by, last_update_date, last_update_by, attribute1, attribute2, attribute3, attribute4, attribute5, attribute6, attribute7, attribute8, attribute9, attribute10, attribute11, attribute12, attribute13, attribute14, attribute15, conversion_type,cld_template_code,cld_metadata_table_name,cld_template_name) VALUES 
(260,'Price List Tier Headers', 'PRICE_LIST_TIER_HEADERS', 'Price List Tier Headers', 'SCM', 255, 'QP_TIER_HEADERS_INT','FBDI', NULL, 5, 'QP_TIER_HEADERS_INT','QP_ERROR_MESSAGES_INT',  'QpTierHeadersInterface', 'PriceListsImportBatchTemplate', NULL, 30000, 'QP_TIER_HEADERS', current_date, 'riteadmin', current_date, 'riteadmin', NULL, NULL, NULL, NULL,NULL, NULL, NULL, NULL, NULL, NULL, NULL, NULL, NULL, NULL, NULL,'DATA_MIGRATION', 'PRICE_LIST_TIER_HEADERS', 'CR_PRICE_LIST_TIER_HEADERS_C', 'CR_PRICE_LIST_TIER_HEADERS_CLD');

INSERT INTO cr_object_information (object_id,info_type,info_value,info_description,additional_information1,additional_information2,additional_information3,additional_information4,additional_information5,creation_date,created_by,last_update_date,last_update_by,attribute1,attribute2,attribute3,attribute4,attribute5,attribute6,attribute7,attribute8,attribute9,attribute10,attribute11,attribute12,attribute13,attribute14,attribute15) VALUES
	 (260,'JobName','/oracle/apps/ess/scm/pricing/pricingAdmin/priceLists/,QpPriceListsNewImportJob','','',NULL,NULL,NULL,NULL,current_date,'riteadmin',current_date,'riteadmin',NULL,NULL,NULL,NULL,NULL,NULL,NULL,NULL,NULL,NULL,NULL,NULL,NULL,NULL,NULL),
	 (260,'Sequence','5','','',NULL,NULL,NULL,NULL,current_date,'riteadmin',current_date,'riteadmin',NULL,NULL,NULL,NULL,NULL,NULL,NULL,NULL,NULL,NULL,NULL,NULL,NULL,NULL,NULL),
	 (260,'DocumentAccount','scm/priceLists/import','','',NULL,NULL,NULL,NULL,current_date,'riteadmin',current_date,'riteadmin',NULL,NULL,NULL,NULL,NULL,NULL,NULL,NULL,NULL,NULL,NULL,NULL,NULL,NULL,NULL),
	 (260,'DocumentSecurityGroup','FAFusionImportExport','','',NULL,NULL,NULL,NULL,current_date,'riteadmin',current_date,'riteadmin',NULL,NULL,NULL,NULL,NULL,NULL,NULL,NULL,NULL,NULL,NULL,NULL,NULL,NULL,NULL),
	 (260,'InterfaceDetails','150','','',NULL,NULL,NULL,NULL,current_date,'riteadmin',current_date,'riteadmin',NULL,NULL,NULL,NULL,NULL,NULL,NULL,NULL,NULL,NULL,NULL,NULL,NULL,NULL,NULL);

INSERT INTO cr_objects (object_id, object_name, object_code, user_object_name, module_code, parent_object_id, fbdi_sheet, loader_endpoint, re_con_query, sequence_in_parent, interface_table_name, rejection_table_name, ctl_file_name, xlsm_file_name, immediate_parent, batch_size, base_tables, creation_date, created_by, last_update_date, last_update_by, attribute1, attribute2, attribute3, attribute4, attribute5, attribute6, attribute7, attribute8, attribute9, attribute10, attribute11, attribute12, attribute13, attribute14, attribute15, conversion_type,cld_template_code,cld_metadata_table_name,cld_template_name) VALUES 
(261,'Price List Tier Lines', 'PRICE_LIST_TIER_LINES', 'Price List Tier Lines', 'SCM', 255, 'QP_TIER_LINES_INT','FBDI', NULL, 6, 'QP_TIER_LINES_INT','QP_ERROR_MESSAGES_INT',  'QpTierLinesInterface', 'PriceListsImportBatchTemplate', NULL, 30000, 'QP_TIER_LINES', current_date, 'riteadmin', current_date, 'riteadmin', NULL, NULL, NULL, NULL,NULL, NULL, NULL, NULL, NULL, NULL, NULL, NULL, NULL, NULL, NULL,'DATA_MIGRATION', 'PRICE_LIST_TIER_LINES', 'CR_PRICE_LIST_TIER_LINES_C', 'CR_PRICE_LIST_TIER_LINES_CLD');

INSERT INTO cr_object_information (object_id,info_type,info_value,info_description,additional_information1,additional_information2,additional_information3,additional_information4,additional_information5,creation_date,created_by,last_update_date,last_update_by,attribute1,attribute2,attribute3,attribute4,attribute5,attribute6,attribute7,attribute8,attribute9,attribute10,attribute11,attribute12,attribute13,attribute14,attribute15) VALUES
	 (261,'JobName','/oracle/apps/ess/scm/pricing/pricingAdmin/priceLists/,QpPriceListsNewImportJob','','',NULL,NULL,NULL,NULL,current_date,'riteadmin',current_date,'riteadmin',NULL,NULL,NULL,NULL,NULL,NULL,NULL,NULL,NULL,NULL,NULL,NULL,NULL,NULL,NULL),
	 (261,'Sequence','6','','',NULL,NULL,NULL,NULL,current_date,'riteadmin',current_date,'riteadmin',NULL,NULL,NULL,NULL,NULL,NULL,NULL,NULL,NULL,NULL,NULL,NULL,NULL,NULL,NULL),
	 (261,'DocumentAccount','scm/priceLists/import','','',NULL,NULL,NULL,NULL,current_date,'riteadmin',current_date,'riteadmin',NULL,NULL,NULL,NULL,NULL,NULL,NULL,NULL,NULL,NULL,NULL,NULL,NULL,NULL,NULL),
	 (261,'DocumentSecurityGroup','FAFusionImportExport','','',NULL,NULL,NULL,NULL,current_date,'riteadmin',current_date,'riteadmin',NULL,NULL,NULL,NULL,NULL,NULL,NULL,NULL,NULL,NULL,NULL,NULL,NULL,NULL,NULL),
	 (261,'InterfaceDetails','150','','',NULL,NULL,NULL,NULL,current_date,'riteadmin',current_date,'riteadmin',NULL,NULL,NULL,NULL,NULL,NULL,NULL,NULL,NULL,NULL,NULL,NULL,NULL,NULL,NULL);

INSERT INTO cr_objects (object_id, object_name, object_code, user_object_name, module_code, parent_object_id, fbdi_sheet, loader_endpoint, re_con_query, sequence_in_parent, interface_table_name, rejection_table_name, ctl_file_name, xlsm_file_name, immediate_parent, batch_size, base_tables, creation_date, created_by, last_update_date, last_update_by, attribute1, attribute2, attribute3, attribute4, attribute5, attribute6, attribute7, attribute8, attribute9, attribute10, attribute11, attribute12, attribute13, attribute14, attribute15, conversion_type,cld_template_code,cld_metadata_table_name,cld_template_name) VALUES 
(262,'Price List Matrix', 'PRICE_LIST_MATRIX', 'Price List Matrix', 'SCM', 255, 'QP_MATRIX_DIMENSIONS_INT','FBDI', NULL, 7, 'QP_MATRIX_DIMENSIONS_INT','QP_ERROR_MESSAGES_INT',  'QpMatrixDimensionsInt', 'PriceListsImportBatchTemplate', NULL, 30000, 'QP_MATRIX_DIMENSIONS_B', current_date, 'riteadmin', current_date, 'riteadmin', NULL, NULL, NULL, NULL,NULL, NULL, NULL, NULL, NULL, NULL, NULL, NULL, NULL, NULL, NULL,'DATA_MIGRATION', 'PRICE_LIST_MATRIX', 'CR_PRICE_LIST_MATRIX_C', 'CR_PRICE_LIST_MATRIX_CLD');

INSERT INTO cr_object_information (object_id,info_type,info_value,info_description,additional_information1,additional_information2,additional_information3,additional_information4,additional_information5,creation_date,created_by,last_update_date,last_update_by,attribute1,attribute2,attribute3,attribute4,attribute5,attribute6,attribute7,attribute8,attribute9,attribute10,attribute11,attribute12,attribute13,attribute14,attribute15) VALUES
	 (262,'JobName','/oracle/apps/ess/scm/pricing/pricingAdmin/priceLists/,QpPriceListsNewImportJob','','',NULL,NULL,NULL,NULL,current_date,'riteadmin',current_date,'riteadmin',NULL,NULL,NULL,NULL,NULL,NULL,NULL,NULL,NULL,NULL,NULL,NULL,NULL,NULL,NULL),
	 (262,'Sequence','7','','',NULL,NULL,NULL,NULL,current_date,'riteadmin',current_date,'riteadmin',NULL,NULL,NULL,NULL,NULL,NULL,NULL,NULL,NULL,NULL,NULL,NULL,NULL,NULL,NULL),
	 (262,'DocumentAccount','scm/priceLists/import','','',NULL,NULL,NULL,NULL,current_date,'riteadmin',current_date,'riteadmin',NULL,NULL,NULL,NULL,NULL,NULL,NULL,NULL,NULL,NULL,NULL,NULL,NULL,NULL,NULL),
	 (262,'DocumentSecurityGroup','FAFusionImportExport','','',NULL,NULL,NULL,NULL,current_date,'riteadmin',current_date,'riteadmin',NULL,NULL,NULL,NULL,NULL,NULL,NULL,NULL,NULL,NULL,NULL,NULL,NULL,NULL,NULL),
	 (262,'InterfaceDetails','150','','',NULL,NULL,NULL,NULL,current_date,'riteadmin',current_date,'riteadmin',NULL,NULL,NULL,NULL,NULL,NULL,NULL,NULL,NULL,NULL,NULL,NULL,NULL,NULL,NULL);

INSERT INTO cr_objects (object_id, object_name, object_code, user_object_name, module_code, parent_object_id, fbdi_sheet, loader_endpoint, re_con_query, sequence_in_parent, interface_table_name, rejection_table_name, ctl_file_name, xlsm_file_name, immediate_parent, batch_size, base_tables, creation_date, created_by, last_update_date, last_update_by, attribute1, attribute2, attribute3, attribute4, attribute5, attribute6, attribute7, attribute8, attribute9, attribute10, attribute11, attribute12, attribute13, attribute14, attribute15, conversion_type,cld_template_code,cld_metadata_table_name,cld_template_name) VALUES 
(263,'Price List Matrix Rules', 'PRICE_LIST_MATRIX_RULES', 'Price List Matrix Rules', 'SCM', 255, 'QP_MATRIX_RULES_INT','FBDI', NULL, 8, 'QP_MATRIX_RULES_INT','QP_ERROR_MESSAGES_INT',  'QpMatrixRulesInt', 'PriceListsImportBatchTemplate', NULL, 30000, 'QP_MATRIX_RULES', current_date, 'riteadmin', current_date, 'riteadmin', NULL, NULL, NULL, NULL,NULL, NULL, NULL, NULL, NULL, NULL, NULL, NULL, NULL, NULL, NULL,'DATA_MIGRATION', 'PRICE_LIST_MATRIX_RULES', 'CR_PRICE_LIST_MATRIX_RULES_C', 'CR_PRICE_LIST_MATRIX_RULES_CLD');

INSERT INTO cr_object_information (object_id,info_type,info_value,info_description,additional_information1,additional_information2,additional_information3,additional_information4,additional_information5,creation_date,created_by,last_update_date,last_update_by,attribute1,attribute2,attribute3,attribute4,attribute5,attribute6,attribute7,attribute8,attribute9,attribute10,attribute11,attribute12,attribute13,attribute14,attribute15) VALUES
	 (263,'JobName','/oracle/apps/ess/scm/pricing/pricingAdmin/priceLists/,QpPriceListsNewImportJob','','',NULL,NULL,NULL,NULL,current_date,'riteadmin',current_date,'riteadmin',NULL,NULL,NULL,NULL,NULL,NULL,NULL,NULL,NULL,NULL,NULL,NULL,NULL,NULL,NULL),
	 (263,'Sequence','8','','',NULL,NULL,NULL,NULL,current_date,'riteadmin',current_date,'riteadmin',NULL,NULL,NULL,NULL,NULL,NULL,NULL,NULL,NULL,NULL,NULL,NULL,NULL,NULL,NULL),
	 (263,'DocumentAccount','scm/priceLists/import','','',NULL,NULL,NULL,NULL,current_date,'riteadmin',current_date,'riteadmin',NULL,NULL,NULL,NULL,NULL,NULL,NULL,NULL,NULL,NULL,NULL,NULL,NULL,NULL,NULL),
	 (263,'DocumentSecurityGroup','FAFusionImportExport','','',NULL,NULL,NULL,NULL,current_date,'riteadmin',current_date,'riteadmin',NULL,NULL,NULL,NULL,NULL,NULL,NULL,NULL,NULL,NULL,NULL,NULL,NULL,NULL,NULL),
	 (263,'InterfaceDetails','150','','',NULL,NULL,NULL,NULL,current_date,'riteadmin',current_date,'riteadmin',NULL,NULL,NULL,NULL,NULL,NULL,NULL,NULL,NULL,NULL,NULL,NULL,NULL,NULL,NULL);



-- REVENUE_MANAGEMENT
INSERT INTO cr_objects (object_id, object_name, object_code, user_object_name, module_code, parent_object_id, fbdi_sheet, loader_endpoint, re_con_query, sequence_in_parent, interface_table_name, rejection_table_name, ctl_file_name, xlsm_file_name, immediate_parent, batch_size, base_tables, creation_date, created_by, last_update_date, last_update_by, attribute1, attribute2, attribute3, attribute4, attribute5, attribute6, attribute7, attribute8, attribute9, attribute10, attribute11, attribute12, attribute13, attribute14, attribute15, conversion_type,cld_template_code,cld_metadata_table_name,cld_template_name) VALUES 
(264,'Revenue Management', 'REVENUE_MANAGEMENT', 'Revenue Management', 'FIN', Null, '','FBDI', NULL, Null, '','',  '', '', NULL, 30000, NULL, current_date, 'riteadmin', current_date, 'riteadmin', NULL, NULL, NULL, NULL,NULL, NULL, NULL, NULL, NULL, NULL, NULL, NULL, NULL, NULL, NULL,'DATA_MIGRATION', NULL, NULL, NULL);
INSERT INTO cr_objects (object_id, object_name, object_code, user_object_name, module_code, parent_object_id, fbdi_sheet, loader_endpoint, re_con_query, sequence_in_parent, interface_table_name, rejection_table_name, ctl_file_name, xlsm_file_name, immediate_parent, batch_size, base_tables, creation_date, created_by, last_update_date, last_update_by, attribute1, attribute2, attribute3, attribute4, attribute5, attribute6, attribute7, attribute8, attribute9, attribute10, attribute11, attribute12, attribute13, attribute14, attribute15, conversion_type,cld_template_code,cld_metadata_table_name,cld_template_name) VALUES 
(265,'Billing Data Import', 'BILLING_DATA_IMPORT', 'Billing Data Import', 'FIN', 264, 'VRM_BILLING_LINE_DETAILS','FBDI', NULL, 1, 'VRM_BILLING_LINE_DETAILS','',  'vrmbillingimportcloud', 'BillingDataImportTemplate', NULL, 30000, 'RA_BILLING_LINES_ALL', current_date, 'riteadmin', current_date, 'riteadmin', NULL, NULL, NULL, NULL,NULL, NULL, NULL, NULL, NULL, NULL, NULL, NULL, NULL, NULL, NULL,'DATA_MIGRATION', 'BILLING_DATA_IMPORT', 'CR_BILLING_DATA_IMPORT_C', 'CR_BILLING_DATA_IMPORT_CLD');
INSERT INTO cr_objects (object_id, object_name, object_code, user_object_name, module_code, parent_object_id, fbdi_sheet, loader_endpoint, re_con_query, sequence_in_parent, interface_table_name, rejection_table_name, ctl_file_name, xlsm_file_name, immediate_parent, batch_size, base_tables, creation_date, created_by, last_update_date, last_update_by, attribute1, attribute2, attribute3, attribute4, attribute5, attribute6, attribute7, attribute8, attribute9, attribute10, attribute11, attribute12, attribute13, attribute14, attribute15, conversion_type,cld_template_code,cld_metadata_table_name,cld_template_name) VALUES 
(266,'Revenue Basis Data Import', 'REVENUE_BASIS_DATA_IMPORT', 'Revenue Basis Data Import', 'FIN', 264, 'VRM_SOURCE_DOCUMENTS','FBDI', NULL, 2, 'VRM_SOURCE_DOCUMENTS','',  'vrmrevenueimportcloud', 'RevenueDataImportTemplate', NULL, 30000, NULL, current_date, 'riteadmin', current_date, 'riteadmin', NULL, NULL, NULL, NULL,NULL, NULL, NULL, NULL, NULL, NULL, NULL, NULL, NULL, NULL, NULL,'DATA_MIGRATION', 'REVENUE_BASIS_DATA_IMPORT', 'CR_REVENUE_BASIS_DATA_IMPORT_C', 'CR_REVENUE_BASIS_DATA_IMPORT_CLD');

-- AWARDS
INSERT INTO cr_objects (object_id, object_name, object_code, user_object_name, module_code, parent_object_id, fbdi_sheet, loader_endpoint, re_con_query, sequence_in_parent, interface_table_name, rejection_table_name, ctl_file_name, xlsm_file_name, immediate_parent, batch_size, base_tables, creation_date, created_by, last_update_date, last_update_by, attribute1, attribute2, attribute3, attribute4, attribute5, attribute6, attribute7, attribute8, attribute9, attribute10, attribute11, attribute12, attribute13, attribute14, attribute15, conversion_type,cld_template_code,cld_metadata_table_name,cld_template_name) VALUES 
(267,'Awards', 'AWARDS', 'Awards', 'PPM', Null, '','FBDI', NULL, Null, '','',  '', '', NULL, 30000, NULL, current_date, 'riteadmin', current_date, 'riteadmin', NULL, NULL, NULL, NULL,NULL, NULL, NULL, NULL, NULL, NULL, NULL, NULL, NULL, NULL, NULL,'DATA_MIGRATION', NULL, NULL, NULL);
INSERT INTO cr_objects (object_id, object_name, object_code, user_object_name, module_code, parent_object_id, fbdi_sheet, loader_endpoint, re_con_query, sequence_in_parent, interface_table_name, rejection_table_name, ctl_file_name, xlsm_file_name, immediate_parent, batch_size, base_tables, creation_date, created_by, last_update_date, last_update_by, attribute1, attribute2, attribute3, attribute4, attribute5, attribute6, attribute7, attribute8, attribute9, attribute10, attribute11, attribute12, attribute13, attribute14, attribute15, conversion_type,cld_template_code,cld_metadata_table_name,cld_template_name) VALUES 
(268,'Awards Import', 'AWARDS_IMPORT', 'Awards Import', 'PPM', 267, 'GMS_AWARD_HEADERS_INT','FBDI', NULL, 1, 'GMS_AWARD_HEADERS_INT','',  'GmsAwardHeadersInterface', '	ImportAwards', NULL, 30000, 'GMS_AWARD_HEADERS_INT', current_date, 'riteadmin', current_date, 'riteadmin', NULL, NULL, NULL, NULL,NULL, NULL, NULL, NULL, NULL, NULL, NULL, NULL, NULL, NULL, NULL,'DATA_MIGRATION', 'AWARDS_IMPORT', 'CR_AWARDS_IMPORT_C', 'CR_AWARDS_IMPORT_CLD');
INSERT INTO cr_objects (object_id, object_name, object_code, user_object_name, module_code, parent_object_id, fbdi_sheet, loader_endpoint, re_con_query, sequence_in_parent, interface_table_name, rejection_table_name, ctl_file_name, xlsm_file_name, immediate_parent, batch_size, base_tables, creation_date, created_by, last_update_date, last_update_by, attribute1, attribute2, attribute3, attribute4, attribute5, attribute6, attribute7, attribute8, attribute9, attribute10, attribute11, attribute12, attribute13, attribute14, attribute15, conversion_type,cld_template_code,cld_metadata_table_name,cld_template_name) VALUES 
(269,'Award Funding Sources Import', 'AWARD_FUNDING_SOURCES_IMPORT', 'Award Funding Sources Import', 'PPM', 267, 'GMS_AWD_FND_SRC_INT','FBDI', NULL, 2, 'GMS_AWD_FND_SRC_INT','',  'GmsAwardFundSrcInterface', '	ImportAwards', NULL, 30000, NULL, current_date, 'riteadmin', current_date, 'riteadmin', NULL, NULL, NULL, NULL,NULL, NULL, NULL, NULL, NULL, NULL, NULL, NULL, NULL, NULL, NULL,'DATA_MIGRATION', 'AWARD_FUNDING_SOURCES_IMPORT', 'CR_AWARD_FUNDING_SOURCES_IMPORT_C', 'CR_AWARD_FUNDING_SOURCES_IMPORT_CLD');
INSERT INTO cr_objects (object_id, object_name, object_code, user_object_name, module_code, parent_object_id, fbdi_sheet, loader_endpoint, re_con_query, sequence_in_parent, interface_table_name, rejection_table_name, ctl_file_name, xlsm_file_name, immediate_parent, batch_size, base_tables, creation_date, created_by, last_update_date, last_update_by, attribute1, attribute2, attribute3, attribute4, attribute5, attribute6, attribute7, attribute8, attribute9, attribute10, attribute11, attribute12, attribute13, attribute14, attribute15, conversion_type,cld_template_code,cld_metadata_table_name,cld_template_name) VALUES 
(270,'Award Projects Import', 'AWARD_PROJECTS_IMPORT', 'Award Projects Import', 'PPM', 267, 'GMS_AWARD_PROJECTS_INT','FBDI', NULL, 3, 'GMS_AWARD_PROJECTS_INT','',  'GmsAwardProjectsInterface', '	ImportAwards', NULL, 30000, 'GMS_AWARD_PROJECTS', current_date, 'riteadmin', current_date, 'riteadmin', NULL, NULL, NULL, NULL,NULL, NULL, NULL, NULL, NULL, NULL, NULL, NULL, NULL, NULL, NULL,'DATA_MIGRATION', 'AWARD_PROJECTS_IMPORT', 'CR_AWARD_PROJECTS_IMPORT_C', 'CR_AWARD_PROJECTS_IMPORT_CLD');
INSERT INTO cr_objects (object_id, object_name, object_code, user_object_name, module_code, parent_object_id, fbdi_sheet, loader_endpoint, re_con_query, sequence_in_parent, interface_table_name, rejection_table_name, ctl_file_name, xlsm_file_name, immediate_parent, batch_size, base_tables, creation_date, created_by, last_update_date, last_update_by, attribute1, attribute2, attribute3, attribute4, attribute5, attribute6, attribute7, attribute8, attribute9, attribute10, attribute11, attribute12, attribute13, attribute14, attribute15, conversion_type,cld_template_code,cld_metadata_table_name,cld_template_name) VALUES 
(271,'Award Project Funding Sources Import', 'AWARD_PROJECT_FUNDING_SOURCES_IMPORT', 'Award Project Funding Sources Import', 'PPM', 267, 'GMS_AWD_PRJ_FND_SRC_INT','FBDI', NULL, 4, 'GMS_AWD_PRJ_FND_SRC_INT','',  'GmsAwardPrjFundSrcInterface', '	ImportAwards', NULL, 30000, 'GMS_AWD_PRJ_FND_SOURCES', current_date, 'riteadmin', current_date, 'riteadmin', NULL, NULL, NULL, NULL,NULL, NULL, NULL, NULL, NULL, NULL, NULL, NULL, NULL, NULL, NULL,'DATA_MIGRATION', 'AWARD_PRJ_FUNDING_SOURCES_IMP', 'CR_AWARD_PRJ_FUNDING_SOURCES_IMP_C', 'CR_AWARD_PRJ_FUNDING_SOURCES_IMP_CLD');
INSERT INTO cr_objects (object_id, object_name, object_code, user_object_name, module_code, parent_object_id, fbdi_sheet, loader_endpoint, re_con_query, sequence_in_parent, interface_table_name, rejection_table_name, ctl_file_name, xlsm_file_name, immediate_parent, batch_size, base_tables, creation_date, created_by, last_update_date, last_update_by, attribute1, attribute2, attribute3, attribute4, attribute5, attribute6, attribute7, attribute8, attribute9, attribute10, attribute11, attribute12, attribute13, attribute14, attribute15, conversion_type,cld_template_code,cld_metadata_table_name,cld_template_name) VALUES 
(272,'Award Keywords Import', 'AWARD_KEYWORDS_IMPORT', 'Award Keywords Import', 'PPM', 267, 'GMS_AWARD_KEYWORDS_INT','FBDI', NULL, 5, 'GMS_AWARD_KEYWORDS_INT','',  'GmsAwardKeywordsInterface', '	ImportAwards', NULL, 30000, 'GMS_AWARD_KEYWORDS', current_date, 'riteadmin', current_date, 'riteadmin', NULL, NULL, NULL, NULL,NULL, NULL, NULL, NULL, NULL, NULL, NULL, NULL, NULL, NULL, NULL,'DATA_MIGRATION', 'AWARD_KEYWORDS_IMPORT', 'CR_AWARD_KEYWORDS_IMPORT_C', 'CR_AWARD_KEYWORDS_IMPORT_CLD');
INSERT INTO cr_objects (object_id, object_name, object_code, user_object_name, module_code, parent_object_id, fbdi_sheet, loader_endpoint, re_con_query, sequence_in_parent, interface_table_name, rejection_table_name, ctl_file_name, xlsm_file_name, immediate_parent, batch_size, base_tables, creation_date, created_by, last_update_date, last_update_by, attribute1, attribute2, attribute3, attribute4, attribute5, attribute6, attribute7, attribute8, attribute9, attribute10, attribute11, attribute12, attribute13, attribute14, attribute15, conversion_type,cld_template_code,cld_metadata_table_name,cld_template_name) VALUES 
(273,'Award Budget Periods Import', 'AWARD_BUDGET_PERIODS_IMPORT', 'Award Budget Periods Import', 'PPM', 267, 'GMS_AWARD_BDGT_PRDS_INT','FBDI', NULL, 6, 'GMS_AWARD_BDGT_PRDS_INT','',  'GmsAwardBdgtPeriodsInterface', '	ImportAwards', NULL, 30000, 'GMS_AWARD_BUDGET_PERIODS', current_date, 'riteadmin', current_date, 'riteadmin', NULL, NULL, NULL, NULL,NULL, NULL, NULL, NULL, NULL, NULL, NULL, NULL, NULL, NULL, NULL,'DATA_MIGRATION', 'AWARD_BUDGET_PERIODS_IMPORT', 'CR_AWARD_BUDGET_PERIODS_IMPORT_C', 'CR_AWARD_BUDGET_PERIODS_IMPORT_CLD');
INSERT INTO cr_objects (object_id, object_name, object_code, user_object_name, module_code, parent_object_id, fbdi_sheet, loader_endpoint, re_con_query, sequence_in_parent, interface_table_name, rejection_table_name, ctl_file_name, xlsm_file_name, immediate_parent, batch_size, base_tables, creation_date, created_by, last_update_date, last_update_by, attribute1, attribute2, attribute3, attribute4, attribute5, attribute6, attribute7, attribute8, attribute9, attribute10, attribute11, attribute12, attribute13, attribute14, attribute15, conversion_type,cld_template_code,cld_metadata_table_name,cld_template_name) VALUES 
(274,'Award Certifications Import', 'AWARD_CERTIFICATIONS_IMPORT', 'Award Certifications Import', 'PPM', 267, 'GMS_AWARD_CERTS_INT','FBDI', NULL, 7, 'GMS_AWARD_CERTS_INT','',  'GmsAwardCertsInterface', '	ImportAwards', NULL, 30000, 'GMS_AWARD_CERTS_B', current_date, 'riteadmin', current_date, 'riteadmin', NULL, NULL, NULL, NULL,NULL, NULL, NULL, NULL, NULL, NULL, NULL, NULL, NULL, NULL, NULL,'DATA_MIGRATION', 'AWARD_CERTIFICATIONS_IMPORT', 'CR_AWARD_CERTIFICATIONS_IMPORT_C', 'CR_AWARD_CERTIFICATIONS_IMPORT_CLD');
INSERT INTO cr_objects (object_id, object_name, object_code, user_object_name, module_code, parent_object_id, fbdi_sheet, loader_endpoint, re_con_query, sequence_in_parent, interface_table_name, rejection_table_name, ctl_file_name, xlsm_file_name, immediate_parent, batch_size, base_tables, creation_date, created_by, last_update_date, last_update_by, attribute1, attribute2, attribute3, attribute4, attribute5, attribute6, attribute7, attribute8, attribute9, attribute10, attribute11, attribute12, attribute13, attribute14, attribute15, conversion_type,cld_template_code,cld_metadata_table_name,cld_template_name) VALUES 
(275,'Award CFDA Import', 'AWARD_CFDA_IMPORT', 'Award CFDA Import', 'PPM', 267, 'GMS_AWARD_CFDAS_INT','FBDI', NULL, 8, 'GMS_AWARD_CFDAS_INT','',  'GmsAwardCfdasInterface', '	ImportAwards', NULL, 30000, 'GMS_AWARD_CFDAS', current_date, 'riteadmin', current_date, 'riteadmin', NULL, NULL, NULL, NULL,NULL, NULL, NULL, NULL, NULL, NULL, NULL, NULL, NULL, NULL, NULL,'DATA_MIGRATION', 'AWARD_CFDA_IMPORT', 'CR_AWARD_CFDA_IMPORT_C', 'CR_AWARD_CFDA_IMPORT_CLD');
INSERT INTO cr_objects (object_id, object_name, object_code, user_object_name, module_code, parent_object_id, fbdi_sheet, loader_endpoint, re_con_query, sequence_in_parent, interface_table_name, rejection_table_name, ctl_file_name, xlsm_file_name, immediate_parent, batch_size, base_tables, creation_date, created_by, last_update_date, last_update_by, attribute1, attribute2, attribute3, attribute4, attribute5, attribute6, attribute7, attribute8, attribute9, attribute10, attribute11, attribute12, attribute13, attribute14, attribute15, conversion_type,cld_template_code,cld_metadata_table_name,cld_template_name) VALUES 
(276,'Award Fund Allocations Import', 'AWARD_FUND_ALLOCATIONS_IMPORT', 'Award Fund Allocations Import', 'PPM', 267, 'GMS_AWARD_FUND_ALLOC_INT','FBDI', NULL, 9, 'GMS_AWARD_FUND_ALLOC_INT','',  'GmsAwardFundAllocInterface', '	ImportAwards', NULL, 30000, 'GMS_AWARD_FUND_ALLOCATIONS', current_date, 'riteadmin', current_date, 'riteadmin', NULL, NULL, NULL, NULL,NULL, NULL, NULL, NULL, NULL, NULL, NULL, NULL, NULL, NULL, NULL,'DATA_MIGRATION', 'AWARD_FUND_ALLOCATIONS_IMPORT', 'CR_AWARD_FUND_ALLOCATIONS_IMPORT_C', 'CR_AWARD_FUND_ALLOCATIONS_IMPORT_CLD');
INSERT INTO cr_objects (object_id, object_name, object_code, user_object_name, module_code, parent_object_id, fbdi_sheet, loader_endpoint, re_con_query, sequence_in_parent, interface_table_name, rejection_table_name, ctl_file_name, xlsm_file_name, immediate_parent, batch_size, base_tables, creation_date, created_by, last_update_date, last_update_by, attribute1, attribute2, attribute3, attribute4, attribute5, attribute6, attribute7, attribute8, attribute9, attribute10, attribute11, attribute12, attribute13, attribute14, attribute15, conversion_type,cld_template_code,cld_metadata_table_name,cld_template_name) VALUES 
(277,'Award Fundings Import', 'AWARD_FUNDINGS_IMPORT', 'Award Fundings Import', 'PPM', 267, 'GMS_AWARD_FUNDING_INT','FBDI', NULL, 10, 'GMS_AWARD_FUNDING_INT','',  'GmsAwardFundingInterface', '	ImportAwards', NULL, 30000, 'GMS_AWARD_FUNDINGS_B', current_date, 'riteadmin', current_date, 'riteadmin', NULL, NULL, NULL, NULL,NULL, NULL, NULL, NULL, NULL, NULL, NULL, NULL, NULL, NULL, NULL,'DATA_MIGRATION', 'AWARD_FUNDINGS_IMPORT', 'CR_AWARD_FUNDINGS_IMPORT_C', 'CR_AWARD_FUNDINGS_IMPORT_CLD');
INSERT INTO cr_objects (object_id, object_name, object_code, user_object_name, module_code, parent_object_id, fbdi_sheet, loader_endpoint, re_con_query, sequence_in_parent, interface_table_name, rejection_table_name, ctl_file_name, xlsm_file_name, immediate_parent, batch_size, base_tables, creation_date, created_by, last_update_date, last_update_by, attribute1, attribute2, attribute3, attribute4, attribute5, attribute6, attribute7, attribute8, attribute9, attribute10, attribute11, attribute12, attribute13, attribute14, attribute15, conversion_type,cld_template_code,cld_metadata_table_name,cld_template_name) VALUES 
(278,'Award Organization Credits Import', 'AWARD_ORGANIZATION_CREDITS_IMPORT', 'Award Organization Credits Import', 'PPM', 267, 'GMS_AWARD_DEPT_CRDTS_INT','FBDI', NULL, 11, 'GMS_AWARD_DEPT_CRDTS_INT','',  'GmsAwardOrgCreditsInterface', '	ImportAwards', NULL, 30000, 'GMS_AWARD_DEPARTMENT_CREDITS', current_date, 'riteadmin', current_date, 'riteadmin', NULL, NULL, NULL, NULL,NULL, NULL, NULL, NULL, NULL, NULL, NULL, NULL, NULL, NULL, NULL,'DATA_MIGRATION', 'AWARD_ORGANIZATION_CREDITS_IMP', 'CR_AWARD_ORGANIZATION_CREDITS_IMP_C', 'CR_AWARD_ORGANIZATION_CREDITS_IMP_CLD');
INSERT INTO cr_objects (object_id, object_name, object_code, user_object_name, module_code, parent_object_id, fbdi_sheet, loader_endpoint, re_con_query, sequence_in_parent, interface_table_name, rejection_table_name, ctl_file_name, xlsm_file_name, immediate_parent, batch_size, base_tables, creation_date, created_by, last_update_date, last_update_by, attribute1, attribute2, attribute3, attribute4, attribute5, attribute6, attribute7, attribute8, attribute9, attribute10, attribute11, attribute12, attribute13, attribute14, attribute15, conversion_type,cld_template_code,cld_metadata_table_name,cld_template_name) VALUES 
(279,'Award Personnel Import', 'AWARD_PERSONNEL_IMPORT', 'Award Personnel Import', 'PPM', 267, 'GMS_AWARD_PERSONNEL_INT','FBDI', NULL, 12, 'GMS_AWARD_PERSONNEL_INT','',  'GmsAwardPersonnelInterface', '	ImportAwards', NULL, 30000, 'GMS_AWARD_PERSONNEL', current_date, 'riteadmin', current_date, 'riteadmin', NULL, NULL, NULL, NULL,NULL, NULL, NULL, NULL, NULL, NULL, NULL, NULL, NULL, NULL, NULL,'DATA_MIGRATION', 'AWARD_PERSONNEL_IMPORT', 'CR_AWARD_PERSONNEL_IMPORT_C', 'CR_AWARD_PERSONNEL_IMPORT_CLD');
INSERT INTO cr_objects (object_id, object_name, object_code, user_object_name, module_code, parent_object_id, fbdi_sheet, loader_endpoint, re_con_query, sequence_in_parent, interface_table_name, rejection_table_name, ctl_file_name, xlsm_file_name, immediate_parent, batch_size, base_tables, creation_date, created_by, last_update_date, last_update_by, attribute1, attribute2, attribute3, attribute4, attribute5, attribute6, attribute7, attribute8, attribute9, attribute10, attribute11, attribute12, attribute13, attribute14, attribute15, conversion_type,cld_template_code,cld_metadata_table_name,cld_template_name) VALUES 
(280,'Award Project Task Burden Schedules Import', 'AWARD_PROJECT_TASK_BURDEN_SCHEDULES_IMPORT', 'Award Project Task Burden Schedules Import', 'PPM', 267, 'GMS_AWD_PRJ_TSK_BRD_INT','FBDI', NULL, 13, 'GMS_AWD_PRJ_TSK_BRD_INT','',  'GmsAwardPrjTaskBrdInterface', '	ImportAwards', NULL, 30000, NULL, current_date, 'riteadmin', current_date, 'riteadmin', NULL, NULL, NULL, NULL,NULL, NULL, NULL, NULL, NULL, NULL, NULL, NULL, NULL, NULL, NULL,'DATA_MIGRATION', 'AWARD_PRJ_TASK_BURDEN_SCH', 'CR_AWARD_PRJ_TASK_BURDEN_SCH_C', 'CR_AWARD_PRJ_TASK_BURDEN_SCH_CLD');
INSERT INTO cr_objects (object_id, object_name, object_code, user_object_name, module_code, parent_object_id, fbdi_sheet, loader_endpoint, re_con_query, sequence_in_parent, interface_table_name, rejection_table_name, ctl_file_name, xlsm_file_name, immediate_parent, batch_size, base_tables, creation_date, created_by, last_update_date, last_update_by, attribute1, attribute2, attribute3, attribute4, attribute5, attribute6, attribute7, attribute8, attribute9, attribute10, attribute11, attribute12, attribute13, attribute14, attribute15, conversion_type,cld_template_code,cld_metadata_table_name,cld_template_name) VALUES 
(281,'Award References Import', 'AWARD_REFERENCES_IMPORT', 'Award References Import', 'PPM', 267, 'GMS_AWARD_REFERENCES_INT','FBDI', NULL, 14, 'GMS_AWARD_REFERENCES_INT','',  'GmsAwardReferencesInterface', '	ImportAwards', NULL, 30000, 'GMS_AWARD_REFERENCES_B', current_date, 'riteadmin', current_date, 'riteadmin', NULL, NULL, NULL, NULL,NULL, NULL, NULL, NULL, NULL, NULL, NULL, NULL, NULL, NULL, NULL,'DATA_MIGRATION', 'AWARD_REFERENCES_IMPORT', 'CR_AWARD_REFERENCES_IMPORT_C', 'CR_AWARD_REFERENCES_IMPORT_CLD');
INSERT INTO cr_objects (object_id, object_name, object_code, user_object_name, module_code, parent_object_id, fbdi_sheet, loader_endpoint, re_con_query, sequence_in_parent, interface_table_name, rejection_table_name, ctl_file_name, xlsm_file_name, immediate_parent, batch_size, base_tables, creation_date, created_by, last_update_date, last_update_by, attribute1, attribute2, attribute3, attribute4, attribute5, attribute6, attribute7, attribute8, attribute9, attribute10, attribute11, attribute12, attribute13, attribute14, attribute15, conversion_type,cld_template_code,cld_metadata_table_name,cld_template_name) VALUES 
(282,'Award Terms Import', 'AWARD_TERMS_IMPORT', 'Award Terms Import', 'PPM', 267, 'GMS_AWARD_TERMS_INT','FBDI', NULL, 15, 'GMS_AWARD_TERMS_INT','',  'GmsAwardTermsInterface', '	ImportAwards', NULL, 30000, 'GMS_AWARD_TERMS_B', current_date, 'riteadmin', current_date, 'riteadmin', NULL, NULL, NULL, NULL,NULL, NULL, NULL, NULL, NULL, NULL, NULL, NULL, NULL, NULL, NULL,'DATA_MIGRATION', 'AWARD_TERMS_IMPORT', 'CR_AWARD_TERMS_IMPORT_C', 'CR_AWARD_TERMS_IMPORT_CLD');

-- FUNDING_SOURCES
INSERT INTO cr_objects (object_id, object_name, object_code, user_object_name, module_code, parent_object_id, fbdi_sheet, loader_endpoint, re_con_query, sequence_in_parent, interface_table_name, rejection_table_name, ctl_file_name, xlsm_file_name, immediate_parent, batch_size, base_tables, creation_date, created_by, last_update_date, last_update_by, attribute1, attribute2, attribute3, attribute4, attribute5, attribute6, attribute7, attribute8, attribute9, attribute10, attribute11, attribute12, attribute13, attribute14, attribute15, conversion_type,cld_template_code,cld_metadata_table_name,cld_template_name) VALUES 
(283,'Funding Sources', 'FUNDING_SOURCES', 'Funding Sources', 'PPM', Null, '','FBDI', NULL, Null, '','',  '', '', NULL, 30000, NULL, current_date, 'riteadmin', current_date, 'riteadmin', NULL, NULL, NULL, NULL,NULL, NULL, NULL, NULL, NULL, NULL, NULL, NULL, NULL, NULL, NULL,'DATA_MIGRATION', NULL, NULL, NULL);
INSERT INTO cr_objects (object_id, object_name, object_code, user_object_name, module_code, parent_object_id, fbdi_sheet, loader_endpoint, re_con_query, sequence_in_parent, interface_table_name, rejection_table_name, ctl_file_name, xlsm_file_name, immediate_parent, batch_size, base_tables, creation_date, created_by, last_update_date, last_update_by, attribute1, attribute2, attribute3, attribute4, attribute5, attribute6, attribute7, attribute8, attribute9, attribute10, attribute11, attribute12, attribute13, attribute14, attribute15, conversion_type,cld_template_code,cld_metadata_table_name,cld_template_name) VALUES 
(284,'Sponsors Import', 'SPONSORS_IMPORT', 'Sponsors Import', 'PPM', 283, 'GMS_SPONSORS_INT','FBDI', NULL, 1, 'GMS_SPONSORS_INT','',  'GmsSponsorInterface', 'ImportFundingSources', NULL, 30000, 'GMS_SPONSORS_B', current_date, 'riteadmin', current_date, 'riteadmin', NULL, NULL, NULL, NULL,NULL, NULL, NULL, NULL, NULL, NULL, NULL, NULL, NULL, NULL, NULL,'DATA_MIGRATION', 'SPONSORS_IMPORT', 'CR_SPONSORS_IMPORT_C', 'CR_SPONSORS_IMPORT_CLD');
INSERT INTO cr_objects (object_id, object_name, object_code, user_object_name, module_code, parent_object_id, fbdi_sheet, loader_endpoint, re_con_query, sequence_in_parent, interface_table_name, rejection_table_name, ctl_file_name, xlsm_file_name, immediate_parent, batch_size, base_tables, creation_date, created_by, last_update_date, last_update_by, attribute1, attribute2, attribute3, attribute4, attribute5, attribute6, attribute7, attribute8, attribute9, attribute10, attribute11, attribute12, attribute13, attribute14, attribute15, conversion_type,cld_template_code,cld_metadata_table_name,cld_template_name) VALUES 
(285,'Sponsor References Import', 'SPONSOR_REFERENCES_IMPORT', 'Sponsor References Import', 'PPM', 283, 'GMS_SPONSOR_REFERENCES_INT','FBDI', NULL, 2, 'GMS_SPONSOR_REFERENCES_INT','',  'GmsSponsorReferencesInterface', 'ImportFundingSources', NULL, 30000, 'GMS_SPONSORS_REFERENCES_B', current_date, 'riteadmin', current_date, 'riteadmin', NULL, NULL, NULL, NULL,NULL, NULL, NULL, NULL, NULL, NULL, NULL, NULL, NULL, NULL, NULL,'DATA_MIGRATION', 'SPONSOR_REFERENCES_IMPORT', 'CR_SPONSOR_REFERENCES_IMPORT_C', 'CR_SPONSOR_REFERENCES_IMPORT_CLD');
INSERT INTO cr_objects (object_id, object_name, object_code, user_object_name, module_code, parent_object_id, fbdi_sheet, loader_endpoint, re_con_query, sequence_in_parent, interface_table_name, rejection_table_name, ctl_file_name, xlsm_file_name, immediate_parent, batch_size, base_tables, creation_date, created_by, last_update_date, last_update_by, attribute1, attribute2, attribute3, attribute4, attribute5, attribute6, attribute7, attribute8, attribute9, attribute10, attribute11, attribute12, attribute13, attribute14, attribute15, conversion_type,cld_template_code,cld_metadata_table_name,cld_template_name) VALUES 
(286,'Funding Sources Import', 'FUNDING_SOURCES_IMPORT', 'Funding Sources Import', 'PPM', 283, 'GMS_INTERNAL_FUND_SRC_INT','FBDI', NULL, 3, 'GMS_INTERNAL_FUND_SRC_INT','',  'GmsInternalFundingSrcInterface', 'ImportFundingSources', NULL, 30000, NULL, current_date, 'riteadmin', current_date, 'riteadmin', NULL, NULL, NULL, NULL,NULL, NULL, NULL, NULL, NULL, NULL, NULL, NULL, NULL, NULL, NULL,'DATA_MIGRATION', 'FUNDING_SOURCES_IMPORT', 'CR_FUNDING_SOURCES_IMPORT_C', 'CR_FUNDING_SOURCES_IMPORT_CLD');


-- GRANTS_PERSONNEL
INSERT INTO cr_objects (object_id, object_name, object_code, user_object_name, module_code, parent_object_id, fbdi_sheet, loader_endpoint, re_con_query, sequence_in_parent, interface_table_name, rejection_table_name, ctl_file_name, xlsm_file_name, immediate_parent, batch_size, base_tables, creation_date, created_by, last_update_date, last_update_by, attribute1, attribute2, attribute3, attribute4, attribute5, attribute6, attribute7, attribute8, attribute9, attribute10, attribute11, attribute12, attribute13, attribute14, attribute15, conversion_type,cld_template_code,cld_metadata_table_name,cld_template_name) VALUES 
(287,'Grants Personnel', 'GRANTS_PERSONNEL', 'Grants Personnel', 'PPM', Null, '','FBDI', NULL, Null, '','',  '', '', NULL, 30000, NULL, current_date, 'riteadmin', current_date, 'riteadmin', NULL, NULL, NULL, NULL,NULL, NULL, NULL, NULL, NULL, NULL, NULL, NULL, NULL, NULL, NULL,'DATA_MIGRATION', NULL, NULL, NULL);
INSERT INTO cr_objects (object_id, object_name, object_code, user_object_name, module_code, parent_object_id, fbdi_sheet, loader_endpoint, re_con_query, sequence_in_parent, interface_table_name, rejection_table_name, ctl_file_name, xlsm_file_name, immediate_parent, batch_size, base_tables, creation_date, created_by, last_update_date, last_update_by, attribute1, attribute2, attribute3, attribute4, attribute5, attribute6, attribute7, attribute8, attribute9, attribute10, attribute11, attribute12, attribute13, attribute14, attribute15, conversion_type,cld_template_code,cld_metadata_table_name,cld_template_name) VALUES 
(288,'Grants Personnel Import', 'GRANTS_PERSONNEL_IMPORT', 'Grants Personnel Import', 'PPM', 287, 'GMS_PERSONNEL_INT','FBDI', NULL, 1, 'GMS_PERSONNEL_INT','',  'GmsPersonnelInterface', 'ImportGrantsPersonnel', NULL, 30000, 'GMS_PERSONS', current_date, 'riteadmin', current_date, 'riteadmin', NULL, NULL, NULL, NULL,NULL, NULL, NULL, NULL, NULL, NULL, NULL, NULL, NULL, NULL, NULL,'DATA_MIGRATION', 'GRANTS_PERSONNEL_IMPORT', 'CR_GRANTS_PERSONNEL_IMPORT_C', 'CR_GRANTS_PERSONNEL_IMPORT_CLD');
INSERT INTO cr_objects (object_id, object_name, object_code, user_object_name, module_code, parent_object_id, fbdi_sheet, loader_endpoint, re_con_query, sequence_in_parent, interface_table_name, rejection_table_name, ctl_file_name, xlsm_file_name, immediate_parent, batch_size, base_tables, creation_date, created_by, last_update_date, last_update_by, attribute1, attribute2, attribute3, attribute4, attribute5, attribute6, attribute7, attribute8, attribute9, attribute10, attribute11, attribute12, attribute13, attribute14, attribute15, conversion_type,cld_template_code,cld_metadata_table_name,cld_template_name) VALUES 
(289,'Grants Personnel Keywords Import', 'GRANTS_PERSONNEL_KEYWORDS_IMPORT', 'Grants Personnel Keywords Import', 'PPM', 287, 'GMS_PERSONNEL_KEYWORDS_INT','FBDI', NULL, 2, 'GMS_PERSONNEL_KEYWORDS_INT','',  'GmsPersonnelKeywordsInterface', 'ImportGrantsPersonnel', NULL, 30000, 'GMS_PERSONNEL_KEYWORDS', current_date, 'riteadmin', current_date, 'riteadmin', NULL, NULL, NULL, NULL,NULL, NULL, NULL, NULL, NULL, NULL, NULL, NULL, NULL, NULL, NULL,'DATA_MIGRATION', 'GRANTS_PERSONNEL_KEYWORDS_IMP', 'CR_GRANTS_PERSONNEL_KEYWORDS_IMP_C', 'CR_GRANTS_PERSONNEL_KEYWORDS_IMP_CLD');


-- KEYWORDS
INSERT INTO cr_objects (object_id, object_name, object_code, user_object_name, module_code, parent_object_id, fbdi_sheet, loader_endpoint, re_con_query, sequence_in_parent, interface_table_name, rejection_table_name, ctl_file_name, xlsm_file_name, immediate_parent, batch_size, base_tables, creation_date, created_by, last_update_date, last_update_by, attribute1, attribute2, attribute3, attribute4, attribute5, attribute6, attribute7, attribute8, attribute9, attribute10, attribute11, attribute12, attribute13, attribute14, attribute15, conversion_type,cld_template_code,cld_metadata_table_name,cld_template_name) VALUES 
(290,'Keywords', 'KEYWORDS', 'Keywords', 'PPM', Null, '','FBDI', NULL, Null, '','',  '', '', NULL, 30000, NULL, current_date, 'riteadmin', current_date, 'riteadmin', NULL, NULL, NULL, NULL,NULL, NULL, NULL, NULL, NULL, NULL, NULL, NULL, NULL, NULL, NULL,'DATA_MIGRATION', NULL, NULL, NULL);
INSERT INTO cr_objects (object_id, object_name, object_code, user_object_name, module_code, parent_object_id, fbdi_sheet, loader_endpoint, re_con_query, sequence_in_parent, interface_table_name, rejection_table_name, ctl_file_name, xlsm_file_name, immediate_parent, batch_size, base_tables, creation_date, created_by, last_update_date, last_update_by, attribute1, attribute2, attribute3, attribute4, attribute5, attribute6, attribute7, attribute8, attribute9, attribute10, attribute11, attribute12, attribute13, attribute14, attribute15, conversion_type,cld_template_code,cld_metadata_table_name,cld_template_name) VALUES 
(291,'Import Keywords', 'IMPORT_KEYWORDS', 'Import Keywords', 'PPM', 290, 'GMS_KEYWORDS_INT','FBDI', NULL, 1, 'GMS_KEYWORDS_INT','',  'GmsKeywordInterface', 'ImportKeywords', NULL, 30000, 'GMS_KEYWORDS_B', current_date, 'riteadmin', current_date, 'riteadmin', NULL, NULL, NULL, NULL,NULL, NULL, NULL, NULL, NULL, NULL, NULL, NULL, NULL, NULL, NULL,'DATA_MIGRATION', 'IMPORT_KEYWORDS', 'CR_IMPORT_KEYWORDS_C', 'CR_IMPORT_KEYWORDS_CLD');

-- PROJECT_BILLING_EVENTS
INSERT INTO cr_objects (object_id, object_name, object_code, user_object_name, module_code, parent_object_id, fbdi_sheet, loader_endpoint, re_con_query, sequence_in_parent, interface_table_name, rejection_table_name, ctl_file_name, xlsm_file_name, immediate_parent, batch_size, base_tables, creation_date, created_by, last_update_date, last_update_by, attribute1, attribute2, attribute3, attribute4, attribute5, attribute6, attribute7, attribute8, attribute9, attribute10, attribute11, attribute12, attribute13, attribute14, attribute15, conversion_type,cld_template_code,cld_metadata_table_name,cld_template_name) VALUES 
(292,'Project Billing Events', 'PROJECT_BILLING_EVENTS', 'Project Billing Events', 'PPM', Null, '','FBDI', NULL, Null, '','',  '', '', NULL, 30000, NULL, current_date, 'riteadmin', current_date, 'riteadmin', NULL, NULL, NULL, NULL,NULL, NULL, NULL, NULL, NULL, NULL, NULL, NULL, NULL, NULL, NULL,'DATA_MIGRATION', NULL, NULL, NULL);
INSERT INTO cr_objects (object_id, object_name, object_code, user_object_name, module_code, parent_object_id, fbdi_sheet, loader_endpoint, re_con_query, sequence_in_parent, interface_table_name, rejection_table_name, ctl_file_name, xlsm_file_name, immediate_parent, batch_size, base_tables, creation_date, created_by, last_update_date, last_update_by, attribute1, attribute2, attribute3, attribute4, attribute5, attribute6, attribute7, attribute8, attribute9, attribute10, attribute11, attribute12, attribute13, attribute14, attribute15, conversion_type,cld_template_code,cld_metadata_table_name,cld_template_name) VALUES 
(293,'Import Project Billing Events', 'IMPORT_PROJECT_BILLING_EVENTS', 'Import Project Billing Events', 'PPM', 292, 'PJB_BILLING_EVENTS_INT','FBDI', NULL, 1, 'PJB_BILLING_EVENTS_INT','',  'PjbBillingEventsXface', 'CreateBillingEventsTemplate', NULL, 30000, 'PJB_BILLING_EVENTS', current_date, 'riteadmin', current_date, 'riteadmin', NULL, NULL, NULL, NULL,NULL, NULL, NULL, NULL, NULL, NULL, NULL, NULL, NULL, NULL, NULL,'DATA_MIGRATION', 'IMPORT_PROJECT_BILLING_EVENTS', 'CR_IMPORT_PROJECT_BILLING_EVENTS_C', 'CR_IMPORT_PROJECT_BILLING_EVENTS_CLD');

-- FINANCIAL_PROJECT_PLANS
INSERT INTO cr_objects (object_id, object_name, object_code, user_object_name, module_code, parent_object_id, fbdi_sheet, loader_endpoint, re_con_query, sequence_in_parent, interface_table_name, rejection_table_name, ctl_file_name, xlsm_file_name, immediate_parent, batch_size, base_tables, creation_date, created_by, last_update_date, last_update_by, attribute1, attribute2, attribute3, attribute4, attribute5, attribute6, attribute7, attribute8, attribute9, attribute10, attribute11, attribute12, attribute13, attribute14, attribute15, conversion_type,cld_template_code,cld_metadata_table_name,cld_template_name) VALUES 
(294,'Financial Project Plans', 'FINANCIAL_PROJECT_PLANS', 'Financial Project Plans', 'PPM', Null, '','FBDI', NULL, Null, '','',  '', '', NULL, 30000, NULL, current_date, 'riteadmin', current_date, 'riteadmin', NULL, NULL, NULL, NULL,NULL, NULL, NULL, NULL, NULL, NULL, NULL, NULL, NULL, NULL, NULL,'DATA_MIGRATION', NULL, NULL, NULL);
INSERT INTO cr_objects (object_id, object_name, object_code, user_object_name, module_code, parent_object_id, fbdi_sheet, loader_endpoint, re_con_query, sequence_in_parent, interface_table_name, rejection_table_name, ctl_file_name, xlsm_file_name, immediate_parent, batch_size, base_tables, creation_date, created_by, last_update_date, last_update_by, attribute1, attribute2, attribute3, attribute4, attribute5, attribute6, attribute7, attribute8, attribute9, attribute10, attribute11, attribute12, attribute13, attribute14, attribute15, conversion_type,cld_template_code,cld_metadata_table_name,cld_template_name) VALUES 
(295,'Import Financial Project Plans', 'IMPORT_FINANCIAL_PROJECT_PLANS', 'Import Financial Project Plans', 'PPM', 294, 'PJO_PLAN_VERSIONS_XFACE','FBDI', NULL, 1, 'PJO_PLAN_VERSIONS_XFACE','',  'PjoProjectPlanXface', 'FinancialProjectPlansImportTemplate', NULL, 30000, 'PJO_PLAN_VERSIONS_B', current_date, 'riteadmin', current_date, 'riteadmin', NULL, NULL, NULL, NULL,NULL, NULL, NULL, NULL, NULL, NULL, NULL, NULL, NULL, NULL, NULL,'DATA_MIGRATION', 'IMPORT_FINANCIAL_PROJECT_PLANS', 'CR_IMPORT_FINANCIAL_PROJECT_PLANS_C', 'CR_IMPORT_FINANCIAL_PROJECT_PLANS_CLD');

-- PROJECT_BUDGETS
INSERT INTO cr_objects (object_id, object_name, object_code, user_object_name, module_code, parent_object_id, fbdi_sheet, loader_endpoint, re_con_query, sequence_in_parent, interface_table_name, rejection_table_name, ctl_file_name, xlsm_file_name, immediate_parent, batch_size, base_tables, creation_date, created_by, last_update_date, last_update_by, attribute1, attribute2, attribute3, attribute4, attribute5, attribute6, attribute7, attribute8, attribute9, attribute10, attribute11, attribute12, attribute13, attribute14, attribute15, conversion_type,cld_template_code,cld_metadata_table_name,cld_template_name) VALUES 
(296,'Project Budgets', 'PROJECT_BUDGETS', 'Project Budgets', 'PPM', Null, '','FBDI', NULL, Null, '','',  '', '', NULL, 30000, NULL, current_date, 'riteadmin', current_date, 'riteadmin', NULL, NULL, NULL, NULL,NULL, NULL, NULL, NULL, NULL, NULL, NULL, NULL, NULL, NULL, NULL,'DATA_MIGRATION', NULL, NULL, NULL);
INSERT INTO cr_objects (object_id, object_name, object_code, user_object_name, module_code, parent_object_id, fbdi_sheet, loader_endpoint, re_con_query, sequence_in_parent, interface_table_name, rejection_table_name, ctl_file_name, xlsm_file_name, immediate_parent, batch_size, base_tables, creation_date, created_by, last_update_date, last_update_by, attribute1, attribute2, attribute3, attribute4, attribute5, attribute6, attribute7, attribute8, attribute9, attribute10, attribute11, attribute12, attribute13, attribute14, attribute15, conversion_type,cld_template_code,cld_metadata_table_name,cld_template_name) VALUES 
(297,'Import Project Budgets', 'IMPORT_PROJECT_BUDGETS', 'Import Project Budgets', 'PPM', 296, 'PJO_PLAN_VERSIONS_XFACE','FBDI', NULL, 1, 'PJO_PLAN_VERSIONS_XFACE','',  'PjoPlanVersionsXface', 'ProjectBudgetsImportTemplate', NULL, 30000, 'PJO_PLAN_VERSIONS_B', current_date, 'riteadmin', current_date, 'riteadmin', NULL, NULL, NULL, NULL,NULL, NULL, NULL, NULL, NULL, NULL, NULL, NULL, NULL, NULL, NULL,'DATA_MIGRATION', 'IMPORT_PROJECT_BUDGETS', 'CR_IMPORT_PROJECT_BUDGETS_C', 'CR_IMPORT_PROJECT_BUDGETS_CLD');

-- PROJECT_FORECASTS
INSERT INTO cr_objects (object_id, object_name, object_code, user_object_name, module_code, parent_object_id, fbdi_sheet, loader_endpoint, re_con_query, sequence_in_parent, interface_table_name, rejection_table_name, ctl_file_name, xlsm_file_name, immediate_parent, batch_size, base_tables, creation_date, created_by, last_update_date, last_update_by, attribute1, attribute2, attribute3, attribute4, attribute5, attribute6, attribute7, attribute8, attribute9, attribute10, attribute11, attribute12, attribute13, attribute14, attribute15, conversion_type,cld_template_code,cld_metadata_table_name,cld_template_name) VALUES 
(298,'Project Forecasts', 'PROJECT_FORECASTS', 'Project Forecasts', 'PPM', Null, '','FBDI', NULL, Null, '','',  '', '', NULL, 30000, NULL, current_date, 'riteadmin', current_date, 'riteadmin', NULL, NULL, NULL, NULL,NULL, NULL, NULL, NULL, NULL, NULL, NULL, NULL, NULL, NULL, NULL,'DATA_MIGRATION', NULL, NULL, NULL);
INSERT INTO cr_objects (object_id, object_name, object_code, user_object_name, module_code, parent_object_id, fbdi_sheet, loader_endpoint, re_con_query, sequence_in_parent, interface_table_name, rejection_table_name, ctl_file_name, xlsm_file_name, immediate_parent, batch_size, base_tables, creation_date, created_by, last_update_date, last_update_by, attribute1, attribute2, attribute3, attribute4, attribute5, attribute6, attribute7, attribute8, attribute9, attribute10, attribute11, attribute12, attribute13, attribute14, attribute15, conversion_type,cld_template_code,cld_metadata_table_name,cld_template_name) VALUES 
(299,'Import Project Forecasts', 'IMPORT_PROJECT_FORECASTS', 'Import Project Forecasts', 'PPM', 298, 'PJO_PLAN_VERSIONS_XFACE','FBDI', NULL, 1, 'PJO_PLAN_VERSIONS_XFACE','',  'PjoForecastsXface', 'ProjectForecastsImportTemplate', NULL, 30000, 'PJO_PLAN_VERSIONS_B', current_date, 'riteadmin', current_date, 'riteadmin', NULL, NULL, NULL, NULL,NULL, NULL, NULL, NULL, NULL, NULL, NULL, NULL, NULL, NULL, NULL,'DATA_MIGRATION', 'IMPORT_PROJECT_FORECASTS', 'CR_IMPORT_PROJECT_FORECASTS_C', 'CR_IMPORT_PROJECT_FORECASTS_CLD');

-- PROJECT_PROGRESS
INSERT INTO cr_objects (object_id, object_name, object_code, user_object_name, module_code, parent_object_id, fbdi_sheet, loader_endpoint, re_con_query, sequence_in_parent, interface_table_name, rejection_table_name, ctl_file_name, xlsm_file_name, immediate_parent, batch_size, base_tables, creation_date, created_by, last_update_date, last_update_by, attribute1, attribute2, attribute3, attribute4, attribute5, attribute6, attribute7, attribute8, attribute9, attribute10, attribute11, attribute12, attribute13, attribute14, attribute15, conversion_type,cld_template_code,cld_metadata_table_name,cld_template_name) VALUES 
(300,'Project Progress', 'PROJECT_PROGRESS', 'Project Progress', 'PPM', Null, '','FBDI', NULL, Null, '','',  '', '', NULL, 30000, NULL, current_date, 'riteadmin', current_date, 'riteadmin', NULL, NULL, NULL, NULL,NULL, NULL, NULL, NULL, NULL, NULL, NULL, NULL, NULL, NULL, NULL,'DATA_MIGRATION', NULL, NULL, NULL);
INSERT INTO cr_objects (object_id, object_name, object_code, user_object_name, module_code, parent_object_id, fbdi_sheet, loader_endpoint, re_con_query, sequence_in_parent, interface_table_name, rejection_table_name, ctl_file_name, xlsm_file_name, immediate_parent, batch_size, base_tables, creation_date, created_by, last_update_date, last_update_by, attribute1, attribute2, attribute3, attribute4, attribute5, attribute6, attribute7, attribute8, attribute9, attribute10, attribute11, attribute12, attribute13, attribute14, attribute15, conversion_type,cld_template_code,cld_metadata_table_name,cld_template_name) VALUES 
(301,'Import Project Progress', 'IMPORT_PROJECT_PROGRESS', 'Import Project Progress', 'PPM', 300, 'PJO_PROJ_PROGRESS_XFACE','FBDI', NULL, 1, 'PJO_PROJ_PROGRESS_XFACE','',  'PjoProjectProgressXface', 'ProjectProgressImportTemplate', NULL, 30000, 'PJO_PLAN_VERSIONS_B', current_date, 'riteadmin', current_date, 'riteadmin', NULL, NULL, NULL, NULL,NULL, NULL, NULL, NULL, NULL, NULL, NULL, NULL, NULL, NULL, NULL,'DATA_MIGRATION', 'IMPORT_PROJECT_PROGRESS', 'CR_IMPORT_PROJECT_PROGRESS_C', 'CR_IMPORT_PROJECT_PROGRESS_CLD');

-- ASSET_AND_ASSIGNMENTS_PROCESS
INSERT INTO cr_objects (object_id, object_name, object_code, user_object_name, module_code, parent_object_id, fbdi_sheet, loader_endpoint, re_con_query, sequence_in_parent, interface_table_name, rejection_table_name, ctl_file_name, xlsm_file_name, immediate_parent, batch_size, base_tables, creation_date, created_by, last_update_date, last_update_by, attribute1, attribute2, attribute3, attribute4, attribute5, attribute6, attribute7, attribute8, attribute9, attribute10, attribute11, attribute12, attribute13, attribute14, attribute15, conversion_type,cld_template_code,cld_metadata_table_name,cld_template_name) VALUES 
(302,'Import Asset and Assignments Process', 'IMPORT_ASSET_AND_ASSIGNMENTS_PROCESS', 'Import Asset and Assignments Process', 'PPM', Null, '','FBDI', NULL, Null, '','',  '', '', NULL, 30000, NULL, current_date, 'riteadmin', current_date, 'riteadmin', NULL, NULL, NULL, NULL,NULL, NULL, NULL, NULL, NULL, NULL, NULL, NULL, NULL, NULL, NULL,'DATA_MIGRATION', NULL, NULL, NULL);
INSERT INTO cr_objects (object_id, object_name, object_code, user_object_name, module_code, parent_object_id, fbdi_sheet, loader_endpoint, re_con_query, sequence_in_parent, interface_table_name, rejection_table_name, ctl_file_name, xlsm_file_name, immediate_parent, batch_size, base_tables, creation_date, created_by, last_update_date, last_update_by, attribute1, attribute2, attribute3, attribute4, attribute5, attribute6, attribute7, attribute8, attribute9, attribute10, attribute11, attribute12, attribute13, attribute14, attribute15, conversion_type,cld_template_code,cld_metadata_table_name,cld_template_name) VALUES 
(303,'Project Assets', 'PROJECT_ASSETS', 'Project Assets', 'PPM', 302, 'PJC_ASSET_INT','FBDI', NULL, 1, 'PJC_ASSET_INT','',  'PjcAssetInterface', '	ProjectAssetProcessingImportTemplate', NULL, 30000, NULL, current_date, 'riteadmin', current_date, 'riteadmin', NULL, NULL, NULL, NULL,NULL, NULL, NULL, NULL, NULL, NULL, NULL, NULL, NULL, NULL, NULL,'DATA_MIGRATION', 'IMP_ASSET_AND_ASSIGN_PROCESS', 'CR_IMP_ASSET_AND_ASSIGN_PROCESS_C', 'CR_IMP_ASSET_AND_ASSIGN_PROCESS_CLD');
INSERT INTO cr_objects (object_id, object_name, object_code, user_object_name, module_code, parent_object_id, fbdi_sheet, loader_endpoint, re_con_query, sequence_in_parent, interface_table_name, rejection_table_name, ctl_file_name, xlsm_file_name, immediate_parent, batch_size, base_tables, creation_date, created_by, last_update_date, last_update_by, attribute1, attribute2, attribute3, attribute4, attribute5, attribute6, attribute7, attribute8, attribute9, attribute10, attribute11, attribute12, attribute13, attribute14, attribute15, conversion_type,cld_template_code,cld_metadata_table_name,cld_template_name) VALUES 
(304,'Import Asset and Assignments Process', 'IMPORT_ASSET_AND_ASSIGNMENTS_PROCESS', 'Import Asset and Assignments Process', 'PPM', 302, 'PJC_ASSET_ASSIGN_INT','FBDI', NULL, 2, 'PJC_ASSET_ASSIGN_INT','',  'PjcAssetAssignInterface', '	ProjectAssetProcessingImportTemplate', NULL, 30000, NULL, current_date, 'riteadmin', current_date, 'riteadmin', NULL, NULL, NULL, NULL,NULL, NULL, NULL, NULL, NULL, NULL, NULL, NULL, NULL, NULL, NULL,'DATA_MIGRATION', 'IMP_ASSET_AND_ASSIGN_PROCESS', 'CR_IMP_ASSET_AND_ASSIGN_PROCESS_C', 'CR_IMP_ASSET_AND_ASSIGN_PROCESS_CLD');

-- ASSIGNMENT_LABOR_SCHEDULES
INSERT INTO cr_objects (object_id, object_name, object_code, user_object_name, module_code, parent_object_id, fbdi_sheet, loader_endpoint, re_con_query, sequence_in_parent, interface_table_name, rejection_table_name, ctl_file_name, xlsm_file_name, immediate_parent, batch_size, base_tables, creation_date, created_by, last_update_date, last_update_by, attribute1, attribute2, attribute3, attribute4, attribute5, attribute6, attribute7, attribute8, attribute9, attribute10, attribute11, attribute12, attribute13, attribute14, attribute15, conversion_type,cld_template_code,cld_metadata_table_name,cld_template_name) VALUES 
(305,'Assignment Labor Schedules', 'ASSIGNMENT_LABOR_SCHEDULES', 'Assignment Labor Schedules', 'PPM', Null, '','FBDI', NULL, Null, '','',  '', '', NULL, 30000, NULL, current_date, 'riteadmin', current_date, 'riteadmin', NULL, NULL, NULL, NULL,NULL, NULL, NULL, NULL, NULL, NULL, NULL, NULL, NULL, NULL, NULL,'DATA_MIGRATION', NULL, NULL, NULL);
INSERT INTO cr_objects (object_id, object_name, object_code, user_object_name, module_code, parent_object_id, fbdi_sheet, loader_endpoint, re_con_query, sequence_in_parent, interface_table_name, rejection_table_name, ctl_file_name, xlsm_file_name, immediate_parent, batch_size, base_tables, creation_date, created_by, last_update_date, last_update_by, attribute1, attribute2, attribute3, attribute4, attribute5, attribute6, attribute7, attribute8, attribute9, attribute10, attribute11, attribute12, attribute13, attribute14, attribute15, conversion_type,cld_template_code,cld_metadata_table_name,cld_template_name) VALUES 
(306,'Import Assignment Labor Schedules', 'IMPORT_ASSIGNMENT_LABOR_SCHEDULES', 'Import Assignment Labor Schedules', 'PPM', 305, 'PJC_LABOR_SCHEDULE_INT','FBDI', NULL, 1, 'PJC_LABOR_SCHEDULE_INT','',  'PjcLaborScheduleInterface', 'ImportAssignmentLaborSchedules', NULL, 30000, NULL, current_date, 'riteadmin', current_date, 'riteadmin', NULL, NULL, NULL, NULL,NULL, NULL, NULL, NULL, NULL, NULL, NULL, NULL, NULL, NULL, NULL,'DATA_MIGRATION', 'IMP_ASSIGNMENT_LABOR_SCHEDULES', 'CR_IMP_ASSIGNMENT_LABOR_SCHEDULES_C', 'CR_IMP_ASSIGNMENT_LABOR_SCHEDULES_CLD');

-- PAYROLL_COSTS
INSERT INTO cr_objects (object_id, object_name, object_code, user_object_name, module_code, parent_object_id, fbdi_sheet, loader_endpoint, re_con_query, sequence_in_parent, interface_table_name, rejection_table_name, ctl_file_name, xlsm_file_name, immediate_parent, batch_size, base_tables, creation_date, created_by, last_update_date, last_update_by, attribute1, attribute2, attribute3, attribute4, attribute5, attribute6, attribute7, attribute8, attribute9, attribute10, attribute11, attribute12, attribute13, attribute14, attribute15, conversion_type,cld_template_code,cld_metadata_table_name,cld_template_name) VALUES 
(307,'Payroll Costs', 'PAYROLL_COSTS', 'Payroll Costs', 'PPM', Null, '','FBDI', NULL, Null, '','',  '', '', NULL, 30000, NULL, current_date, 'riteadmin', current_date, 'riteadmin', NULL, NULL, NULL, NULL,NULL, NULL, NULL, NULL, NULL, NULL, NULL, NULL, NULL, NULL, NULL,'DATA_MIGRATION', NULL, NULL, NULL);
INSERT INTO cr_objects (object_id, object_name, object_code, user_object_name, module_code, parent_object_id, fbdi_sheet, loader_endpoint, re_con_query, sequence_in_parent, interface_table_name, rejection_table_name, ctl_file_name, xlsm_file_name, immediate_parent, batch_size, base_tables, creation_date, created_by, last_update_date, last_update_by, attribute1, attribute2, attribute3, attribute4, attribute5, attribute6, attribute7, attribute8, attribute9, attribute10, attribute11, attribute12, attribute13, attribute14, attribute15, conversion_type,cld_template_code,cld_metadata_table_name,cld_template_name) VALUES 
(308,'Import Payroll Costs', 'IMPORT_PAYROLL_COSTS', 'Import Payroll Costs', 'PPM', 307, 'PJC_LABOR_DISTRIBUTION_INT','FBDI', NULL, 1, 'PJC_LABOR_DISTRIBUTION_INT','',  'PjcPayrollCostsInterface', 'ImportPayrollCosts', NULL, 30000, NULL, current_date, 'riteadmin', current_date, 'riteadmin', NULL, NULL, NULL, NULL,NULL, NULL, NULL, NULL, NULL, NULL, NULL, NULL, NULL, NULL, NULL,'DATA_MIGRATION', 'IMPORT_PAYROLL_COSTS', 'CR_IMPORT_PAYROLL_COSTS_C', 'CR_IMPORT_PAYROLL_COSTS_CLD');

-- PROJECT_EXPENSE_COSTS
INSERT INTO cr_objects (object_id, object_name, object_code, user_object_name, module_code, parent_object_id, fbdi_sheet, loader_endpoint, re_con_query, sequence_in_parent, interface_table_name, rejection_table_name, ctl_file_name, xlsm_file_name, immediate_parent, batch_size, base_tables, creation_date, created_by, last_update_date, last_update_by, attribute1, attribute2, attribute3, attribute4, attribute5, attribute6, attribute7, attribute8, attribute9, attribute10, attribute11, attribute12, attribute13, attribute14, attribute15, conversion_type,cld_template_code,cld_metadata_table_name,cld_template_name) VALUES 
(309,'Project Expense Costs', 'PROJECT_EXPENSE_COSTS', 'Project Expense Costs', 'PPM', Null, '','FBDI', NULL, Null, '','',  '', '', NULL, 30000, NULL, current_date, 'riteadmin', current_date, 'riteadmin', NULL, NULL, NULL, NULL,NULL, NULL, NULL, NULL, NULL, NULL, NULL, NULL, NULL, NULL, NULL,'DATA_MIGRATION', NULL, NULL, NULL);
INSERT INTO cr_objects (object_id, object_name, object_code, user_object_name, module_code, parent_object_id, fbdi_sheet, loader_endpoint, re_con_query, sequence_in_parent, interface_table_name, rejection_table_name, ctl_file_name, xlsm_file_name, immediate_parent, batch_size, base_tables, creation_date, created_by, last_update_date, last_update_by, attribute1, attribute2, attribute3, attribute4, attribute5, attribute6, attribute7, attribute8, attribute9, attribute10, attribute11, attribute12, attribute13, attribute14, attribute15, conversion_type,cld_template_code,cld_metadata_table_name,cld_template_name) VALUES 
(310,'Import Project Expense Costs', 'IMPORT_PROJECT_EXPENSE_COSTS', 'Import Project Expense Costs', 'PPM', 309, 'PJC_TXN_XFACE_STAGE_ALL','FBDI', NULL, 1, 'PJC_TXN_XFACE_STAGE_ALL','',  'PjcTxnXfaceStageAll', 'ProjectUnprocessedExpenseReportExpenditureItemImportTemplate', NULL, 30000, 'PJC_TXN_XFACE_ALL ', current_date, 'riteadmin', current_date, 'riteadmin', NULL, NULL, NULL, NULL,NULL, NULL, NULL, NULL, NULL, NULL, NULL, NULL, NULL, NULL, NULL,'DATA_MIGRATION', 'IMPORT_PROJECT_EXPENSE_COSTS', 'CR_IMPORT_PROJECT_EXPENSE_COSTS_C', 'CR_IMPORT_PROJECT_EXPENSE_COSTS_CLD');

-- PROJECT_INVENTORY_COSTS
INSERT INTO cr_objects (object_id, object_name, object_code, user_object_name, module_code, parent_object_id, fbdi_sheet, loader_endpoint, re_con_query, sequence_in_parent, interface_table_name, rejection_table_name, ctl_file_name, xlsm_file_name, immediate_parent, batch_size, base_tables, creation_date, created_by, last_update_date, last_update_by, attribute1, attribute2, attribute3, attribute4, attribute5, attribute6, attribute7, attribute8, attribute9, attribute10, attribute11, attribute12, attribute13, attribute14, attribute15, conversion_type,cld_template_code,cld_metadata_table_name,cld_template_name) VALUES 
(311,'Project Inventory Costs', 'PROJECT_INVENTORY_COSTS', 'Project Inventory Costs', 'PPM', Null, '','FBDI', NULL, Null, '','',  '', '', NULL, 30000, NULL, current_date, 'riteadmin', current_date, 'riteadmin', NULL, NULL, NULL, NULL,NULL, NULL, NULL, NULL, NULL, NULL, NULL, NULL, NULL, NULL, NULL,'DATA_MIGRATION', NULL, NULL, NULL);
INSERT INTO cr_objects (object_id, object_name, object_code, user_object_name, module_code, parent_object_id, fbdi_sheet, loader_endpoint, re_con_query, sequence_in_parent, interface_table_name, rejection_table_name, ctl_file_name, xlsm_file_name, immediate_parent, batch_size, base_tables, creation_date, created_by, last_update_date, last_update_by, attribute1, attribute2, attribute3, attribute4, attribute5, attribute6, attribute7, attribute8, attribute9, attribute10, attribute11, attribute12, attribute13, attribute14, attribute15, conversion_type,cld_template_code,cld_metadata_table_name,cld_template_name) VALUES 
(312,'Import Project Inventory Costs', 'IMPORT_PROJECT_INVENTORY_COSTS', 'Import Project Inventory Costs', 'PPM', 311, 'PJC_TXN_XFACE_STAGE_ALL','FBDI', NULL, 1, 'PJC_TXN_XFACE_STAGE_ALL','',  'PjcTxnXfaceStageAll', 'ProjectUnprocessedInventoryExpenditureItemImportTemplate', NULL, 30000, 'PJC_TXN_XFACE_ALL ', current_date, 'riteadmin', current_date, 'riteadmin', NULL, NULL, NULL, NULL,NULL, NULL, NULL, NULL, NULL, NULL, NULL, NULL, NULL, NULL, NULL,'DATA_MIGRATION', 'IMPORT_PROJECT_INVENTORY_COSTS', 'CR_IMPORT_PROJECT_INVENTORY_COSTS_C', 'CR_IMPORT_PROJECT_INVENTORY_COSTS_CLD');

-- PROJECT_LABOR_COSTS
INSERT INTO cr_objects (object_id, object_name, object_code, user_object_name, module_code, parent_object_id, fbdi_sheet, loader_endpoint, re_con_query, sequence_in_parent, interface_table_name, rejection_table_name, ctl_file_name, xlsm_file_name, immediate_parent, batch_size, base_tables, creation_date, created_by, last_update_date, last_update_by, attribute1, attribute2, attribute3, attribute4, attribute5, attribute6, attribute7, attribute8, attribute9, attribute10, attribute11, attribute12, attribute13, attribute14, attribute15, conversion_type,cld_template_code,cld_metadata_table_name,cld_template_name) VALUES 
(313,'Project Labor Costs', 'PROJECT_LABOR_COSTS', 'Project Labor Costs', 'PPM', Null, '','FBDI', NULL, Null, '','',  '', '', NULL, 30000, NULL, current_date, 'riteadmin', current_date, 'riteadmin', NULL, NULL, NULL, NULL,NULL, NULL, NULL, NULL, NULL, NULL, NULL, NULL, NULL, NULL, NULL,'DATA_MIGRATION', NULL, NULL, NULL);
INSERT INTO cr_objects (object_id, object_name, object_code, user_object_name, module_code, parent_object_id, fbdi_sheet, loader_endpoint, re_con_query, sequence_in_parent, interface_table_name, rejection_table_name, ctl_file_name, xlsm_file_name, immediate_parent, batch_size, base_tables, creation_date, created_by, last_update_date, last_update_by, attribute1, attribute2, attribute3, attribute4, attribute5, attribute6, attribute7, attribute8, attribute9, attribute10, attribute11, attribute12, attribute13, attribute14, attribute15, conversion_type,cld_template_code,cld_metadata_table_name,cld_template_name) VALUES 
(314,'Import Project Labor Costs', 'IMPORT_PROJECT_LABOR_COSTS', 'Import Project Labor Costs', 'PPM', 313, 'PJC_TXN_XFACE_STAGE_ALL','FBDI', NULL, 1, 'PJC_TXN_XFACE_STAGE_ALL','',  'PjcTxnXfaceStageAll', 'ProjectUnprocessedLaborExpenditureItemImportTemplate', NULL, 30000, 'PJC_TXN_XFACE_ALL ', current_date, 'riteadmin', current_date, 'riteadmin', NULL, NULL, NULL, NULL,NULL, NULL, NULL, NULL, NULL, NULL, NULL, NULL, NULL, NULL, NULL,'DATA_MIGRATION', 'IMPORT_PROJECT_LABOR_COSTS', 'CR_IMPORT_PROJECT_LABOR_COSTS_C', 'CR_IMPORT_PROJECT_LABOR_COSTS_CLD');

-- PROJECT_MISCELLANEOUS_COSTS
INSERT INTO cr_objects (object_id, object_name, object_code, user_object_name, module_code, parent_object_id, fbdi_sheet, loader_endpoint, re_con_query, sequence_in_parent, interface_table_name, rejection_table_name, ctl_file_name, xlsm_file_name, immediate_parent, batch_size, base_tables, creation_date, created_by, last_update_date, last_update_by, attribute1, attribute2, attribute3, attribute4, attribute5, attribute6, attribute7, attribute8, attribute9, attribute10, attribute11, attribute12, attribute13, attribute14, attribute15, conversion_type,cld_template_code,cld_metadata_table_name,cld_template_name) VALUES 
(315,'Project Miscellaneous Costs', 'PROJECT_MISCELLANEOUS_COSTS', 'Project Miscellaneous Costs', 'PPM', Null, '','FBDI', NULL, Null, '','',  '', '', NULL, 30000, NULL, current_date, 'riteadmin', current_date, 'riteadmin', NULL, NULL, NULL, NULL,NULL, NULL, NULL, NULL, NULL, NULL, NULL, NULL, NULL, NULL, NULL,'DATA_MIGRATION', NULL, NULL, NULL);
INSERT INTO cr_objects (object_id, object_name, object_code, user_object_name, module_code, parent_object_id, fbdi_sheet, loader_endpoint, re_con_query, sequence_in_parent, interface_table_name, rejection_table_name, ctl_file_name, xlsm_file_name, immediate_parent, batch_size, base_tables, creation_date, created_by, last_update_date, last_update_by, attribute1, attribute2, attribute3, attribute4, attribute5, attribute6, attribute7, attribute8, attribute9, attribute10, attribute11, attribute12, attribute13, attribute14, attribute15, conversion_type,cld_template_code,cld_metadata_table_name,cld_template_name) VALUES 
(316,'Import Project Miscellaneous Costs', 'IMPORT_PROJECT_MISCELLANEOUS_COSTS', 'Import Project Miscellaneous Costs', 'PPM', 315, 'PJC_TXN_XFACE_STAGE_ALL','FBDI', NULL, 1, 'PJC_TXN_XFACE_STAGE_ALL','',  'PjcTxnXfaceStageAll', 'ProjectUnprocessedMiscellaneousExpenditureItemImportTemplate', NULL, 30000, 'PJC_TXN_XFACE_ALL ', current_date, 'riteadmin', current_date, 'riteadmin', NULL, NULL, NULL, NULL,NULL, NULL, NULL, NULL, NULL, NULL, NULL, NULL, NULL, NULL, NULL,'DATA_MIGRATION', 'IMP_PRJ_MISCELLANEOUS_COSTS', 'CR_IMP_PRJ_MISCELLANEOUS_COSTS_C', 'CR_IMP_PRJ_MISCELLANEOUS_COSTS_CLD');

-- PROJECT_NONLABOR_COSTS
INSERT INTO cr_objects (object_id, object_name, object_code, user_object_name, module_code, parent_object_id, fbdi_sheet, loader_endpoint, re_con_query, sequence_in_parent, interface_table_name, rejection_table_name, ctl_file_name, xlsm_file_name, immediate_parent, batch_size, base_tables, creation_date, created_by, last_update_date, last_update_by, attribute1, attribute2, attribute3, attribute4, attribute5, attribute6, attribute7, attribute8, attribute9, attribute10, attribute11, attribute12, attribute13, attribute14, attribute15, conversion_type,cld_template_code,cld_metadata_table_name,cld_template_name) VALUES 
(317,'Project Nonlabor Costs', 'PROJECT_NONLABOR_COSTS', 'Project Nonlabor Costs', 'PPM', Null, '','FBDI', NULL, Null, '','',  '', '', NULL, 30000, NULL, current_date, 'riteadmin', current_date, 'riteadmin', NULL, NULL, NULL, NULL,NULL, NULL, NULL, NULL, NULL, NULL, NULL, NULL, NULL, NULL, NULL,'DATA_MIGRATION', NULL, NULL, NULL);
INSERT INTO cr_objects (object_id, object_name, object_code, user_object_name, module_code, parent_object_id, fbdi_sheet, loader_endpoint, re_con_query, sequence_in_parent, interface_table_name, rejection_table_name, ctl_file_name, xlsm_file_name, immediate_parent, batch_size, base_tables, creation_date, created_by, last_update_date, last_update_by, attribute1, attribute2, attribute3, attribute4, attribute5, attribute6, attribute7, attribute8, attribute9, attribute10, attribute11, attribute12, attribute13, attribute14, attribute15, conversion_type,cld_template_code,cld_metadata_table_name,cld_template_name) VALUES 
(318,'Import Project Nonlabor Costs', 'IMPORT_PROJECT_NONLABOR_COSTS', 'Import Project Nonlabor Costs', 'PPM', 317, 'PJC_TXN_XFACE_STAGE_ALL','FBDI', NULL, 1, 'PJC_TXN_XFACE_STAGE_ALL','',  'PjcTxnXfaceStageAll', 'ProjectUnprocessedNonlaborExpenditureItemImportTemplate', NULL, 30000, 'PJC_TXN_XFACE_ALL ', current_date, 'riteadmin', current_date, 'riteadmin', NULL, NULL, NULL, NULL,NULL, NULL, NULL, NULL, NULL, NULL, NULL, NULL, NULL, NULL, NULL,'DATA_MIGRATION', 'IMPORT_PROJECT_NONLABOR_COSTS', 'CR_IMPORT_PROJECT_NONLABOR_COSTS_C', 'CR_IMPORT_PROJECT_NONLABOR_COSTS_CLD');

-- PROJECT_SUPPLIER_COSTS
INSERT INTO cr_objects (object_id, object_name, object_code, user_object_name, module_code, parent_object_id, fbdi_sheet, loader_endpoint, re_con_query, sequence_in_parent, interface_table_name, rejection_table_name, ctl_file_name, xlsm_file_name, immediate_parent, batch_size, base_tables, creation_date, created_by, last_update_date, last_update_by, attribute1, attribute2, attribute3, attribute4, attribute5, attribute6, attribute7, attribute8, attribute9, attribute10, attribute11, attribute12, attribute13, attribute14, attribute15, conversion_type,cld_template_code,cld_metadata_table_name,cld_template_name) VALUES 
(319,'Project Supplier Costs', 'PROJECT_SUPPLIER_COSTS', 'Project Supplier Costs', 'PPM', Null, '','FBDI', NULL, Null, '','',  '', '', NULL, 30000, NULL, current_date, 'riteadmin', current_date, 'riteadmin', NULL, NULL, NULL, NULL,NULL, NULL, NULL, NULL, NULL, NULL, NULL, NULL, NULL, NULL, NULL,'DATA_MIGRATION', NULL, NULL, NULL);
INSERT INTO cr_objects (object_id, object_name, object_code, user_object_name, module_code, parent_object_id, fbdi_sheet, loader_endpoint, re_con_query, sequence_in_parent, interface_table_name, rejection_table_name, ctl_file_name, xlsm_file_name, immediate_parent, batch_size, base_tables, creation_date, created_by, last_update_date, last_update_by, attribute1, attribute2, attribute3, attribute4, attribute5, attribute6, attribute7, attribute8, attribute9, attribute10, attribute11, attribute12, attribute13, attribute14, attribute15, conversion_type,cld_template_code,cld_metadata_table_name,cld_template_name) VALUES 
(320,'Import Project Supplier Costs', 'IMPORT_PROJECT_SUPPLIER_COSTS', 'Import Project Supplier Costs', 'PPM', 319, 'PJC_TXN_XFACE_STAGE_ALL','FBDI', NULL, 1, 'PJC_TXN_XFACE_STAGE_ALL','',  'PjcTxnXfaceStageAll', 'ProjectUnprocessedSupplierInvoiceExpenditureItemImportTemplate', NULL, 30000, 'PJC_TXN_XFACE_ALL ', current_date, 'riteadmin', current_date, 'riteadmin', NULL, NULL, NULL, NULL,NULL, NULL, NULL, NULL, NULL, NULL, NULL, NULL, NULL, NULL, NULL,'DATA_MIGRATION', 'IMPORT_PROJECT_SUPPLIER_COSTS', 'CR_IMPORT_PROJECT_SUPPLIER_COSTS_C', 'CR_IMPORT_PROJECT_SUPPLIER_COSTS_CLD');


-- PROJECT_AND_TASK_TRANSACTION_CONTROLS
INSERT INTO cr_objects (object_id, object_name, object_code, user_object_name, module_code, parent_object_id, fbdi_sheet, loader_endpoint, re_con_query, sequence_in_parent, interface_table_name, rejection_table_name, ctl_file_name, xlsm_file_name, immediate_parent, batch_size, base_tables, creation_date, created_by, last_update_date, last_update_by, attribute1, attribute2, attribute3, attribute4, attribute5, attribute6, attribute7, attribute8, attribute9, attribute10, attribute11, attribute12, attribute13, attribute14, attribute15, conversion_type,cld_template_code,cld_metadata_table_name,cld_template_name) VALUES 
(321,'Project and Task Transaction Controls', 'PROJECT_AND_TASK_TRANSACTION_CONTROLS', 'Project and Task Transaction Controls', 'PPM', Null, '','FBDI', NULL, Null, '','',  '', '', NULL, 30000, NULL, current_date, 'riteadmin', current_date, 'riteadmin', NULL, NULL, NULL, NULL,NULL, NULL, NULL, NULL, NULL, NULL, NULL, NULL, NULL, NULL, NULL,'DATA_MIGRATION', NULL, NULL, NULL);
INSERT INTO cr_objects (object_id, object_name, object_code, user_object_name, module_code, parent_object_id, fbdi_sheet, loader_endpoint, re_con_query, sequence_in_parent, interface_table_name, rejection_table_name, ctl_file_name, xlsm_file_name, immediate_parent, batch_size, base_tables, creation_date, created_by, last_update_date, last_update_by, attribute1, attribute2, attribute3, attribute4, attribute5, attribute6, attribute7, attribute8, attribute9, attribute10, attribute11, attribute12, attribute13, attribute14, attribute15, conversion_type,cld_template_code,cld_metadata_table_name,cld_template_name) VALUES 
(322,'Import Project and Task Transaction Controls', 'IMPORT_PROJECT_AND_TASK_TRANSACTION_CONTROLS', 'Import Project and Task Transaction Controls', 'PPM', 321, 'PJC_TXN_CONTROLS_STAGE','FBDI', NULL, 1, 'PJC_TXN_CONTROLS_STAGE','',  'PjcTxnControlsStage', 'ProjectTransactionControlsImportTemplate', NULL, 30000, 'PJC_TRANSACTION_CONTROLS', current_date, 'riteadmin', current_date, 'riteadmin', NULL, NULL, NULL, NULL,NULL, NULL, NULL, NULL, NULL, NULL, NULL, NULL, NULL, NULL, NULL,'DATA_MIGRATION', 'IMP_PRJ_AND_TASK_TRANS_CTR', 'CR_IMP_PRJ_AND_TASK_TRANS_CTR_C', 'CR_IMP_PRJ_AND_TASK_TRANS_CTR_CLD');

-- UNASSIGNED_ASSET_LINES
INSERT INTO cr_objects (object_id, object_name, object_code, user_object_name, module_code, parent_object_id, fbdi_sheet, loader_endpoint, re_con_query, sequence_in_parent, interface_table_name, rejection_table_name, ctl_file_name, xlsm_file_name, immediate_parent, batch_size, base_tables, creation_date, created_by, last_update_date, last_update_by, attribute1, attribute2, attribute3, attribute4, attribute5, attribute6, attribute7, attribute8, attribute9, attribute10, attribute11, attribute12, attribute13, attribute14, attribute15, conversion_type,cld_template_code,cld_metadata_table_name,cld_template_name) VALUES 
(323,'Unassigned Asset Lines', 'UNASSIGNED_ASSET_LINES', 'Unassigned Asset Lines', 'PPM', Null, '','FBDI', NULL, Null, '','',  '', '', NULL, 30000, NULL, current_date, 'riteadmin', current_date, 'riteadmin', NULL, NULL, NULL, NULL,NULL, NULL, NULL, NULL, NULL, NULL, NULL, NULL, NULL, NULL, NULL,'DATA_MIGRATION', NULL, NULL, NULL);
INSERT INTO cr_objects (object_id, object_name, object_code, user_object_name, module_code, parent_object_id, fbdi_sheet, loader_endpoint, re_con_query, sequence_in_parent, interface_table_name, rejection_table_name, ctl_file_name, xlsm_file_name, immediate_parent, batch_size, base_tables, creation_date, created_by, last_update_date, last_update_by, attribute1, attribute2, attribute3, attribute4, attribute5, attribute6, attribute7, attribute8, attribute9, attribute10, attribute11, attribute12, attribute13, attribute14, attribute15, conversion_type,cld_template_code,cld_metadata_table_name,cld_template_name) VALUES 
(324,'Import Unassigned Asset Lines', 'IMPORT_UNASSIGNED_ASSET_LINES', 'Import Unassigned Asset Lines', 'PPM', 323, 'PJC_ASSET_LINES_INT','FBDI', NULL, 1, 'PJC_ASSET_LINES_INT','',  'PjcAssetLinesInterface', 'ProjectAssetLinesProcessingImportTemplate', NULL, 30000, NULL, current_date, 'riteadmin', current_date, 'riteadmin', NULL, NULL, NULL, NULL,NULL, NULL, NULL, NULL, NULL, NULL, NULL, NULL, NULL, NULL, NULL,'DATA_MIGRATION', 'IMPORT_UNASSIGNED_ASSET_LINES', 'CR_IMPORT_UNASSIGNED_ASSET_LINES_C', 'CR_IMPORT_UNASSIGNED_ASSET_LINES_CLD');

-- PROJECT_RATE_SCHEDULES_AND_OVERRIDES
INSERT INTO cr_objects (object_id, object_name, object_code, user_object_name, module_code, parent_object_id, fbdi_sheet, loader_endpoint, re_con_query, sequence_in_parent, interface_table_name, rejection_table_name, ctl_file_name, xlsm_file_name, immediate_parent, batch_size, base_tables, creation_date, created_by, last_update_date, last_update_by, attribute1, attribute2, attribute3, attribute4, attribute5, attribute6, attribute7, attribute8, attribute9, attribute10, attribute11, attribute12, attribute13, attribute14, attribute15, conversion_type,cld_template_code,cld_metadata_table_name,cld_template_name) VALUES 
(325,'Project Rate Schedules and Overrides', 'PROJECT_RATE_SCHEDULES_AND_OVERRIDES', 'Project Rate Schedules and Overrides', 'PPM', Null, '','FBDI', NULL, Null, '','',  '', '', NULL, 30000, NULL, current_date, 'riteadmin', current_date, 'riteadmin', NULL, NULL, NULL, NULL,NULL, NULL, NULL, NULL, NULL, NULL, NULL, NULL, NULL, NULL, NULL,'DATA_MIGRATION', NULL, NULL, NULL);
INSERT INTO cr_objects (object_id, object_name, object_code, user_object_name, module_code, parent_object_id, fbdi_sheet, loader_endpoint, re_con_query, sequence_in_parent, interface_table_name, rejection_table_name, ctl_file_name, xlsm_file_name, immediate_parent, batch_size, base_tables, creation_date, created_by, last_update_date, last_update_by, attribute1, attribute2, attribute3, attribute4, attribute5, attribute6, attribute7, attribute8, attribute9, attribute10, attribute11, attribute12, attribute13, attribute14, attribute15, conversion_type,cld_template_code,cld_metadata_table_name,cld_template_name) VALUES 
(326,'Project Rate Schedules', 'PROJECT_RATE_SCHEDULES', 'Project Rate Schedules', 'PPM', 325, 'PJF_RATE_SCHEDULES_INT','FBDI', NULL, 1, 'PJF_RATE_SCHEDULES_INT','',  'PjfRateSchInt', 'ProjectRateScheduleImportTemplate', NULL, 30000, 'PJF_RATE_SCHEDULES_B', current_date, 'riteadmin', current_date, 'riteadmin', NULL, NULL, NULL, NULL,NULL, NULL, NULL, NULL, NULL, NULL, NULL, NULL, NULL, NULL, NULL,'DATA_MIGRATION', 'PROJECT_RATE_SCHEDULES', 'CR_PROJECT_RATE_SCHEDULES_C', 'CR_PROJECT_RATE_SCHEDULES_CLD');
INSERT INTO cr_objects (object_id, object_name, object_code, user_object_name, module_code, parent_object_id, fbdi_sheet, loader_endpoint, re_con_query, sequence_in_parent, interface_table_name, rejection_table_name, ctl_file_name, xlsm_file_name, immediate_parent, batch_size, base_tables, creation_date, created_by, last_update_date, last_update_by, attribute1, attribute2, attribute3, attribute4, attribute5, attribute6, attribute7, attribute8, attribute9, attribute10, attribute11, attribute12, attribute13, attribute14, attribute15, conversion_type,cld_template_code,cld_metadata_table_name,cld_template_name) VALUES 
(327,'Person Rates', 'PERSON_RATES', 'Person Rates', 'PPM', 325, 'PJF_RATE_SCHEDULE_LINES_INT','FBDI', NULL, 2, 'PJF_RATE_SCHEDULE_LINES_INT','',  'PjfPersonRateSchLinesInt', 'ProjectRateScheduleImportTemplate', NULL, 30000, 'PJF_RATE_SCHEDULE_LINES', current_date, 'riteadmin', current_date, 'riteadmin', NULL, NULL, NULL, NULL,NULL, NULL, NULL, NULL, NULL, NULL, NULL, NULL, NULL, NULL, NULL,'DATA_MIGRATION', 'PERSON_RATES', 'CR_PERSON_RATES_C', 'CR_PERSON_RATES_CLD');
INSERT INTO cr_objects (object_id, object_name, object_code, user_object_name, module_code, parent_object_id, fbdi_sheet, loader_endpoint, re_con_query, sequence_in_parent, interface_table_name, rejection_table_name, ctl_file_name, xlsm_file_name, immediate_parent, batch_size, base_tables, creation_date, created_by, last_update_date, last_update_by, attribute1, attribute2, attribute3, attribute4, attribute5, attribute6, attribute7, attribute8, attribute9, attribute10, attribute11, attribute12, attribute13, attribute14, attribute15, conversion_type,cld_template_code,cld_metadata_table_name,cld_template_name) VALUES 
(328,'Job Rates', 'JOB_RATES', 'Job Rates', 'PPM', 325, 'PJF_RATE_SCHEDULE_LINES_INT','FBDI', NULL, 3, 'PJF_RATE_SCHEDULE_LINES_INT','',  'PjfJobRateSchLinesInt', 'ProjectRateScheduleImportTemplate', NULL, 30000, 'PJF_RATE_SCHEDULE_LINES', current_date, 'riteadmin', current_date, 'riteadmin', NULL, NULL, NULL, NULL,NULL, NULL, NULL, NULL, NULL, NULL, NULL, NULL, NULL, NULL, NULL,'DATA_MIGRATION', 'JOB_RATES', 'CR_JOB_RATES_C', 'CR_JOB_RATES_CLD');
INSERT INTO cr_objects (object_id, object_name, object_code, user_object_name, module_code, parent_object_id, fbdi_sheet, loader_endpoint, re_con_query, sequence_in_parent, interface_table_name, rejection_table_name, ctl_file_name, xlsm_file_name, immediate_parent, batch_size, base_tables, creation_date, created_by, last_update_date, last_update_by, attribute1, attribute2, attribute3, attribute4, attribute5, attribute6, attribute7, attribute8, attribute9, attribute10, attribute11, attribute12, attribute13, attribute14, attribute15, conversion_type,cld_template_code,cld_metadata_table_name,cld_template_name) VALUES 
(329,'Nonlabor Rates', 'NONLABOR_RATES', 'Nonlabor Rates', 'PPM', 325, 'PJF_RATE_SCHEDULE_LINES_INT','FBDI', NULL, 4, 'PJF_RATE_SCHEDULE_LINES_INT','',  'PjfNonlaborRateSchLinesInt', 'ProjectRateScheduleImportTemplate', NULL, 30000, 'PJF_RATE_SCHEDULE_LINES', current_date, 'riteadmin', current_date, 'riteadmin', NULL, NULL, NULL, NULL,NULL, NULL, NULL, NULL, NULL, NULL, NULL, NULL, NULL, NULL, NULL,'DATA_MIGRATION', 'NONLABOR_RATES', 'CR_NONLABOR_RATES_C', 'CR_NONLABOR_RATES_CLD');
INSERT INTO cr_objects (object_id, object_name, object_code, user_object_name, module_code, parent_object_id, fbdi_sheet, loader_endpoint, re_con_query, sequence_in_parent, interface_table_name, rejection_table_name, ctl_file_name, xlsm_file_name, immediate_parent, batch_size, base_tables, creation_date, created_by, last_update_date, last_update_by, attribute1, attribute2, attribute3, attribute4, attribute5, attribute6, attribute7, attribute8, attribute9, attribute10, attribute11, attribute12, attribute13, attribute14, attribute15, conversion_type,cld_template_code,cld_metadata_table_name,cld_template_name) VALUES 
(330,'Resource Class Rates', 'RESOURCE_CLASS_RATES', 'Resource Class Rates', 'PPM', 325, 'PJF_RATE_SCHEDULE_LINES_INT','FBDI', NULL, 5, 'PJF_RATE_SCHEDULE_LINES_INT','',  'PjfResourceClassRateSchLinesInt', 'ProjectRateScheduleImportTemplate', NULL, 30000, 'PJF_RATE_SCHEDULE_LINES', current_date, 'riteadmin', current_date, 'riteadmin', NULL, NULL, NULL, NULL,NULL, NULL, NULL, NULL, NULL, NULL, NULL, NULL, NULL, NULL, NULL,'DATA_MIGRATION', 'RESOURCE_CLASS_RATES', 'CR_RESOURCE_CLASS_RATES_C', 'CR_RESOURCE_CLASS_RATES_CLD');
INSERT INTO cr_objects (object_id, object_name, object_code, user_object_name, module_code, parent_object_id, fbdi_sheet, loader_endpoint, re_con_query, sequence_in_parent, interface_table_name, rejection_table_name, ctl_file_name, xlsm_file_name, immediate_parent, batch_size, base_tables, creation_date, created_by, last_update_date, last_update_by, attribute1, attribute2, attribute3, attribute4, attribute5, attribute6, attribute7, attribute8, attribute9, attribute10, attribute11, attribute12, attribute13, attribute14, attribute15, conversion_type,cld_template_code,cld_metadata_table_name,cld_template_name) VALUES 
(331,'Cost Rate Overrides', 'COST_RATE_OVERRIDES', 'Cost Rate Overrides', 'PPM', 325, 'PJF_RATE_OVERRIDES_INT','FBDI', NULL, 6, 'PJF_RATE_OVERRIDES_INT','',  'PjfCostRateOverridesInt', 'ProjectRateScheduleImportTemplate', NULL, 30000, 'PJF_RATE_OVERRIDES', current_date, 'riteadmin', current_date, 'riteadmin', NULL, NULL, NULL, NULL,NULL, NULL, NULL, NULL, NULL, NULL, NULL, NULL, NULL, NULL, NULL,'DATA_MIGRATION', 'COST_RATE_OVERRIDES', 'CR_COST_RATE_OVERRIDES_C', 'CR_COST_RATE_OVERRIDES_CLD');
INSERT INTO cr_objects (object_id, object_name, object_code, user_object_name, module_code, parent_object_id, fbdi_sheet, loader_endpoint, re_con_query, sequence_in_parent, interface_table_name, rejection_table_name, ctl_file_name, xlsm_file_name, immediate_parent, batch_size, base_tables, creation_date, created_by, last_update_date, last_update_by, attribute1, attribute2, attribute3, attribute4, attribute5, attribute6, attribute7, attribute8, attribute9, attribute10, attribute11, attribute12, attribute13, attribute14, attribute15, conversion_type,cld_template_code,cld_metadata_table_name,cld_template_name) VALUES 
(332,'Bill Revenue Rate Overrides', 'BILL_REVENUE_RATE_OVERRIDES', 'Bill Revenue Rate Overrides', 'PPM', 325, 'PJF_RATE_OVERRIDES_INT','FBDI', NULL, 7, 'PJF_RATE_OVERRIDES_INT','',  'PjfBillRevRateOverridesInt', 'ProjectRateScheduleImportTemplate', NULL, 30000, 'PJF_RATE_OVERRIDES', current_date, 'riteadmin', current_date, 'riteadmin', NULL, NULL, NULL, NULL,NULL, NULL, NULL, NULL, NULL, NULL, NULL, NULL, NULL, NULL, NULL,'DATA_MIGRATION', 'BILL_REVENUE_RATE_OVERRIDES', 'CR_BILL_REVENUE_RATE_OVERRIDES_C', 'CR_BILL_REVENUE_RATE_OVERRIDES_CLD');
INSERT INTO cr_objects (object_id, object_name, object_code, user_object_name, module_code, parent_object_id, fbdi_sheet, loader_endpoint, re_con_query, sequence_in_parent, interface_table_name, rejection_table_name, ctl_file_name, xlsm_file_name, immediate_parent, batch_size, base_tables, creation_date, created_by, last_update_date, last_update_by, attribute1, attribute2, attribute3, attribute4, attribute5, attribute6, attribute7, attribute8, attribute9, attribute10, attribute11, attribute12, attribute13, attribute14, attribute15, conversion_type,cld_template_code,cld_metadata_table_name,cld_template_name) VALUES 
(333,'Project Role Rates', 'PROJECT_ROLE_RATES', 'Project Role Rates', 'PPM', 325, 'PJF_RATE_SCHEDULE_LINES_INT','FBDI', NULL, 8, 'PJF_RATE_SCHEDULE_LINES_INT','',  'PjfProjectRoleRateSchLinesInt', 'ProjectRateScheduleImportTemplate', NULL, 30000, 'PJF_RATE_SCHEDULE_LINES', current_date, 'riteadmin', current_date, 'riteadmin', NULL, NULL, NULL, NULL,NULL, NULL, NULL, NULL, NULL, NULL, NULL, NULL, NULL, NULL, NULL,'DATA_MIGRATION', 'PROJECT_ROLE_RATES', 'CR_PROJECT_ROLE_RATES_C', 'CR_PROJECT_ROLE_RATES_CLD');



-- PROJECT_TASKS
INSERT INTO cr_objects (object_id, object_name, object_code, user_object_name, module_code, parent_object_id, fbdi_sheet, loader_endpoint, re_con_query, sequence_in_parent, interface_table_name, rejection_table_name, ctl_file_name, xlsm_file_name, immediate_parent, batch_size, base_tables, creation_date, created_by, last_update_date, last_update_by, attribute1, attribute2, attribute3, attribute4, attribute5, attribute6, attribute7, attribute8, attribute9, attribute10, attribute11, attribute12, attribute13, attribute14, attribute15, conversion_type,cld_template_code,cld_metadata_table_name,cld_template_name) VALUES 
(334,'Project Tasks', 'PROJECT_TASKS', 'Project Tasks', 'PPM', Null, '','FBDI', NULL, Null, '','',  '', '', NULL, 30000, NULL, current_date, 'riteadmin', current_date, 'riteadmin', NULL, NULL, NULL, NULL,NULL, NULL, NULL, NULL, NULL, NULL, NULL, NULL, NULL, NULL, NULL,'DATA_MIGRATION', NULL, NULL, NULL);
INSERT INTO cr_objects (object_id, object_name, object_code, user_object_name, module_code, parent_object_id, fbdi_sheet, loader_endpoint, re_con_query, sequence_in_parent, interface_table_name, rejection_table_name, ctl_file_name, xlsm_file_name, immediate_parent, batch_size, base_tables, creation_date, created_by, last_update_date, last_update_by, attribute1, attribute2, attribute3, attribute4, attribute5, attribute6, attribute7, attribute8, attribute9, attribute10, attribute11, attribute12, attribute13, attribute14, attribute15, conversion_type,cld_template_code,cld_metadata_table_name,cld_template_name) VALUES 
(335,'Import Project Tasks', 'IMPORT_PROJECT_TASKS', 'Import Project Tasks', 'PPM', 334, 'PJF_PROJ_ELEMENTS_XFACE','FBDI', NULL, 1, 'PJF_PROJ_ELEMENTS_XFACE','',  'PjfProjElementsXface', 'ProjectTasksImportTemplate', NULL, 30000, 'PJF_PROJ_ELEMENTS_B', current_date, 'riteadmin', current_date, 'riteadmin', NULL, NULL, NULL, NULL,NULL, NULL, NULL, NULL, NULL, NULL, NULL, NULL, NULL, NULL, NULL,'DATA_MIGRATION', 'IMPORT_PROJECT_TASKS', 'CR_IMPORT_PROJECT_TASKS_C', 'CR_IMPORT_PROJECT_TASKS_CLD');

--- checked
-- RESOURCE_BREAKDOWN_STRUCTURES
INSERT INTO cr_objects (object_id, object_name, object_code, user_object_name, module_code, parent_object_id, fbdi_sheet, loader_endpoint, re_con_query, sequence_in_parent, interface_table_name, rejection_table_name, ctl_file_name, xlsm_file_name, immediate_parent, batch_size, base_tables, creation_date, created_by, last_update_date, last_update_by, attribute1, attribute2, attribute3, attribute4, attribute5, attribute6, attribute7, attribute8, attribute9, attribute10, attribute11, attribute12, attribute13, attribute14, attribute15, conversion_type,cld_template_code,cld_metadata_table_name,cld_template_name) VALUES 
(347,'Resource Breakdown Structures', 'RESOURCE_BREAKDOWN_STRUCTURES', 'Resource Breakdown Structures', 'PPM', Null, '','FBDI', NULL, Null, '','',  '', '', NULL, 30000, NULL, current_date, 'riteadmin', current_date, 'riteadmin', NULL, NULL, NULL, NULL,NULL, NULL, NULL, NULL, NULL, NULL, NULL, NULL, NULL, NULL, NULL,'DATA_MIGRATION', NULL, NULL, NULL);
INSERT INTO cr_objects (object_id, object_name, object_code, user_object_name, module_code, parent_object_id, fbdi_sheet, loader_endpoint, re_con_query, sequence_in_parent, interface_table_name, rejection_table_name, ctl_file_name, xlsm_file_name, immediate_parent, batch_size, base_tables, creation_date, created_by, last_update_date, last_update_by, attribute1, attribute2, attribute3, attribute4, attribute5, attribute6, attribute7, attribute8, attribute9, attribute10, attribute11, attribute12, attribute13, attribute14, attribute15, conversion_type,cld_template_code,cld_metadata_table_name,cld_template_name) VALUES 
(348,'Resource Breakdown Structures Header Import', 'RESOURCE_BREAKDOWN_STRUCTURES_HEADER_IMPORT', 'Resource Breakdown Structures Header Import', 'PPM', 347, 'PJF_RBS_HEADERS_INT','FBDI', NULL, 1, 'PJF_RBS_HEADERS_INT','',  'PjfRbsHeaderInt', 'ResourceBreakdownStructureImportTemplate', NULL, 30000, 'PJF_RBS_HEADERS_B', current_date, 'riteadmin', current_date, 'riteadmin', NULL, NULL, NULL, NULL,NULL, NULL, NULL, NULL, NULL, NULL, NULL, NULL, NULL, NULL, NULL,'DATA_MIGRATION', 'RESRC_BREAKDOWN_STRUCTS_HDR', 'CR_RESRC_BREAKDOWN_STRUCTS_HDR_C', 'CR_RESRC_BREAKDOWN_STRUCTS_HDR_CLD');
INSERT INTO cr_objects (object_id, object_name, object_code, user_object_name, module_code, parent_object_id, fbdi_sheet, loader_endpoint, re_con_query, sequence_in_parent, interface_table_name, rejection_table_name, ctl_file_name, xlsm_file_name, immediate_parent, batch_size, base_tables, creation_date, created_by, last_update_date, last_update_by, attribute1, attribute2, attribute3, attribute4, attribute5, attribute6, attribute7, attribute8, attribute9, attribute10, attribute11, attribute12, attribute13, attribute14, attribute15, conversion_type,cld_template_code,cld_metadata_table_name,cld_template_name) VALUES 
(349,'Resource Breakdown Structures Resource Element Import', 'RESOURCE_BREAKDOWN_STRUCTURES_RESOURCE_ELEMENT_IMPORT', 'Resource Breakdown Structures Resource Element Import', 'PPM', 347, 'PJF_RBS_ELEMENTS_INT','FBDI', NULL, 2, 'PJF_RBS_ELEMENTS_INT','',  'PjfRbsElementInt', 'ResourceBreakdownStructureImportTemplate', NULL, 30000, 'PJF_RBS_ELEMENTS', current_date, 'riteadmin', current_date, 'riteadmin', NULL, NULL, NULL, NULL,NULL, NULL, NULL, NULL, NULL, NULL, NULL, NULL, NULL, NULL, NULL,'DATA_MIGRATION', 'RESRC_BRK_STRUCTS_RESRC_ELE', 'CR_RESRC_BRK_STRUCTS_RESRC_ELE_C', 'CR_RESRC_BRK_STRUCTS_RESRC_ELE_CLD');

-- PROJECT_ENTERPRISE_EXPENSE_TYPE_RESOURCES
INSERT INTO cr_objects (object_id, object_name, object_code, user_object_name, module_code, parent_object_id, fbdi_sheet, loader_endpoint, re_con_query, sequence_in_parent, interface_table_name, rejection_table_name, ctl_file_name, xlsm_file_name, immediate_parent, batch_size, base_tables, creation_date, created_by, last_update_date, last_update_by, attribute1, attribute2, attribute3, attribute4, attribute5, attribute6, attribute7, attribute8, attribute9, attribute10, attribute11, attribute12, attribute13, attribute14, attribute15, conversion_type,cld_template_code,cld_metadata_table_name,cld_template_name) VALUES 
(350,'Project Enterprise Expense Type Resources', 'PROJECT_ENTERPRISE_EXPENSE_TYPE_RESOURCES', 'Project Enterprise Expense Type Resources', 'PPM', Null, '','FBDI', NULL, Null, '','',  '', '', NULL, 30000, NULL, current_date, 'riteadmin', current_date, 'riteadmin', NULL, NULL, NULL, NULL,NULL, NULL, NULL, NULL, NULL, NULL, NULL, NULL, NULL, NULL, NULL,'DATA_MIGRATION', NULL, NULL, NULL);
INSERT INTO cr_objects (object_id, object_name, object_code, user_object_name, module_code, parent_object_id, fbdi_sheet, loader_endpoint, re_con_query, sequence_in_parent, interface_table_name, rejection_table_name, ctl_file_name, xlsm_file_name, immediate_parent, batch_size, base_tables, creation_date, created_by, last_update_date, last_update_by, attribute1, attribute2, attribute3, attribute4, attribute5, attribute6, attribute7, attribute8, attribute9, attribute10, attribute11, attribute12, attribute13, attribute14, attribute15, conversion_type,cld_template_code,cld_metadata_table_name,cld_template_name) VALUES 
(351,'Project Enterprise Expense Resources', 'PROJECT_ENTERPRISE_EXPENSE_RESOURCES', 'Project Enterprise Expense Resources', 'PPM', 350, 'PJT_PRJ_ENT_RES_INTERFACE','FBDI', NULL, 1, 'PJT_PRJ_ENT_RES_INTERFACE','',  'PjtEnterpriseExpenseResourcesImport', 'ProjectEnterpriseExpenseResourcesImportTemplate', NULL, 30000, 'PJT_PRJ_ENTERPRISE_RESOURCE_B', current_date, 'riteadmin', current_date, 'riteadmin', NULL, NULL, NULL, NULL,NULL, NULL, NULL, NULL, NULL, NULL, NULL, NULL, NULL, NULL, NULL,'DATA_MIGRATION', 'PRJ_ENTERPRISE_EXPENSE_RES', 'CR_PRJ_ENTERPRISE_EXPENSE_RES_C', 'CR_PRJ_ENTERPRISE_EXPENSE_RES_CLD');

-- PROJECT_ENTERPRISE_RESOURCES
INSERT INTO cr_objects (object_id, object_name, object_code, user_object_name, module_code, parent_object_id, fbdi_sheet, loader_endpoint, re_con_query, sequence_in_parent, interface_table_name, rejection_table_name, ctl_file_name, xlsm_file_name, immediate_parent, batch_size, base_tables, creation_date, created_by, last_update_date, last_update_by, attribute1, attribute2, attribute3, attribute4, attribute5, attribute6, attribute7, attribute8, attribute9, attribute10, attribute11, attribute12, attribute13, attribute14, attribute15, conversion_type,cld_template_code,cld_metadata_table_name,cld_template_name) VALUES 
(352,'Project Enterprise Resources', 'PROJECT_ENTERPRISE_RESOURCES', 'Project Enterprise Resources', 'PPM', Null, '','FBDI', NULL, Null, '','',  '', '', NULL, 30000, NULL, current_date, 'riteadmin', current_date, 'riteadmin', NULL, NULL, NULL, NULL,NULL, NULL, NULL, NULL, NULL, NULL, NULL, NULL, NULL, NULL, NULL,'DATA_MIGRATION', NULL, NULL, NULL);
INSERT INTO cr_objects (object_id, object_name, object_code, user_object_name, module_code, parent_object_id, fbdi_sheet, loader_endpoint, re_con_query, sequence_in_parent, interface_table_name, rejection_table_name, ctl_file_name, xlsm_file_name, immediate_parent, batch_size, base_tables, creation_date, created_by, last_update_date, last_update_by, attribute1, attribute2, attribute3, attribute4, attribute5, attribute6, attribute7, attribute8, attribute9, attribute10, attribute11, attribute12, attribute13, attribute14, attribute15, conversion_type,cld_template_code,cld_metadata_table_name,cld_template_name) VALUES 
(353,'Project Enterprise Resources', 'PROJECT_ENTERPRISE_RESOURCES', 'Project Enterprise Resources', 'PPM', 352, 'PJT_PRJ_ENT_RES_INTERFACE','FBDI', NULL, 1, 'PJT_PRJ_ENT_RES_INTERFACE','',  'PjtEnterpriseResourcesImport', 'ProjectEnterpriseResourcesImportTemplate', NULL, 30000, 'PJT_PRJ_ENTERPRISE_RESOURCE_B', current_date, 'riteadmin', current_date, 'riteadmin', NULL, NULL, NULL, NULL,NULL, NULL, NULL, NULL, NULL, NULL, NULL, NULL, NULL, NULL, NULL,'DATA_MIGRATION', 'PROJECT_ENTERPRISE_RESOURCES', 'CR_PROJECT_ENTERPRISE_RESOURCES_C', 'CR_PROJECT_ENTERPRISE_RESOURCES_CLD');

-- PROJECT_MANAGEMENT
INSERT INTO cr_objects (object_id, object_name, object_code, user_object_name, module_code, parent_object_id, fbdi_sheet, loader_endpoint, re_con_query, sequence_in_parent, interface_table_name, rejection_table_name, ctl_file_name, xlsm_file_name, immediate_parent, batch_size, base_tables, creation_date, created_by, last_update_date, last_update_by, attribute1, attribute2, attribute3, attribute4, attribute5, attribute6, attribute7, attribute8, attribute9, attribute10, attribute11, attribute12, attribute13, attribute14, attribute15, conversion_type,cld_template_code,cld_metadata_table_name,cld_template_name) VALUES 
(354,'Project Management', 'PROJECT_MANAGEMENT', 'Project Management', 'PPM', Null, '','FBDI', NULL, Null, '','',  '', '', NULL, 30000, NULL, current_date, 'riteadmin', current_date, 'riteadmin', NULL, NULL, NULL, NULL,NULL, NULL, NULL, NULL, NULL, NULL, NULL, NULL, NULL, NULL, NULL,'DATA_MIGRATION', NULL, NULL, NULL);
INSERT INTO cr_objects (object_id, object_name, object_code, user_object_name, module_code, parent_object_id, fbdi_sheet, loader_endpoint, re_con_query, sequence_in_parent, interface_table_name, rejection_table_name, ctl_file_name, xlsm_file_name, immediate_parent, batch_size, base_tables, creation_date, created_by, last_update_date, last_update_by, attribute1, attribute2, attribute3, attribute4, attribute5, attribute6, attribute7, attribute8, attribute9, attribute10, attribute11, attribute12, attribute13, attribute14, attribute15, conversion_type,cld_template_code,cld_metadata_table_name,cld_template_name) VALUES 
(355,'Project Plan', 'PROJECT_PLAN', 'Project Plan', 'PPM', 354, 'PJT_PROJECT_PLAN_XFACE','FBDI', NULL, 1, 'PJT_PROJECT_PLAN_XFACE','',  'PjtProjectPlanImport', 'ProjectPlanImportTemplate', NULL, 30000, NULL, current_date, 'riteadmin', current_date, 'riteadmin', NULL, NULL, NULL, NULL,NULL, NULL, NULL, NULL, NULL, NULL, NULL, NULL, NULL, NULL, NULL,'DATA_MIGRATION', 'PROJECT_PLAN', 'CR_PROJECT_PLAN_C', 'CR_PROJECT_PLAN_CLD');

-- PROJECT_RESOURCE_ASSIGNMENTS
INSERT INTO cr_objects (object_id, object_name, object_code, user_object_name, module_code, parent_object_id, fbdi_sheet, loader_endpoint, re_con_query, sequence_in_parent, interface_table_name, rejection_table_name, ctl_file_name, xlsm_file_name, immediate_parent, batch_size, base_tables, creation_date, created_by, last_update_date, last_update_by, attribute1, attribute2, attribute3, attribute4, attribute5, attribute6, attribute7, attribute8, attribute9, attribute10, attribute11, attribute12, attribute13, attribute14, attribute15, conversion_type,cld_template_code,cld_metadata_table_name,cld_template_name) VALUES 
(356,'Project Resource Assignments', 'PROJECT_RESOURCE_ASSIGNMENTS', 'Project Resource Assignments', 'PPM', Null, '','FBDI', NULL, Null, '','',  '', '', NULL, 30000, NULL, current_date, 'riteadmin', current_date, 'riteadmin', NULL, NULL, NULL, NULL,NULL, NULL, NULL, NULL, NULL, NULL, NULL, NULL, NULL, NULL, NULL,'DATA_MIGRATION', NULL, NULL, NULL);
INSERT INTO cr_objects (object_id, object_name, object_code, user_object_name, module_code, parent_object_id, fbdi_sheet, loader_endpoint, re_con_query, sequence_in_parent, interface_table_name, rejection_table_name, ctl_file_name, xlsm_file_name, immediate_parent, batch_size, base_tables, creation_date, created_by, last_update_date, last_update_by, attribute1, attribute2, attribute3, attribute4, attribute5, attribute6, attribute7, attribute8, attribute9, attribute10, attribute11, attribute12, attribute13, attribute14, attribute15, conversion_type,cld_template_code,cld_metadata_table_name,cld_template_name) VALUES 
(357,'Create Resource Assignments', 'CREATE_RESOURCE_ASSIGNMENTS', 'Create Resource Assignments', 'PPM', 356, 'PJR_ASSIGNMENT_INT','FBDI', NULL, 1, 'PJR_ASSIGNMENT_INT','',  'PjrAssignCreateInterface', 'ProjectResourceAssignmentImportTemplate', NULL, 30000, 'PJR_ASSIGNMENT', current_date, 'riteadmin', current_date, 'riteadmin', NULL, NULL, NULL, NULL,NULL, NULL, NULL, NULL, NULL, NULL, NULL, NULL, NULL, NULL, NULL,'DATA_MIGRATION', 'CREATE_RESOURCE_ASSIGNMENTS', 'CR_CREATE_RESOURCE_ASSIGNMENTS_C', 'CR_CREATE_RESOURCE_ASSIGNMENTS_CLD');
INSERT INTO cr_objects (object_id, object_name, object_code, user_object_name, module_code, parent_object_id, fbdi_sheet, loader_endpoint, re_con_query, sequence_in_parent, interface_table_name, rejection_table_name, ctl_file_name, xlsm_file_name, immediate_parent, batch_size, base_tables, creation_date, created_by, last_update_date, last_update_by, attribute1, attribute2, attribute3, attribute4, attribute5, attribute6, attribute7, attribute8, attribute9, attribute10, attribute11, attribute12, attribute13, attribute14, attribute15, conversion_type,cld_template_code,cld_metadata_table_name,cld_template_name) VALUES 
(358,'Update Resource Assignments', 'UPDATE_RESOURCE_ASSIGNMENTS', 'Update Resource Assignments', 'PPM', 356, 'PJR_ASSIGNMENT_INT','FBDI', NULL, 2, 'PJR_ASSIGNMENT_INT','',  'PjrAssignUpdateInterface', 'ProjectResourceAssignmentImportTemplate', NULL, 30000, 'PJR_ASSIGNMENT', current_date, 'riteadmin', current_date, 'riteadmin', NULL, NULL, NULL, NULL,NULL, NULL, NULL, NULL, NULL, NULL, NULL, NULL, NULL, NULL, NULL,'DATA_MIGRATION', 'UPDATE_RESOURCE_ASSIGNMENTS', 'CR_UPDATE_RESOURCE_ASSIGNMENTS_C', 'CR_UPDATE_RESOURCE_ASSIGNMENTS_CLD');

-- PROJECT_RESOURCE_REQUESTS
INSERT INTO cr_objects (object_id, object_name, object_code, user_object_name, module_code, parent_object_id, fbdi_sheet, loader_endpoint, re_con_query, sequence_in_parent, interface_table_name, rejection_table_name, ctl_file_name, xlsm_file_name, immediate_parent, batch_size, base_tables, creation_date, created_by, last_update_date, last_update_by, attribute1, attribute2, attribute3, attribute4, attribute5, attribute6, attribute7, attribute8, attribute9, attribute10, attribute11, attribute12, attribute13, attribute14, attribute15, conversion_type,cld_template_code,cld_metadata_table_name,cld_template_name) VALUES 
(359,'Project Resource Requests', 'PROJECT_RESOURCE_REQUESTS', 'Project Resource Requests', 'PPM', Null, '','FBDI', NULL, Null, '','',  '', '', NULL, 30000, NULL, current_date, 'riteadmin', current_date, 'riteadmin', NULL, NULL, NULL, NULL,NULL, NULL, NULL, NULL, NULL, NULL, NULL, NULL, NULL, NULL, NULL,'DATA_MIGRATION', NULL, NULL, NULL);
INSERT INTO cr_objects (object_id, object_name, object_code, user_object_name, module_code, parent_object_id, fbdi_sheet, loader_endpoint, re_con_query, sequence_in_parent, interface_table_name, rejection_table_name, ctl_file_name, xlsm_file_name, immediate_parent, batch_size, base_tables, creation_date, created_by, last_update_date, last_update_by, attribute1, attribute2, attribute3, attribute4, attribute5, attribute6, attribute7, attribute8, attribute9, attribute10, attribute11, attribute12, attribute13, attribute14, attribute15, conversion_type,cld_template_code,cld_metadata_table_name,cld_template_name) VALUES 
(360,'Project Resource Requests', 'PROJECT_RESOURCE_REQUESTS', 'Project Resource Requests', 'PPM', 359, 'PJR_PROJECT_RES_REQ_INTERFACE','FBDI', NULL, 1, 'PJR_PROJECT_RES_REQ_INTERFACE','',  'PjrProjectResReqInterface', 'ProjectResourceRequestImportTemplate', NULL, 30000, 'PJR_RESOURCE_REQUESTS', current_date, 'riteadmin', current_date, 'riteadmin', NULL, NULL, NULL, NULL,NULL, NULL, NULL, NULL, NULL, NULL, NULL, NULL, NULL, NULL, NULL,'DATA_MIGRATION', 'PROJECT_RESOURCE_REQUESTS', 'CR_PROJECT_RESOURCE_REQUESTS_C', 'CR_PROJECT_RESOURCE_REQUESTS_CLD');
INSERT INTO cr_objects (object_id, object_name, object_code, user_object_name, module_code, parent_object_id, fbdi_sheet, loader_endpoint, re_con_query, sequence_in_parent, interface_table_name, rejection_table_name, ctl_file_name, xlsm_file_name, immediate_parent, batch_size, base_tables, creation_date, created_by, last_update_date, last_update_by, attribute1, attribute2, attribute3, attribute4, attribute5, attribute6, attribute7, attribute8, attribute9, attribute10, attribute11, attribute12, attribute13, attribute14, attribute15, conversion_type,cld_template_code,cld_metadata_table_name,cld_template_name) VALUES 
(361,'Project Resource Request Details', 'PROJECT_RESOURCE_REQUEST_DETAILS', 'Project Resource Request Details', 'PPM', 359, 'PJR_PROJ_RES_REQ_DET_INT','FBDI', NULL, 2, 'PJR_PROJ_RES_REQ_DET_INT','',  'PjrProjectResReqDetInterface', 'ProjectResourceRequestImportTemplate', NULL, 30000, 'PJR_RESOURCE_REQUESTS_DETAILS', current_date, 'riteadmin', current_date, 'riteadmin', NULL, NULL, NULL, NULL,NULL, NULL, NULL, NULL, NULL, NULL, NULL, NULL, NULL, NULL, NULL,'DATA_MIGRATION', 'PRJ_RESOURCE_REQUEST_DETAILS', 'CR_PRJ_RESOURCE_REQUEST_DETAILS_C', 'CR_PRJ_RESOURCE_REQUEST_DETAILS_CLD');

-- RESOURCE_ACTUAL_HOURS
INSERT INTO cr_objects (object_id, object_name, object_code, user_object_name, module_code, parent_object_id, fbdi_sheet, loader_endpoint, re_con_query, sequence_in_parent, interface_table_name, rejection_table_name, ctl_file_name, xlsm_file_name, immediate_parent, batch_size, base_tables, creation_date, created_by, last_update_date, last_update_by, attribute1, attribute2, attribute3, attribute4, attribute5, attribute6, attribute7, attribute8, attribute9, attribute10, attribute11, attribute12, attribute13, attribute14, attribute15, conversion_type,cld_template_code,cld_metadata_table_name,cld_template_name) VALUES 
(362,'Resource Actual Hours', 'RESOURCE_ACTUAL_HOURS', 'Resource Actual Hours', 'PPM', Null, '','FBDI', NULL, Null, '','',  '', '', NULL, 30000, NULL, current_date, 'riteadmin', current_date, 'riteadmin', NULL, NULL, NULL, NULL,NULL, NULL, NULL, NULL, NULL, NULL, NULL, NULL, NULL, NULL, NULL,'DATA_MIGRATION', NULL, NULL, NULL);
INSERT INTO cr_objects (object_id, object_name, object_code, user_object_name, module_code, parent_object_id, fbdi_sheet, loader_endpoint, re_con_query, sequence_in_parent, interface_table_name, rejection_table_name, ctl_file_name, xlsm_file_name, immediate_parent, batch_size, base_tables, creation_date, created_by, last_update_date, last_update_by, attribute1, attribute2, attribute3, attribute4, attribute5, attribute6, attribute7, attribute8, attribute9, attribute10, attribute11, attribute12, attribute13, attribute14, attribute15, conversion_type,cld_template_code,cld_metadata_table_name,cld_template_name) VALUES 
(363,'Resource Actual Hours', 'RESOURCE_ACTUAL_HOURS', 'Resource Actual Hours', 'PPM', 362, 'PJR_ACTUAL_HOURS_INTERFACE','FBDI', NULL, 1, 'PJR_ACTUAL_HOURS_INTERFACE','',  'PjrActualHoursInterface', 'ResourceActualHoursImportTemplate', NULL, 30000, 'PJR_ACTUAL_HOURS.', current_date, 'riteadmin', current_date, 'riteadmin', NULL, NULL, NULL, NULL,NULL, NULL, NULL, NULL, NULL, NULL, NULL, NULL, NULL, NULL, NULL,'DATA_MIGRATION', 'RESOURCE_ACTUAL_HOURS', 'CR_RESOURCE_ACTUAL_HOURS_C', 'CR_RESOURCE_ACTUAL_HOURS_CLD');

-- RESOURCE_POOLS_AND_MEMBERSHIPS
INSERT INTO cr_objects (object_id, object_name, object_code, user_object_name, module_code, parent_object_id, fbdi_sheet, loader_endpoint, re_con_query, sequence_in_parent, interface_table_name, rejection_table_name, ctl_file_name, xlsm_file_name, immediate_parent, batch_size, base_tables, creation_date, created_by, last_update_date, last_update_by, attribute1, attribute2, attribute3, attribute4, attribute5, attribute6, attribute7, attribute8, attribute9, attribute10, attribute11, attribute12, attribute13, attribute14, attribute15, conversion_type,cld_template_code,cld_metadata_table_name,cld_template_name) VALUES 
(364,'Resource Pools and Memberships', 'RESOURCE_POOLS_AND_MEMBERSHIPS', 'Resource Pools and Memberships', 'PPM', Null, '','FBDI', NULL, Null, '','',  '', '', NULL, 30000, NULL, current_date, 'riteadmin', current_date, 'riteadmin', NULL, NULL, NULL, NULL,NULL, NULL, NULL, NULL, NULL, NULL, NULL, NULL, NULL, NULL, NULL,'DATA_MIGRATION', NULL, NULL, NULL);
INSERT INTO cr_objects (object_id, object_name, object_code, user_object_name, module_code, parent_object_id, fbdi_sheet, loader_endpoint, re_con_query, sequence_in_parent, interface_table_name, rejection_table_name, ctl_file_name, xlsm_file_name, immediate_parent, batch_size, base_tables, creation_date, created_by, last_update_date, last_update_by, attribute1, attribute2, attribute3, attribute4, attribute5, attribute6, attribute7, attribute8, attribute9, attribute10, attribute11, attribute12, attribute13, attribute14, attribute15, conversion_type,cld_template_code,cld_metadata_table_name,cld_template_name) VALUES 
(365,'Resource Pool and Pool membership interface', 'RESOURCE_POOL_AND_POOL_MEMBERSHIP_INTERFACE', 'Resource Pool and Pool membership interface', 'PPM', 364, 'PJR_RESOURCE_POOL_MEMBERS_INT','FBDI', NULL, 1, 'PJR_RESOURCE_POOL_MEMBERS_INT','',  'PjrResourcePoolMembershipInterface', 'ResourcePoolImportTemplate', NULL, 30000, NULL, current_date, 'riteadmin', current_date, 'riteadmin', NULL, NULL, NULL, NULL,NULL, NULL, NULL, NULL, NULL, NULL, NULL, NULL, NULL, NULL, NULL,'DATA_MIGRATION', 'RESRC_POOL_AND_POOL_MEMB_INT', 'CR_RESRC_POOL_AND_POOL_MEMB_INT_C', 'CR_RESRC_POOL_AND_POOL_MEMB_INT_CLD');

-- PROJECT_KEY_PERFORMANCE_INDICATORS
INSERT INTO cr_objects (object_id, object_name, object_code, user_object_name, module_code, parent_object_id, fbdi_sheet, loader_endpoint, re_con_query, sequence_in_parent, interface_table_name, rejection_table_name, ctl_file_name, xlsm_file_name, immediate_parent, batch_size, base_tables, creation_date, created_by, last_update_date, last_update_by, attribute1, attribute2, attribute3, attribute4, attribute5, attribute6, attribute7, attribute8, attribute9, attribute10, attribute11, attribute12, attribute13, attribute14, attribute15, conversion_type,cld_template_code,cld_metadata_table_name,cld_template_name) VALUES 
(366,'Project Key Performance Indicators', 'PROJECT_KEY_PERFORMANCE_INDICATORS', 'Project Key Performance Indicators', 'PPM', Null, '','FBDI', NULL, Null, '','',  '', '', NULL, 30000, NULL, current_date, 'riteadmin', current_date, 'riteadmin', NULL, NULL, NULL, NULL,NULL, NULL, NULL, NULL, NULL, NULL, NULL, NULL, NULL, NULL, NULL,'DATA_MIGRATION', NULL, NULL, NULL);
INSERT INTO cr_objects (object_id, object_name, object_code, user_object_name, module_code, parent_object_id, fbdi_sheet, loader_endpoint, re_con_query, sequence_in_parent, interface_table_name, rejection_table_name, ctl_file_name, xlsm_file_name, immediate_parent, batch_size, base_tables, creation_date, created_by, last_update_date, last_update_by, attribute1, attribute2, attribute3, attribute4, attribute5, attribute6, attribute7, attribute8, attribute9, attribute10, attribute11, attribute12, attribute13, attribute14, attribute15, conversion_type,cld_template_code,cld_metadata_table_name,cld_template_name) VALUES 
(367,'Add KPIs to Projects', 'ADD_KPIS_TO_PROJECTS', 'Add KPIs to Projects', 'PPM', 366, 'PJS_PERF_OBJECT_RULES_INT','FBDI', NULL, 1, 'PJS_PERF_OBJECT_RULES_INT','',  'PjsPerfObjectRulesInt', 'ImportProjectKeyPerformanceIndicatorsTemplate', NULL, 30000, 'PJS_PERF_OBJECT_RULES', current_date, 'riteadmin', current_date, 'riteadmin', NULL, NULL, NULL, NULL,NULL, NULL, NULL, NULL, NULL, NULL, NULL, NULL, NULL, NULL, NULL,'DATA_MIGRATION', 'ADD_KPIS_TO_PROJECTS', 'CR_ADD_KPIS_TO_PROJECTS_C', 'CR_ADD_KPIS_TO_PROJECTS_CLD');

-- IMPORT_REQUISITIONS
INSERT INTO cr_objects (object_id, object_name, object_code, user_object_name, module_code, parent_object_id, fbdi_sheet, loader_endpoint, re_con_query, sequence_in_parent, interface_table_name, rejection_table_name, ctl_file_name, xlsm_file_name, immediate_parent, batch_size, base_tables, creation_date, created_by, last_update_date, last_update_by, attribute1, attribute2, attribute3, attribute4, attribute5, attribute6, attribute7, attribute8, attribute9, attribute10, attribute11, attribute12, attribute13, attribute14, attribute15, conversion_type,cld_template_code,cld_metadata_table_name,cld_template_name) VALUES 
(368,'Import Requisitions', 'IMPORT_REQUISITIONS', 'Import Requisitions', 'SCM', Null, '','FBDI', NULL, NULL, '','',  '', '', NULL, 30000, NULL, current_date, 'riteadmin', current_date, 'riteadmin', NULL, NULL, NULL, NULL,NULL, NULL, NULL, NULL, NULL, NULL, NULL, NULL, NULL, NULL, NULL,'DATA_MIGRATION', NULL, NULL, NULL);
INSERT INTO cr_objects (object_id, object_name, object_code, user_object_name, module_code, parent_object_id, fbdi_sheet, loader_endpoint, re_con_query, sequence_in_parent, interface_table_name, rejection_table_name, ctl_file_name, xlsm_file_name, immediate_parent, batch_size, base_tables, creation_date, created_by, last_update_date, last_update_by, attribute1, attribute2, attribute3, attribute4, attribute5, attribute6, attribute7, attribute8, attribute9, attribute10, attribute11, attribute12, attribute13, attribute14, attribute15, conversion_type,cld_template_code,cld_metadata_table_name,cld_template_name) VALUES 
(369,'Requisition Headers', 'REQUISITION_HEADERS', 'Requisition Headers', 'SCM', 368, 'POR_REQ_HEADERS_INTERFACE_ALL','FBDI', NULL, 1, 'POR_REQ_HEADERS_INTERFACE_ALL','PO_INTERFACE_ERRORS',  'PorReqHeadersInterfaceAll', 'RequisitionImportTemplate', NULL, 30000, 'PO_REQUISITIONS_HEADERS_ALL', current_date, 'riteadmin', current_date, 'riteadmin', NULL, NULL, NULL, NULL,NULL, NULL, NULL, NULL, NULL, NULL, NULL, NULL, NULL, NULL, NULL,'DATA_MIGRATION', 'REQUISITION_HEADERS', 'CR_REQUISITION_HEADERS_C', 'CR_REQUISITION_HEADERS_CLD');
INSERT INTO cr_objects (object_id, object_name, object_code, user_object_name, module_code, parent_object_id, fbdi_sheet, loader_endpoint, re_con_query, sequence_in_parent, interface_table_name, rejection_table_name, ctl_file_name, xlsm_file_name, immediate_parent, batch_size, base_tables, creation_date, created_by, last_update_date, last_update_by, attribute1, attribute2, attribute3, attribute4, attribute5, attribute6, attribute7, attribute8, attribute9, attribute10, attribute11, attribute12, attribute13, attribute14, attribute15, conversion_type,cld_template_code,cld_metadata_table_name,cld_template_name) VALUES 
(370,'Requisition Lines', 'REQUISITION_LINES', 'Requisition Lines', 'SCM', 368, 'POR_REQ_LINES_INTERFACE_ALL','FBDI', NULL, 2, 'POR_REQ_LINES_INTERFACE_ALL','PO_INTERFACE_ERRORS',  'PorReqLinesInterfaceAll', 'RequisitionImportTemplate', NULL, 30000, 'PO_REQUISITION_LINES_ALL', current_date, 'riteadmin', current_date, 'riteadmin', NULL, NULL, NULL, NULL,NULL, NULL, NULL, NULL, NULL, NULL, NULL, NULL, NULL, NULL, NULL,'DATA_MIGRATION', 'REQUISITION_LINES', 'CR_REQUISITION_LINES_C', 'CR_REQUISITION_LINES_CLD');
INSERT INTO cr_objects (object_id, object_name, object_code, user_object_name, module_code, parent_object_id, fbdi_sheet, loader_endpoint, re_con_query, sequence_in_parent, interface_table_name, rejection_table_name, ctl_file_name, xlsm_file_name, immediate_parent, batch_size, base_tables, creation_date, created_by, last_update_date, last_update_by, attribute1, attribute2, attribute3, attribute4, attribute5, attribute6, attribute7, attribute8, attribute9, attribute10, attribute11, attribute12, attribute13, attribute14, attribute15, conversion_type,cld_template_code,cld_metadata_table_name,cld_template_name) VALUES 
(371,'Requisition Distributions', 'REQUISITION_DISTRIBUTIONS', 'Requisition Distributions', 'SCM', 368, 'POR_REQ_DISTS_INTERFACE_ALL','FBDI', NULL, 3, 'POR_REQ_DISTS_INTERFACE_ALL','PO_INTERFACE_ERRORS',  'PorReqDistsInterfaceAll', 'RequisitionImportTemplate', NULL, 30000, 'PO_REQ_DISTRIBUTIONS_ALL', current_date, 'riteadmin', current_date, 'riteadmin', NULL, NULL, NULL, NULL,NULL, NULL, NULL, NULL, NULL, NULL, NULL, NULL, NULL, NULL, NULL,'DATA_MIGRATION', 'REQUISITION_DISTRIBUTIONS', 'CR_REQUISITION_DISTRIBUTIONS_C', 'CR_REQUISITION_DISTRIBUTIONS_CLD');

-- IMPORT_NEGOTIATION_LINES
INSERT INTO cr_objects (object_id, object_name, object_code, user_object_name, module_code, parent_object_id, fbdi_sheet, loader_endpoint, re_con_query, sequence_in_parent, interface_table_name, rejection_table_name, ctl_file_name, xlsm_file_name, immediate_parent, batch_size, base_tables, creation_date, created_by, last_update_date, last_update_by, attribute1, attribute2, attribute3, attribute4, attribute5, attribute6, attribute7, attribute8, attribute9, attribute10, attribute11, attribute12, attribute13, attribute14, attribute15, conversion_type,cld_template_code,cld_metadata_table_name,cld_template_name) VALUES 
(372,'Import Negotiation Lines', 'IMPORT_NEGOTIATION_LINES', 'Import Negotiation Lines', 'SCM', NULL, '','FBDI', NULL, NULL, '','',  '', '', NULL, 30000, NULL, current_date, 'riteadmin', current_date, 'riteadmin', NULL, NULL, NULL, NULL,NULL, NULL, NULL, NULL, NULL, NULL, NULL, NULL, NULL, NULL, NULL,'DATA_MIGRATION', NULL, NULL, NULL);
INSERT INTO cr_objects (object_id, object_name, object_code, user_object_name, module_code, parent_object_id, fbdi_sheet, loader_endpoint, re_con_query, sequence_in_parent, interface_table_name, rejection_table_name, ctl_file_name, xlsm_file_name, immediate_parent, batch_size, base_tables, creation_date, created_by, last_update_date, last_update_by, attribute1, attribute2, attribute3, attribute4, attribute5, attribute6, attribute7, attribute8, attribute9, attribute10, attribute11, attribute12, attribute13, attribute14, attribute15, conversion_type,cld_template_code,cld_metadata_table_name,cld_template_name) VALUES 
(373,'Negotiation Lines With Purchase Order Outcome', 'NEGOTIATION_LINES_WITH_PURCHASE_ORDER_OUTCOME', 'Negotiation Lines With Purchase Order Outcome', 'SCM', 372, 'PON_LINES_INT','FBDI', NULL, 1, 'PON_LINES_INT','PON_FBDI_INT_ERRORS',  'PonLinesOrderOutcome', 'PONNegotiationLinesImportTemplate', NULL, 30000, NULL, current_date, 'riteadmin', current_date, 'riteadmin', NULL, NULL, NULL, NULL,NULL, NULL, NULL, NULL, NULL, NULL, NULL, NULL, NULL, NULL, NULL,'DATA_MIGRATION', 'NEG_LINES_WITH_PO_OUTCOME', 'CR_NEG_LINES_WITH_PO_OUTCOME_C', 'CR_NEG_LINES_WITH_PO_OUTCOME_CLD');
INSERT INTO cr_objects (object_id, object_name, object_code, user_object_name, module_code, parent_object_id, fbdi_sheet, loader_endpoint, re_con_query, sequence_in_parent, interface_table_name, rejection_table_name, ctl_file_name, xlsm_file_name, immediate_parent, batch_size, base_tables, creation_date, created_by, last_update_date, last_update_by, attribute1, attribute2, attribute3, attribute4, attribute5, attribute6, attribute7, attribute8, attribute9, attribute10, attribute11, attribute12, attribute13, attribute14, attribute15, conversion_type,cld_template_code,cld_metadata_table_name,cld_template_name) VALUES 
(374,'Negotiation Lines With Agreement Outcome', 'NEGOTIATION_LINES_WITH_AGREEMENT_OUTCOME', 'Negotiation Lines With Agreement Outcome', 'SCM', 372, 'PON_LINES_INT','FBDI', NULL, 2, 'PON_LINES_INT','PON_FBDI_INT_ERRORS',  'PonLinesAgreementOutcome', 'PONNegotiationLinesImportTemplate', NULL, 30000, NULL, current_date, 'riteadmin', current_date, 'riteadmin', NULL, NULL, NULL, NULL,NULL, NULL, NULL, NULL, NULL, NULL, NULL, NULL, NULL, NULL, NULL,'DATA_MIGRATION', 'NEG_LINES_WITH_AGREEM_OUTCOME', 'CR_NEG_LINES_WITH_AGREEM_OUTCOME_C', 'CR_NEG_LINES_WITH_AGREEM_OUTCOME_CLD');
INSERT INTO cr_objects (object_id, object_name, object_code, user_object_name, module_code, parent_object_id, fbdi_sheet, loader_endpoint, re_con_query, sequence_in_parent, interface_table_name, rejection_table_name, ctl_file_name, xlsm_file_name, immediate_parent, batch_size, base_tables, creation_date, created_by, last_update_date, last_update_by, attribute1, attribute2, attribute3, attribute4, attribute5, attribute6, attribute7, attribute8, attribute9, attribute10, attribute11, attribute12, attribute13, attribute14, attribute15, conversion_type,cld_template_code,cld_metadata_table_name,cld_template_name) VALUES 
(375,'External Cost Factors', 'EXTERNAL_COST_FACTORS', 'External Cost Factors', 'SCM', 372, 'PON_LINE_COST_FACTORS_INT','FBDI', NULL, 3, 'PON_LINE_COST_FACTORS_INT','PON_FBDI_INT_ERRORS',  'PonExternalCostFactors', 'PONNegotiationLinesImportTemplate', NULL, 30000, NULL, current_date, 'riteadmin', current_date, 'riteadmin', NULL, NULL, NULL, NULL,NULL, NULL, NULL, NULL, NULL, NULL, NULL, NULL, NULL, NULL, NULL,'DATA_MIGRATION', 'EXTERNAL_COST_FACTORS', 'CR_EXTERNAL_COST_FACTORS_C', 'CR_EXTERNAL_COST_FACTORS_CLD');
INSERT INTO cr_objects (object_id, object_name, object_code, user_object_name, module_code, parent_object_id, fbdi_sheet, loader_endpoint, re_con_query, sequence_in_parent, interface_table_name, rejection_table_name, ctl_file_name, xlsm_file_name, immediate_parent, batch_size, base_tables, creation_date, created_by, last_update_date, last_update_by, attribute1, attribute2, attribute3, attribute4, attribute5, attribute6, attribute7, attribute8, attribute9, attribute10, attribute11, attribute12, attribute13, attribute14, attribute15, conversion_type,cld_template_code,cld_metadata_table_name,cld_template_name) VALUES 
(376,'Price Breaks', 'PRICE_BREAKS', 'Price Breaks', 'SCM', 372, 'PON_LINE_PRICE_TIERS_INT','FBDI', NULL, 4, 'PON_LINE_PRICE_TIERS_INT','PON_FBDI_INT_ERRORS',  'PonPriceBreaks', 'PONNegotiationLinesImportTemplate', NULL, 30000, NULL, current_date, 'riteadmin', current_date, 'riteadmin', NULL, NULL, NULL, NULL,NULL, NULL, NULL, NULL, NULL, NULL, NULL, NULL, NULL, NULL, NULL,'DATA_MIGRATION', 'PRICE_BREAKS', 'CR_PRICE_BREAKS_C', 'CR_PRICE_BREAKS_CLD');
INSERT INTO cr_objects (object_id, object_name, object_code, user_object_name, module_code, parent_object_id, fbdi_sheet, loader_endpoint, re_con_query, sequence_in_parent, interface_table_name, rejection_table_name, ctl_file_name, xlsm_file_name, immediate_parent, batch_size, base_tables, creation_date, created_by, last_update_date, last_update_by, attribute1, attribute2, attribute3, attribute4, attribute5, attribute6, attribute7, attribute8, attribute9, attribute10, attribute11, attribute12, attribute13, attribute14, attribute15, conversion_type,cld_template_code,cld_metadata_table_name,cld_template_name) VALUES 
(377,'Quantity Based Price Tiers', 'QUANTITY_BASED_PRICE_TIERS', 'Quantity Based Price Tiers', 'SCM', 372, 'PON_LINE_PRICE_TIERS_INT','FBDI', NULL, 5, 'PON_LINE_PRICE_TIERS_INT','PON_FBDI_INT_ERRORS',  'PonQuantityBasedPriceTiers', 'PONNegotiationLinesImportTemplate', NULL, 30000, NULL, current_date, 'riteadmin', current_date, 'riteadmin', NULL, NULL, NULL, NULL,NULL, NULL, NULL, NULL, NULL, NULL, NULL, NULL, NULL, NULL, NULL,'DATA_MIGRATION', 'QUANTITY_BASED_PRICE_TIERS', 'CR_QUANTITY_BASED_PRICE_TIERS_C', 'CR_QUANTITY_BASED_PRICE_TIERS_CLD');

-- DATA_SET_IMPORT
INSERT INTO cr_objects (object_id, object_name, object_code, user_object_name, module_code, parent_object_id, fbdi_sheet, loader_endpoint, re_con_query, sequence_in_parent, interface_table_name, rejection_table_name, ctl_file_name, xlsm_file_name, immediate_parent, batch_size, base_tables, creation_date, created_by, last_update_date, last_update_by, attribute1, attribute2, attribute3, attribute4, attribute5, attribute6, attribute7, attribute8, attribute9, attribute10, attribute11, attribute12, attribute13, attribute14, attribute15, conversion_type,cld_template_code,cld_metadata_table_name,cld_template_name) VALUES 
(378,'Data Set Import', 'DATA_SET_IMPORT', 'Data Set Import', 'SCM', Null, '','FBDI', NULL, Null, '','',  '', '', NULL, 30000, NULL, current_date, 'riteadmin', current_date, 'riteadmin', NULL, NULL, NULL, NULL,NULL, NULL, NULL, NULL, NULL, NULL, NULL, NULL, NULL, NULL, NULL,'DATA_MIGRATION', NULL, NULL, NULL);
INSERT INTO cr_objects (object_id, object_name, object_code, user_object_name, module_code, parent_object_id, fbdi_sheet, loader_endpoint, re_con_query, sequence_in_parent, interface_table_name, rejection_table_name, ctl_file_name, xlsm_file_name, immediate_parent, batch_size, base_tables, creation_date, created_by, last_update_date, last_update_by, attribute1, attribute2, attribute3, attribute4, attribute5, attribute6, attribute7, attribute8, attribute9, attribute10, attribute11, attribute12, attribute13, attribute14, attribute15, conversion_type,cld_template_code,cld_metadata_table_name,cld_template_name) VALUES 
(379,'Spend Classification Data Set Import', 'SPEND_CLASSIFICATION_DATA_SET_IMPORT', 'Spend Classification Data Set Import', 'SCM', 378, 'POI_SPEND_DATA_INT','FBDI', NULL, 1, 'POI_SPEND_DATA_INT','POI_SPEND_DATA_INT',  'PoiClassificationDataset', 'PoiDataSetImportTemplate', NULL, 30000, 'POI_SPEND_DATA', current_date, 'riteadmin', current_date, 'riteadmin', NULL, NULL, NULL, NULL,NULL, NULL, NULL, NULL, NULL, NULL, NULL, NULL, NULL, NULL, NULL,'DATA_MIGRATION', 'SPEND_CLASSIFICATION_DATA_SET', 'CR_SPEND_CLASSIFICATION_DATA_SET_C', 'CR_SPEND_CLASSIFICATION_DATA_SET_CLD');

-- SUSTAINABILITY_ACTIVITY
INSERT INTO cr_objects (object_id, object_name, object_code, user_object_name, module_code, parent_object_id, fbdi_sheet, loader_endpoint, re_con_query, sequence_in_parent, interface_table_name, rejection_table_name, ctl_file_name, xlsm_file_name, immediate_parent, batch_size, base_tables, creation_date, created_by, last_update_date, last_update_by, attribute1, attribute2, attribute3, attribute4, attribute5, attribute6, attribute7, attribute8, attribute9, attribute10, attribute11, attribute12, attribute13, attribute14, attribute15, conversion_type,cld_template_code,cld_metadata_table_name,cld_template_name) VALUES 
(380,'Sustainability Activity', 'SUSTAINABILITY_ACTIVITY', 'Sustainability Activity', 'SCM', Null, '','FBDI', NULL, Null, '','',  '', '', NULL, 30000, NULL, current_date, 'riteadmin', current_date, 'riteadmin', NULL, NULL, NULL, NULL,NULL, NULL, NULL, NULL, NULL, NULL, NULL, NULL, NULL, NULL, NULL,'DATA_MIGRATION', NULL, NULL, NULL);
INSERT INTO cr_objects (object_id, object_name, object_code, user_object_name, module_code, parent_object_id, fbdi_sheet, loader_endpoint, re_con_query, sequence_in_parent, interface_table_name, rejection_table_name, ctl_file_name, xlsm_file_name, immediate_parent, batch_size, base_tables, creation_date, created_by, last_update_date, last_update_by, attribute1, attribute2, attribute3, attribute4, attribute5, attribute6, attribute7, attribute8, attribute9, attribute10, attribute11, attribute12, attribute13, attribute14, attribute15, conversion_type,cld_template_code,cld_metadata_table_name,cld_template_name) VALUES 
(381,'Import Activities', 'IMPORT_ACTIVITIES', 'Import Activities', 'SCM', 380, 'SUS_ACTIVITIES_INT','FBDI', NULL, 1, 'SUS_ACTIVITIES_INT','SUS_INTERFACE_ERRORS',  'SusActivitiesInt', 'SusActivityImportTemplate', NULL, 30000, 'SUS_ACTIVITIES', current_date, 'riteadmin', current_date, 'riteadmin', NULL, NULL, NULL, NULL,NULL, NULL, NULL, NULL, NULL, NULL, NULL, NULL, NULL, NULL, NULL,'DATA_MIGRATION', 'IMPORT_ACTIVITIES', 'CR_IMPORT_ACTIVITIES_C', 'CR_IMPORT_ACTIVITIES_CLD');
INSERT INTO cr_objects (object_id, object_name, object_code, user_object_name, module_code, parent_object_id, fbdi_sheet, loader_endpoint, re_con_query, sequence_in_parent, interface_table_name, rejection_table_name, ctl_file_name, xlsm_file_name, immediate_parent, batch_size, base_tables, creation_date, created_by, last_update_date, last_update_by, attribute1, attribute2, attribute3, attribute4, attribute5, attribute6, attribute7, attribute8, attribute9, attribute10, attribute11, attribute12, attribute13, attribute14, attribute15, conversion_type,cld_template_code,cld_metadata_table_name,cld_template_name) VALUES 
(382,'Import Activity Measures', 'IMPORT_ACTIVITY_MEASURES', 'Import Activity Measures', 'SCM', 380, 'SUS_ACT_MEASURES_INT','FBDI', NULL, 2, 'SUS_ACT_MEASURES_INT','',  'SusActMeasuresInt', 'SusActivityImportTemplate', NULL, 30000, 'SUS_ACTIVITY_MEASURES', current_date, 'riteadmin', current_date, 'riteadmin', NULL, NULL, NULL, NULL,NULL, NULL, NULL, NULL, NULL, NULL, NULL, NULL, NULL, NULL, NULL,'DATA_MIGRATION', 'IMPORT_ACTIVITY_MEASURES', 'CR_IMPORT_ACTIVITY_MEASURES_C', 'CR_IMPORT_ACTIVITY_MEASURES_CLD');
INSERT INTO cr_objects (object_id, object_name, object_code, user_object_name, module_code, parent_object_id, fbdi_sheet, loader_endpoint, re_con_query, sequence_in_parent, interface_table_name, rejection_table_name, ctl_file_name, xlsm_file_name, immediate_parent, batch_size, base_tables, creation_date, created_by, last_update_date, last_update_by, attribute1, attribute2, attribute3, attribute4, attribute5, attribute6, attribute7, attribute8, attribute9, attribute10, attribute11, attribute12, attribute13, attribute14, attribute15, conversion_type,cld_template_code,cld_metadata_table_name,cld_template_name) VALUES 
(383,'Import Activity Emissions', 'IMPORT_ACTIVITY_EMISSIONS', 'Import Activity Emissions', 'SCM', 380, 'SUS_ACT_EMISSIONS_INT','FBDI', NULL, 3, 'SUS_ACT_EMISSIONS_INT','',  'SusActEmissionsInt', 'SusActivityImportTemplate', NULL, 30000, 'SUS_ACTIVITY_EMISSIONS', current_date, 'riteadmin', current_date, 'riteadmin', NULL, NULL, NULL, NULL,NULL, NULL, NULL, NULL, NULL, NULL, NULL, NULL, NULL, NULL, NULL,'DATA_MIGRATION', 'IMPORT_ACTIVITY_EMISSIONS', 'CR_IMPORT_ACTIVITY_EMISSIONS_C', 'CR_IMPORT_ACTIVITY_EMISSIONS_CLD');

-- CYCLE_COUNT_IMPORT
INSERT INTO cr_objects (object_id, object_name, object_code, user_object_name, module_code, parent_object_id, fbdi_sheet, loader_endpoint, re_con_query, sequence_in_parent, interface_table_name, rejection_table_name, ctl_file_name, xlsm_file_name, immediate_parent, batch_size, base_tables, creation_date, created_by, last_update_date, last_update_by, attribute1, attribute2, attribute3, attribute4, attribute5, attribute6, attribute7, attribute8, attribute9, attribute10, attribute11, attribute12, attribute13, attribute14, attribute15, conversion_type,cld_template_code,cld_metadata_table_name,cld_template_name) VALUES 
(384,'Cycle Count Import', 'CYCLE_COUNT_IMPORT', 'Cycle Count Import', 'SCM', Null, '','FBDI', NULL, Null, '','',  '', '', NULL, 30000, NULL, current_date, 'riteadmin', current_date, 'riteadmin', NULL, NULL, NULL, NULL,NULL, NULL, NULL, NULL, NULL, NULL, NULL, NULL, NULL, NULL, NULL,'DATA_MIGRATION', NULL, NULL, NULL);
INSERT INTO cr_objects (object_id, object_name, object_code, user_object_name, module_code, parent_object_id, fbdi_sheet, loader_endpoint, re_con_query, sequence_in_parent, interface_table_name, rejection_table_name, ctl_file_name, xlsm_file_name, immediate_parent, batch_size, base_tables, creation_date, created_by, last_update_date, last_update_by, attribute1, attribute2, attribute3, attribute4, attribute5, attribute6, attribute7, attribute8, attribute9, attribute10, attribute11, attribute12, attribute13, attribute14, attribute15, conversion_type,cld_template_code,cld_metadata_table_name,cld_template_name) VALUES 
(385,'Cycle Count Entries Import', 'CYCLE_COUNT_ENTRIES_IMPORT', 'Cycle Count Entries Import', 'SCM', 384, 'INV_CC_ENTRIES_INTERFACE','FBDI', NULL, 1, 'INV_CC_ENTRIES_INTERFACE','INV_CC_INTERFACE_ERRORS',  'InvCcEntriesInterface', 'CycleCountImportTemplate', NULL, 30000, 'INV_CYCLE_COUNT_ENTRIES ', current_date, 'riteadmin', current_date, 'riteadmin', NULL, NULL, NULL, NULL,NULL, NULL, NULL, NULL, NULL, NULL, NULL, NULL, NULL, NULL, NULL,'DATA_MIGRATION', 'CYCLE_COUNT_ENTRIES_IMPORT', 'CR_CYCLE_COUNT_ENTRIES_IMPORT_C', 'CR_CYCLE_COUNT_ENTRIES_IMPORT_CLD');

-- IMPORT_SUPPLY_ORDER
INSERT INTO cr_objects (object_id, object_name, object_code, user_object_name, module_code, parent_object_id, fbdi_sheet, loader_endpoint, re_con_query, sequence_in_parent, interface_table_name, rejection_table_name, ctl_file_name, xlsm_file_name, immediate_parent, batch_size, base_tables, creation_date, created_by, last_update_date, last_update_by, attribute1, attribute2, attribute3, attribute4, attribute5, attribute6, attribute7, attribute8, attribute9, attribute10, attribute11, attribute12, attribute13, attribute14, attribute15, conversion_type,cld_template_code,cld_metadata_table_name,cld_template_name) VALUES 
(386,'Import Supply Order', 'IMPORT_SUPPLY_ORDER', 'Import Supply Order', 'SCM', Null, '','FBDI', NULL, Null, '','',  '', '', NULL, 30000, NULL, current_date, 'riteadmin', current_date, 'riteadmin', NULL, NULL, NULL, NULL,NULL, NULL, NULL, NULL, NULL, NULL, NULL, NULL, NULL, NULL, NULL,'DATA_MIGRATION', NULL, NULL, NULL);
INSERT INTO cr_objects (object_id, object_name, object_code, user_object_name, module_code, parent_object_id, fbdi_sheet, loader_endpoint, re_con_query, sequence_in_parent, interface_table_name, rejection_table_name, ctl_file_name, xlsm_file_name, immediate_parent, batch_size, base_tables, creation_date, created_by, last_update_date, last_update_by, attribute1, attribute2, attribute3, attribute4, attribute5, attribute6, attribute7, attribute8, attribute9, attribute10, attribute11, attribute12, attribute13, attribute14, attribute15, conversion_type,cld_template_code,cld_metadata_table_name,cld_template_name) VALUES 
(387,'Supply Lines Import', 'SUPPLY_LINES_IMPORT', 'Supply Lines Import', 'SCM', 386, 'DOS_SUPPLY_LINES_INT','FBDI', NULL, 1, 'DOS_SUPPLY_LINES_INT','',  'DosSupplyLinesInt', 'DosSupplyOrderImportTemplate', NULL, 30000, 'DOS_SUPPLY_LINES', current_date, 'riteadmin', current_date, 'riteadmin', NULL, NULL, NULL, NULL,NULL, NULL, NULL, NULL, NULL, NULL, NULL, NULL, NULL, NULL, NULL,'DATA_MIGRATION', 'SUPPLY_LINES_IMPORT', 'CR_SUPPLY_LINES_IMPORT_C', 'CR_SUPPLY_LINES_IMPORT_CLD');
INSERT INTO cr_objects (object_id, object_name, object_code, user_object_name, module_code, parent_object_id, fbdi_sheet, loader_endpoint, re_con_query, sequence_in_parent, interface_table_name, rejection_table_name, ctl_file_name, xlsm_file_name, immediate_parent, batch_size, base_tables, creation_date, created_by, last_update_date, last_update_by, attribute1, attribute2, attribute3, attribute4, attribute5, attribute6, attribute7, attribute8, attribute9, attribute10, attribute11, attribute12, attribute13, attribute14, attribute15, conversion_type,cld_template_code,cld_metadata_table_name,cld_template_name) VALUES 
(388,'Distribution Details Import', 'DISTRIBUTION_DETAILS_IMPORT', 'Distribution Details Import', 'SCM', 386, 'DOS_DISTRIBUTION_DETAILS_INT','FBDI', NULL, 2, 'DOS_DISTRIBUTION_DETAILS_INT','',  'DosDistributionDetailsInt', 'DosSupplyOrderImportTemplate', NULL, 30000, 'DOS_DISTRIBUTION_DETAILS', current_date, 'riteadmin', current_date, 'riteadmin', NULL, NULL, NULL, NULL,NULL, NULL, NULL, NULL, NULL, NULL, NULL, NULL, NULL, NULL, NULL,'DATA_MIGRATION', 'DISTRIBUTION_DETAILS_IMPORT', 'CR_DISTRIBUTION_DETAILS_IMPORT_C', 'CR_DISTRIBUTION_DETAILS_IMPORT_CLD');

-- INTERFACED_PICK_TRANSACTION_IMPORT
INSERT INTO cr_objects (object_id, object_name, object_code, user_object_name, module_code, parent_object_id, fbdi_sheet, loader_endpoint, re_con_query, sequence_in_parent, interface_table_name, rejection_table_name, ctl_file_name, xlsm_file_name, immediate_parent, batch_size, base_tables, creation_date, created_by, last_update_date, last_update_by, attribute1, attribute2, attribute3, attribute4, attribute5, attribute6, attribute7, attribute8, attribute9, attribute10, attribute11, attribute12, attribute13, attribute14, attribute15, conversion_type,cld_template_code,cld_metadata_table_name,cld_template_name) VALUES 
(389,'Interfaced Pick Transaction Import', 'INTERFACED_PICK_TRANSACTION_IMPORT', 'Interfaced Pick Transaction Import', 'SCM', Null, '','FBDI', NULL, Null, '','',  '', '', NULL, 30000, NULL, current_date, 'riteadmin', current_date, 'riteadmin', NULL, NULL, NULL, NULL,NULL, NULL, NULL, NULL, NULL, NULL, NULL, NULL, NULL, NULL, NULL,'DATA_MIGRATION', NULL, NULL, NULL);
INSERT INTO cr_objects (object_id, object_name, object_code, user_object_name, module_code, parent_object_id, fbdi_sheet, loader_endpoint, re_con_query, sequence_in_parent, interface_table_name, rejection_table_name, ctl_file_name, xlsm_file_name, immediate_parent, batch_size, base_tables, creation_date, created_by, last_update_date, last_update_by, attribute1, attribute2, attribute3, attribute4, attribute5, attribute6, attribute7, attribute8, attribute9, attribute10, attribute11, attribute12, attribute13, attribute14, attribute15, conversion_type,cld_template_code,cld_metadata_table_name,cld_template_name) VALUES 
(390,'Interfaced Pick Txns Import', 'INTERFACED_PICK_TXNS_IMPORT', 'Interfaced Pick Txns Import', 'SCM', 389, 'INV_PERFORM_PICK_TXNS_INT','FBDI', NULL, 1, 'INV_PERFORM_PICK_TXNS_INT','',  'InvPickConfirmInterface', 'InterfacedPickTransactionsImportTemplate', NULL, 30000, NULL, current_date, 'riteadmin', current_date, 'riteadmin', NULL, NULL, NULL, NULL,NULL, NULL, NULL, NULL, NULL, NULL, NULL, NULL, NULL, NULL, NULL,'DATA_MIGRATION', 'INTERFACED_PICK_TXNS_IMPORT', 'CR_INTERFACED_PICK_TXNS_IMPORT_C', 'CR_INTERFACED_PICK_TXNS_IMPORT_CLD');
INSERT INTO cr_objects (object_id, object_name, object_code, user_object_name, module_code, parent_object_id, fbdi_sheet, loader_endpoint, re_con_query, sequence_in_parent, interface_table_name, rejection_table_name, ctl_file_name, xlsm_file_name, immediate_parent, batch_size, base_tables, creation_date, created_by, last_update_date, last_update_by, attribute1, attribute2, attribute3, attribute4, attribute5, attribute6, attribute7, attribute8, attribute9, attribute10, attribute11, attribute12, attribute13, attribute14, attribute15, conversion_type,cld_template_code,cld_metadata_table_name,cld_template_name) VALUES 
(391,'Interfaced Pick Txns Lots Import', 'INTERFACED_PICK_TXNS_LOTS_IMPORT', 'Interfaced Pick Txns Lots Import', 'SCM', 389, 'INV_TRANSACTION_LOTS_INTERFACE','FBDI', NULL, 2, 'INV_TRANSACTION_LOTS_INTERFACE','',  'InvPickConfirmLotInterface', 'InterfacedPickTransactionsImportTemplate', NULL, 30000, NULL, current_date, 'riteadmin', current_date, 'riteadmin', NULL, NULL, NULL, NULL,NULL, NULL, NULL, NULL, NULL, NULL, NULL, NULL, NULL, NULL, NULL,'DATA_MIGRATION', 'INTERFACED_PICK_TXNS_LOTS_IMP', 'CR_INTERFACED_PICK_TXNS_LOTS_IMP_C', 'CR_INTERFACED_PICK_TXNS_LOTS_IMP_CLD');
INSERT INTO cr_objects (object_id, object_name, object_code, user_object_name, module_code, parent_object_id, fbdi_sheet, loader_endpoint, re_con_query, sequence_in_parent, interface_table_name, rejection_table_name, ctl_file_name, xlsm_file_name, immediate_parent, batch_size, base_tables, creation_date, created_by, last_update_date, last_update_by, attribute1, attribute2, attribute3, attribute4, attribute5, attribute6, attribute7, attribute8, attribute9, attribute10, attribute11, attribute12, attribute13, attribute14, attribute15, conversion_type,cld_template_code,cld_metadata_table_name,cld_template_name) VALUES 
(392,'Interfaced Pick Txns Serials Import', 'INTERFACED_PICK_TXNS_SERIALS_IMPORT', 'Interfaced Pick Txns Serials Import', 'SCM', 389, 'INV_SERIAL_NUMBERS_INTERFACE','FBDI', NULL, 3, 'INV_SERIAL_NUMBERS_INTERFACE','',  'InvPickConfirmSerialInterface', 'InterfacedPickTransactionsImportTemplate', NULL, 30000, NULL, current_date, 'riteadmin', current_date, 'riteadmin', NULL, NULL, NULL, NULL,NULL, NULL, NULL, NULL, NULL, NULL, NULL, NULL, NULL, NULL, NULL,'DATA_MIGRATION', 'INTD_PICK_TXNS_SERIALS_IMP', 'CR_INTD_PICK_TXNS_SERIALS_IMP_C', 'CR_INTD_PICK_TXNS_SERIALS_IMP_CLD');

-- INVENTORY_BALANCE_MESSAGE_IMPORT
INSERT INTO cr_objects (object_id, object_name, object_code, user_object_name, module_code, parent_object_id, fbdi_sheet, loader_endpoint, re_con_query, sequence_in_parent, interface_table_name, rejection_table_name, ctl_file_name, xlsm_file_name, immediate_parent, batch_size, base_tables, creation_date, created_by, last_update_date, last_update_by, attribute1, attribute2, attribute3, attribute4, attribute5, attribute6, attribute7, attribute8, attribute9, attribute10, attribute11, attribute12, attribute13, attribute14, attribute15, conversion_type,cld_template_code,cld_metadata_table_name,cld_template_name) VALUES 
(393,'Inventory Balance Message Import', 'INVENTORY_BALANCE_MESSAGE_IMPORT', 'Inventory Balance Message Import', 'SCM', Null, '','FBDI', NULL, Null, '','',  '', '', NULL, 30000, NULL, current_date, 'riteadmin', current_date, 'riteadmin', NULL, NULL, NULL, NULL,NULL, NULL, NULL, NULL, NULL, NULL, NULL, NULL, NULL, NULL, NULL,'DATA_MIGRATION', NULL, NULL, NULL);
INSERT INTO cr_objects (object_id, object_name, object_code, user_object_name, module_code, parent_object_id, fbdi_sheet, loader_endpoint, re_con_query, sequence_in_parent, interface_table_name, rejection_table_name, ctl_file_name, xlsm_file_name, immediate_parent, batch_size, base_tables, creation_date, created_by, last_update_date, last_update_by, attribute1, attribute2, attribute3, attribute4, attribute5, attribute6, attribute7, attribute8, attribute9, attribute10, attribute11, attribute12, attribute13, attribute14, attribute15, conversion_type,cld_template_code,cld_metadata_table_name,cld_template_name) VALUES 
(394,'Inventory Balance Txns Import', 'INVENTORY_BALANCE_TXNS_IMPORT', 'Inventory Balance Txns Import', 'SCM', 393, 'INV_BALANCE_TXNS_INT','FBDI', NULL, 1, 'INV_BALANCE_TXNS_INT','',  'InvOnHandBalInterface', 'InventoryBalanceImportTemplate', NULL, 30000, NULL, current_date, 'riteadmin', current_date, 'riteadmin', NULL, NULL, NULL, NULL,NULL, NULL, NULL, NULL, NULL, NULL, NULL, NULL, NULL, NULL, NULL,'DATA_MIGRATION', 'INVENTORY_BALANCE_TXNS_IMPORT', 'CR_INVENTORY_BALANCE_TXNS_IMPORT_C', 'CR_INVENTORY_BALANCE_TXNS_IMPORT_CLD');
INSERT INTO cr_objects (object_id, object_name, object_code, user_object_name, module_code, parent_object_id, fbdi_sheet, loader_endpoint, re_con_query, sequence_in_parent, interface_table_name, rejection_table_name, ctl_file_name, xlsm_file_name, immediate_parent, batch_size, base_tables, creation_date, created_by, last_update_date, last_update_by, attribute1, attribute2, attribute3, attribute4, attribute5, attribute6, attribute7, attribute8, attribute9, attribute10, attribute11, attribute12, attribute13, attribute14, attribute15, conversion_type,cld_template_code,cld_metadata_table_name,cld_template_name) VALUES 
(395,'Inventory Balance Lots Import', 'INVENTORY_BALANCE_LOTS_IMPORT', 'Inventory Balance Lots Import', 'SCM', 393, 'INV_BALANCE_TXNS_LOT_INT','FBDI', NULL, 2, 'INV_BALANCE_TXNS_LOT_INT','',  'InvOnHandBalLotInterface', 'InventoryBalanceImportTemplate', NULL, 30000, NULL, current_date, 'riteadmin', current_date, 'riteadmin', NULL, NULL, NULL, NULL,NULL, NULL, NULL, NULL, NULL, NULL, NULL, NULL, NULL, NULL, NULL,'DATA_MIGRATION', 'INVENTORY_BALANCE_LOTS_IMPORT', 'CR_INVENTORY_BALANCE_LOTS_IMPORT_C', 'CR_INVENTORY_BALANCE_LOTS_IMPORT_CLD');
INSERT INTO cr_objects (object_id, object_name, object_code, user_object_name, module_code, parent_object_id, fbdi_sheet, loader_endpoint, re_con_query, sequence_in_parent, interface_table_name, rejection_table_name, ctl_file_name, xlsm_file_name, immediate_parent, batch_size, base_tables, creation_date, created_by, last_update_date, last_update_by, attribute1, attribute2, attribute3, attribute4, attribute5, attribute6, attribute7, attribute8, attribute9, attribute10, attribute11, attribute12, attribute13, attribute14, attribute15, conversion_type,cld_template_code,cld_metadata_table_name,cld_template_name) VALUES 
(396,'Inventory Balance Serials Import', 'INVENTORY_BALANCE_SERIALS_IMPORT', 'Inventory Balance Serials Import', 'SCM', 393, 'INV_BALANCE_TXNS_SERIAL_INT','FBDI', NULL, 3, 'INV_BALANCE_TXNS_SERIAL_INT','',  'InvOnHandBalSerialInterface', 'InventoryBalanceImportTemplate', NULL, 30000, NULL, current_date, 'riteadmin', current_date, 'riteadmin', NULL, NULL, NULL, NULL,NULL, NULL, NULL, NULL, NULL, NULL, NULL, NULL, NULL, NULL, NULL,'DATA_MIGRATION', 'INVENTORY_BALANCE_SERIALS_IMP', 'CR_INVENTORY_BALANCE_SERIALS_IMP_C', 'CR_INVENTORY_BALANCE_SERIALS_IMP_CLD');

-- INVENTORY_RESERVATION_IMPORT
INSERT INTO cr_objects (object_id, object_name, object_code, user_object_name, module_code, parent_object_id, fbdi_sheet, loader_endpoint, re_con_query, sequence_in_parent, interface_table_name, rejection_table_name, ctl_file_name, xlsm_file_name, immediate_parent, batch_size, base_tables, creation_date, created_by, last_update_date, last_update_by, attribute1, attribute2, attribute3, attribute4, attribute5, attribute6, attribute7, attribute8, attribute9, attribute10, attribute11, attribute12, attribute13, attribute14, attribute15, conversion_type,cld_template_code,cld_metadata_table_name,cld_template_name) VALUES 
(397,'Inventory Reservation Import', 'INVENTORY_RESERVATION_IMPORT', 'Inventory Reservation Import', 'SCM', Null, '','FBDI', NULL, Null, '','',  '', '', NULL, 30000, NULL, current_date, 'riteadmin', current_date, 'riteadmin', NULL, NULL, NULL, NULL,NULL, NULL, NULL, NULL, NULL, NULL, NULL, NULL, NULL, NULL, NULL,'DATA_MIGRATION', NULL, NULL, NULL);
INSERT INTO cr_objects (object_id, object_name, object_code, user_object_name, module_code, parent_object_id, fbdi_sheet, loader_endpoint, re_con_query, sequence_in_parent, interface_table_name, rejection_table_name, ctl_file_name, xlsm_file_name, immediate_parent, batch_size, base_tables, creation_date, created_by, last_update_date, last_update_by, attribute1, attribute2, attribute3, attribute4, attribute5, attribute6, attribute7, attribute8, attribute9, attribute10, attribute11, attribute12, attribute13, attribute14, attribute15, conversion_type,cld_template_code,cld_metadata_table_name,cld_template_name) VALUES 
(398,'Inventory Reservations Import', 'INVENTORY_RESERVATIONS_IMPORT', 'Inventory Reservations Import', 'SCM', 397, 'INV_RESERVATIONS_INTERFACE','FBDI', NULL, 1, 'INV_RESERVATIONS_INTERFACE','',  'InvReservationsInterface', 'InventoryReservationImportTemplate', NULL, 30000, 'INV_RESERVATIONS', current_date, 'riteadmin', current_date, 'riteadmin', NULL, NULL, NULL, NULL,NULL, NULL, NULL, NULL, NULL, NULL, NULL, NULL, NULL, NULL, NULL,'DATA_MIGRATION', 'INVENTORY_RESERVATIONS_IMPORT', 'CR_INVENTORY_RESERVATIONS_IMPORT_C', 'CR_INVENTORY_RESERVATIONS_IMPORT_CLD');

-- PERFORM_SHIPPING_TRANSACTION_IMPORT
INSERT INTO cr_objects (object_id, object_name, object_code, user_object_name, module_code, parent_object_id, fbdi_sheet, loader_endpoint, re_con_query, sequence_in_parent, interface_table_name, rejection_table_name, ctl_file_name, xlsm_file_name, immediate_parent, batch_size, base_tables, creation_date, created_by, last_update_date, last_update_by, attribute1, attribute2, attribute3, attribute4, attribute5, attribute6, attribute7, attribute8, attribute9, attribute10, attribute11, attribute12, attribute13, attribute14, attribute15, conversion_type,cld_template_code,cld_metadata_table_name,cld_template_name) VALUES 
(399,'Perform Shipping Transaction Import', 'PERFORM_SHIPPING_TRANSACTION_IMPORT', 'Perform Shipping Transaction Import', 'SCM', Null, '','FBDI', NULL, Null, '','',  '', '', NULL, 30000, NULL, current_date, 'riteadmin', current_date, 'riteadmin', NULL, NULL, NULL, NULL,NULL, NULL, NULL, NULL, NULL, NULL, NULL, NULL, NULL, NULL, NULL,'DATA_MIGRATION', NULL, NULL, NULL);
INSERT INTO cr_objects (object_id, object_name, object_code, user_object_name, module_code, parent_object_id, fbdi_sheet, loader_endpoint, re_con_query, sequence_in_parent, interface_table_name, rejection_table_name, ctl_file_name, xlsm_file_name, immediate_parent, batch_size, base_tables, creation_date, created_by, last_update_date, last_update_by, attribute1, attribute2, attribute3, attribute4, attribute5, attribute6, attribute7, attribute8, attribute9, attribute10, attribute11, attribute12, attribute13, attribute14, attribute15, conversion_type,cld_template_code,cld_metadata_table_name,cld_template_name) VALUES 
(400,'Shipping New Delivery Import', 'SHIPPING_NEW_DELIVERY_IMPORT', 'Shipping New Delivery Import', 'SCM', 399, 'WSH_NEW_DEL_INTERFACE','FBDI', NULL, 1, 'WSH_NEW_DEL_INTERFACE','',  'WshNewDelInterface', 'PerformShippingTransactionImportTemplate', NULL, 30000, NULL, current_date, 'riteadmin', current_date, 'riteadmin', NULL, NULL, NULL, NULL,NULL, NULL, NULL, NULL, NULL, NULL, NULL, NULL, NULL, NULL, NULL,'DATA_MIGRATION', 'SHIPPING_NEW_DELIVERY_IMPORT', 'CR_SHIPPING_NEW_DELIVERY_IMPORT_C', 'CR_SHIPPING_NEW_DELIVERY_IMPORT_CLD');
INSERT INTO cr_objects (object_id, object_name, object_code, user_object_name, module_code, parent_object_id, fbdi_sheet, loader_endpoint, re_con_query, sequence_in_parent, interface_table_name, rejection_table_name, ctl_file_name, xlsm_file_name, immediate_parent, batch_size, base_tables, creation_date, created_by, last_update_date, last_update_by, attribute1, attribute2, attribute3, attribute4, attribute5, attribute6, attribute7, attribute8, attribute9, attribute10, attribute11, attribute12, attribute13, attribute14, attribute15, conversion_type,cld_template_code,cld_metadata_table_name,cld_template_name) VALUES 
(401,'Inventory LPN Import', 'INVENTORY_LPN_IMPORT', 'Inventory LPN Import', 'SCM', 399, 'INV_LPN_INTERFACE','FBDI', NULL, 2, 'INV_LPN_INTERFACE','',  'InvLpnInterface', 'PerformShippingTransactionImportTemplate', NULL, 30000, NULL, current_date, 'riteadmin', current_date, 'riteadmin', NULL, NULL, NULL, NULL,NULL, NULL, NULL, NULL, NULL, NULL, NULL, NULL, NULL, NULL, NULL,'DATA_MIGRATION', 'INVENTORY_LPN_IMPORT', 'CR_INVENTORY_LPN_IMPORT_C', 'CR_INVENTORY_LPN_IMPORT_CLD');
INSERT INTO cr_objects (object_id, object_name, object_code, user_object_name, module_code, parent_object_id, fbdi_sheet, loader_endpoint, re_con_query, sequence_in_parent, interface_table_name, rejection_table_name, ctl_file_name, xlsm_file_name, immediate_parent, batch_size, base_tables, creation_date, created_by, last_update_date, last_update_by, attribute1, attribute2, attribute3, attribute4, attribute5, attribute6, attribute7, attribute8, attribute9, attribute10, attribute11, attribute12, attribute13, attribute14, attribute15, conversion_type,cld_template_code,cld_metadata_table_name,cld_template_name) VALUES 
(402,'Shipping Shipment Line Import', 'SHIPPING_SHIPMENT_LINE_IMPORT', 'Shipping Shipment Line Import', 'SCM', 399, 'WSH_DEL_DETAILS_INTERFACE','FBDI', NULL, 3, 'WSH_DEL_DETAILS_INTERFACE','',  'WshShipmentLineInterface', 'PerformShippingTransactionImportTemplate', NULL, 30000, NULL, current_date, 'riteadmin', current_date, 'riteadmin', NULL, NULL, NULL, NULL,NULL, NULL, NULL, NULL, NULL, NULL, NULL, NULL, NULL, NULL, NULL,'DATA_MIGRATION', 'SHIPPING_SHIPMENT_LINE_IMPORT', 'CR_SHIPPING_SHIPMENT_LINE_IMPORT_C', 'CR_SHIPPING_SHIPMENT_LINE_IMPORT_CLD');
INSERT INTO cr_objects (object_id, object_name, object_code, user_object_name, module_code, parent_object_id, fbdi_sheet, loader_endpoint, re_con_query, sequence_in_parent, interface_table_name, rejection_table_name, ctl_file_name, xlsm_file_name, immediate_parent, batch_size, base_tables, creation_date, created_by, last_update_date, last_update_by, attribute1, attribute2, attribute3, attribute4, attribute5, attribute6, attribute7, attribute8, attribute9, attribute10, attribute11, attribute12, attribute13, attribute14, attribute15, conversion_type,cld_template_code,cld_metadata_table_name,cld_template_name) VALUES 
(403,'Inventory Transaction Lots Import', 'INVENTORY_TRANSACTION_LOTS_IMPORT', 'Inventory Transaction Lots Import', 'SCM', 399, 'INV_TRANSACTION_LOTS_INTERFACE','FBDI', NULL, 4, 'INV_TRANSACTION_LOTS_INTERFACE','',  'InvTransactionLotsInterface', 'PerformShippingTransactionImportTemplate', NULL, 30000, NULL, current_date, 'riteadmin', current_date, 'riteadmin', NULL, NULL, NULL, NULL,NULL, NULL, NULL, NULL, NULL, NULL, NULL, NULL, NULL, NULL, NULL,'DATA_MIGRATION', 'INVENTORY_TRANSACTION_LOTS_IMP', 'CR_INVENTORY_TRANSACTION_LOTS_IMP_C', 'CR_INVENTORY_TRANSACTION_LOTS_IMP_CLD');
INSERT INTO cr_objects (object_id, object_name, object_code, user_object_name, module_code, parent_object_id, fbdi_sheet, loader_endpoint, re_con_query, sequence_in_parent, interface_table_name, rejection_table_name, ctl_file_name, xlsm_file_name, immediate_parent, batch_size, base_tables, creation_date, created_by, last_update_date, last_update_by, attribute1, attribute2, attribute3, attribute4, attribute5, attribute6, attribute7, attribute8, attribute9, attribute10, attribute11, attribute12, attribute13, attribute14, attribute15, conversion_type,cld_template_code,cld_metadata_table_name,cld_template_name) VALUES 
(404,'Inventory Serial Numbers Import', 'INVENTORY_SERIAL_NUMBERS_IMPORT', 'Inventory Serial Numbers Import', 'SCM', 399, 'INV_SERIAL_NUMBERS_INTERFACE','FBDI', NULL, 5, 'INV_SERIAL_NUMBERS_INTERFACE','',  'InvSerialNumbersInterface', 'PerformShippingTransactionImportTemplate', NULL, 30000, NULL, current_date, 'riteadmin', current_date, 'riteadmin', NULL, NULL, NULL, NULL,NULL, NULL, NULL, NULL, NULL, NULL, NULL, NULL, NULL, NULL, NULL,'DATA_MIGRATION', 'INVENTORY_SERIAL_NUMBERS_IMP', 'CR_INVENTORY_SERIAL_NUMBERS_IMP_C', 'CR_INVENTORY_SERIAL_NUMBERS_IMP_CLD');
INSERT INTO cr_objects (object_id, object_name, object_code, user_object_name, module_code, parent_object_id, fbdi_sheet, loader_endpoint, re_con_query, sequence_in_parent, interface_table_name, rejection_table_name, ctl_file_name, xlsm_file_name, immediate_parent, batch_size, base_tables, creation_date, created_by, last_update_date, last_update_by, attribute1, attribute2, attribute3, attribute4, attribute5, attribute6, attribute7, attribute8, attribute9, attribute10, attribute11, attribute12, attribute13, attribute14, attribute15, conversion_type,cld_template_code,cld_metadata_table_name,cld_template_name) VALUES 
(405,'Shipping Freight Costs Import', 'SHIPPING_FREIGHT_COSTS_IMPORT', 'Shipping Freight Costs Import', 'SCM', 399, 'WSH_FREIGHT_COSTS_INTERFACE','FBDI', NULL, 6, 'WSH_FREIGHT_COSTS_INTERFACE','',  'WshFreightCostsInterface', 'PerformShippingTransactionImportTemplate', NULL, 30000, NULL, current_date, 'riteadmin', current_date, 'riteadmin', NULL, NULL, NULL, NULL,NULL, NULL, NULL, NULL, NULL, NULL, NULL, NULL, NULL, NULL, NULL,'DATA_MIGRATION', 'SHIPPING_FREIGHT_COSTS_IMPORT', 'CR_SHIPPING_FREIGHT_COSTS_IMPORT_C', 'CR_SHIPPING_FREIGHT_COSTS_IMPORT_CLD');


-- RECALL_NOTICES
INSERT INTO cr_objects (object_id, object_name, object_code, user_object_name, module_code, parent_object_id, fbdi_sheet, loader_endpoint, re_con_query, sequence_in_parent, interface_table_name, rejection_table_name, ctl_file_name, xlsm_file_name, immediate_parent, batch_size, base_tables, creation_date, created_by, last_update_date, last_update_by, attribute1, attribute2, attribute3, attribute4, attribute5, attribute6, attribute7, attribute8, attribute9, attribute10, attribute11, attribute12, attribute13, attribute14, attribute15, conversion_type,cld_template_code,cld_metadata_table_name,cld_template_name) VALUES 
(406,'Recall Notices', 'RECALL_NOTICES', 'Recall Notices', 'SCM', Null, '','FBDI', NULL, Null, '','',  '', '', NULL, 30000, NULL, current_date, 'riteadmin', current_date, 'riteadmin', NULL, NULL, NULL, NULL,NULL, NULL, NULL, NULL, NULL, NULL, NULL, NULL, NULL, NULL, NULL,'DATA_MIGRATION', NULL, NULL, NULL);
INSERT INTO cr_objects (object_id, object_name, object_code, user_object_name, module_code, parent_object_id, fbdi_sheet, loader_endpoint, re_con_query, sequence_in_parent, interface_table_name, rejection_table_name, ctl_file_name, xlsm_file_name, immediate_parent, batch_size, base_tables, creation_date, created_by, last_update_date, last_update_by, attribute1, attribute2, attribute3, attribute4, attribute5, attribute6, attribute7, attribute8, attribute9, attribute10, attribute11, attribute12, attribute13, attribute14, attribute15, conversion_type,cld_template_code,cld_metadata_table_name,cld_template_name) VALUES 
(407,'Supply Chain Healthcare Recall Management Header', 'SUPPLY_CHAIN_HEALTHCARE_RECALL_MANAGEMENT_HEADER', 'Supply Chain Healthcare Recall Management Header', 'SCM', 406, 'SCH_REC_HEADERS_INT','FBDI', NULL, 1, 'SCH_REC_HEADERS_INT','',  'SchRecHeaders', 'SchRecallNoticesImportTemplate', NULL, 30000, 'SCH_REC_HEADERS', current_date, 'riteadmin', current_date, 'riteadmin', NULL, NULL, NULL, NULL,NULL, NULL, NULL, NULL, NULL, NULL, NULL, NULL, NULL, NULL, NULL,'DATA_MIGRATION', 'SUPP_CHAIN_HC_RECALL_MGMT_HDR', 'CR_SUPP_CHAIN_HC_RECALL_MGMT_HDR_C', 'CR_SUPP_CHAIN_HC_RECALL_MGMT_HDR_CLD');
INSERT INTO cr_objects (object_id, object_name, object_code, user_object_name, module_code, parent_object_id, fbdi_sheet, loader_endpoint, re_con_query, sequence_in_parent, interface_table_name, rejection_table_name, ctl_file_name, xlsm_file_name, immediate_parent, batch_size, base_tables, creation_date, created_by, last_update_date, last_update_by, attribute1, attribute2, attribute3, attribute4, attribute5, attribute6, attribute7, attribute8, attribute9, attribute10, attribute11, attribute12, attribute13, attribute14, attribute15, conversion_type,cld_template_code,cld_metadata_table_name,cld_template_name) VALUES 
(408,'Supply Chain Healthcare Recall Management Lines', 'SUPPLY_CHAIN_HEALTHCARE_RECALL_MANAGEMENT_LINES', 'Supply Chain Healthcare Recall Management Lines', 'SCM', 406, 'SCH_REC_LINES_INT','FBDI', NULL, 2, 'SCH_REC_LINES_INT','',  'SchRecLines', 'SchRecallNoticesImportTemplate', NULL, 30000, 'SCH_REC_LINES', current_date, 'riteadmin', current_date, 'riteadmin', NULL, NULL, NULL, NULL,NULL, NULL, NULL, NULL, NULL, NULL, NULL, NULL, NULL, NULL, NULL,'DATA_MIGRATION', 'SUPP_CHAIN_HC_RECALL_MGMT_LINE', 'CR_SUPP_CHAIN_HC_RECALL_MGMT_LINE_C', 'CR_SUPP_CHAIN_HC_RECALL_MGMT_LINE_CLD');
INSERT INTO cr_objects (object_id, object_name, object_code, user_object_name, module_code, parent_object_id, fbdi_sheet, loader_endpoint, re_con_query, sequence_in_parent, interface_table_name, rejection_table_name, ctl_file_name, xlsm_file_name, immediate_parent, batch_size, base_tables, creation_date, created_by, last_update_date, last_update_by, attribute1, attribute2, attribute3, attribute4, attribute5, attribute6, attribute7, attribute8, attribute9, attribute10, attribute11, attribute12, attribute13, attribute14, attribute15, conversion_type,cld_template_code,cld_metadata_table_name,cld_template_name) VALUES 
(409,'Supply Chain Healthcare Recall Management Lots', 'SUPPLY_CHAIN_HEALTHCARE_RECALL_MANAGEMENT_LOTS', 'Supply Chain Healthcare Recall Management Lots', 'SCM', 406, 'SCH_REC_LOTS_INT','FBDI', NULL, 3, 'SCH_REC_LOTS_INT','',  'SchRecLots', 'SchRecallNoticesImportTemplate', NULL, 30000, 'SCH_REC_LOT_NUMBERS', current_date, 'riteadmin', current_date, 'riteadmin', NULL, NULL, NULL, NULL,NULL, NULL, NULL, NULL, NULL, NULL, NULL, NULL, NULL, NULL, NULL,'DATA_MIGRATION', 'SUPP_CHAIN_HC_RECALL_MGMT_LOTS', 'CR_SUPP_CHAIN_HC_RECALL_MGMT_LOTS_C', 'CR_SUPP_CHAIN_HC_RECALL_MGMT_LOTS_CLD');
INSERT INTO cr_objects (object_id, object_name, object_code, user_object_name, module_code, parent_object_id, fbdi_sheet, loader_endpoint, re_con_query, sequence_in_parent, interface_table_name, rejection_table_name, ctl_file_name, xlsm_file_name, immediate_parent, batch_size, base_tables, creation_date, created_by, last_update_date, last_update_by, attribute1, attribute2, attribute3, attribute4, attribute5, attribute6, attribute7, attribute8, attribute9, attribute10, attribute11, attribute12, attribute13, attribute14, attribute15, conversion_type,cld_template_code,cld_metadata_table_name,cld_template_name) VALUES 
(410,'Supply Chain Healthcare Recall Management Serials', 'SUPPLY_CHAIN_HEALTHCARE_RECALL_MANAGEMENT_SERIALS', 'Supply Chain Healthcare Recall Management Serials', 'SCM', 406, 'SCH_REC_SERIALS_INT','FBDI', NULL, 4, 'SCH_REC_SERIALS_INT','',  'SchRecSerials', 'SchRecallNoticesImportTemplate', NULL, 30000, 'SCH_REC_SERIAL_NUMBERS', current_date, 'riteadmin', current_date, 'riteadmin', NULL, NULL, NULL, NULL,NULL, NULL, NULL, NULL, NULL, NULL, NULL, NULL, NULL, NULL, NULL,'DATA_MIGRATION', 'SCH_RECALL_MGMT_SER', 'CR_SCH_RECALL_MGMT_SER_C', 'CR_SCH_RECALL_MGMT_SER_CLD');
INSERT INTO cr_objects (object_id, object_name, object_code, user_object_name, module_code, parent_object_id, fbdi_sheet, loader_endpoint, re_con_query, sequence_in_parent, interface_table_name, rejection_table_name, ctl_file_name, xlsm_file_name, immediate_parent, batch_size, base_tables, creation_date, created_by, last_update_date, last_update_by, attribute1, attribute2, attribute3, attribute4, attribute5, attribute6, attribute7, attribute8, attribute9, attribute10, attribute11, attribute12, attribute13, attribute14, attribute15, conversion_type,cld_template_code,cld_metadata_table_name,cld_template_name) VALUES 
(411,'Supply Chain Healthcare Recall Management', 'SUPPLY_CHAIN_HEALTHCARE_RECALL_MANAGEMENT', 'Supply Chain Healthcare Recall Management', 'SCM', 406, 'SCH_REC_CONTACTS_INT','FBDI', NULL, 5, 'SCH_REC_CONTACTS_INT','',  'SchRecContacts', 'SchRecallNoticesImportTemplate', NULL, 30000, 'SCH_REC_CONTACTS', current_date, 'riteadmin', current_date, 'riteadmin', NULL, NULL, NULL, NULL,NULL, NULL, NULL, NULL, NULL, NULL, NULL, NULL, NULL, NULL, NULL,'DATA_MIGRATION', 'SUPP_CHAIN_HC_RECALL_MGMT', 'CR_SUPP_CHAIN_HC_RECALL_MGMT_C', 'CR_SUPP_CHAIN_HC_RECALL_MGMT_CLD');
INSERT INTO cr_objects (object_id, object_name, object_code, user_object_name, module_code, parent_object_id, fbdi_sheet, loader_endpoint, re_con_query, sequence_in_parent, interface_table_name, rejection_table_name, ctl_file_name, xlsm_file_name, immediate_parent, batch_size, base_tables, creation_date, created_by, last_update_date, last_update_by, attribute1, attribute2, attribute3, attribute4, attribute5, attribute6, attribute7, attribute8, attribute9, attribute10, attribute11, attribute12, attribute13, attribute14, attribute15, conversion_type,cld_template_code,cld_metadata_table_name,cld_template_name) VALUES 
(412,'Supply Chain Healthcare Recall Management Business Units', 'SUPPLY_CHAIN_HEALTHCARE_RECALL_MANAGEMENT_BUSINESS_UNITS', 'Supply Chain Healthcare Recall Management Business Units', 'SCM', 406, 'SCH_REC_BU_INT','FBDI', NULL, 6, 'SCH_REC_BU_INT','',  'SchRecBu', 'SchRecallNoticesImportTemplate', NULL, 30000, 'SCH_REC_BU_ASSIGNMENTS', current_date, 'riteadmin', current_date, 'riteadmin', NULL, NULL, NULL, NULL,NULL, NULL, NULL, NULL, NULL, NULL, NULL, NULL, NULL, NULL, NULL,'DATA_MIGRATION', 'SCH_RECALL_MGMT_BIZ_UNT', 'CR_SCH_RECALL_MGMT_BIZ_UNT_C', 'CR_SCH_RECALL_MGMT_BIZ_UNT_CLD');

-- RECEIVING_RECEIPT
INSERT INTO cr_objects (object_id, object_name, object_code, user_object_name, module_code, parent_object_id, fbdi_sheet, loader_endpoint, re_con_query, sequence_in_parent, interface_table_name, rejection_table_name, ctl_file_name, xlsm_file_name, immediate_parent, batch_size, base_tables, creation_date, created_by, last_update_date, last_update_by, attribute1, attribute2, attribute3, attribute4, attribute5, attribute6, attribute7, attribute8, attribute9, attribute10, attribute11, attribute12, attribute13, attribute14, attribute15, conversion_type,cld_template_code,cld_metadata_table_name,cld_template_name) VALUES 
(413,'Receiving Receipt', 'RECEIVING_RECEIPT', 'Receiving Receipt', 'SCM', Null, '','FBDI', NULL, Null, '','',  '', '', NULL, 30000, NULL, current_date, 'riteadmin', current_date, 'riteadmin', NULL, NULL, NULL, NULL,NULL, NULL, NULL, NULL, NULL, NULL, NULL, NULL, NULL, NULL, NULL,'DATA_MIGRATION', NULL, NULL, NULL);
INSERT INTO cr_objects (object_id, object_name, object_code, user_object_name, module_code, parent_object_id, fbdi_sheet, loader_endpoint, re_con_query, sequence_in_parent, interface_table_name, rejection_table_name, ctl_file_name, xlsm_file_name, immediate_parent, batch_size, base_tables, creation_date, created_by, last_update_date, last_update_by, attribute1, attribute2, attribute3, attribute4, attribute5, attribute6, attribute7, attribute8, attribute9, attribute10, attribute11, attribute12, attribute13, attribute14, attribute15, conversion_type,cld_template_code,cld_metadata_table_name,cld_template_name) VALUES 
(414,'Receiving Headers', 'RECEIVING_HEADERS', 'Receiving Headers', 'SCM', 413, 'RCV_HEADERS_INTERFACE','FBDI', NULL, 1, 'RCV_HEADERS_INTERFACE','RCV_INTERFACE_ERRORS',  'RcvHeadersInterface', 'ReceivingReceiptImportTemplate', NULL, 30000, NULL, current_date, 'riteadmin', current_date, 'riteadmin', NULL, NULL, NULL, NULL,NULL, NULL, NULL, NULL, NULL, NULL, NULL, NULL, NULL, NULL, NULL,'DATA_MIGRATION', 'RECEIVING_HEADERS', 'CR_RECEIVING_HEADERS_C', 'CR_RECEIVING_HEADERS_CLD');
INSERT INTO cr_objects (object_id, object_name, object_code, user_object_name, module_code, parent_object_id, fbdi_sheet, loader_endpoint, re_con_query, sequence_in_parent, interface_table_name, rejection_table_name, ctl_file_name, xlsm_file_name, immediate_parent, batch_size, base_tables, creation_date, created_by, last_update_date, last_update_by, attribute1, attribute2, attribute3, attribute4, attribute5, attribute6, attribute7, attribute8, attribute9, attribute10, attribute11, attribute12, attribute13, attribute14, attribute15, conversion_type,cld_template_code,cld_metadata_table_name,cld_template_name) VALUES 
(415,'Receiving Transactions', 'RECEIVING_TRANSACTIONS', 'Receiving Transactions', 'SCM', 413, 'RCV_TRANSACTIONS_INTERFACE','FBDI', NULL, 2, 'RCV_TRANSACTIONS_INTERFACE','RCV_INTERFACE_ERRORS',  'RcvTransactionsInterface', 'ReceivingReceiptImportTemplate', NULL, 30000, 'RCV_TRANSACTIONS ', current_date, 'riteadmin', current_date, 'riteadmin', NULL, NULL, NULL, NULL,NULL, NULL, NULL, NULL, NULL, NULL, NULL, NULL, NULL, NULL, NULL,'DATA_MIGRATION', 'RECEIVING_TRANSACTIONS', 'CR_RECEIVING_TRANSACTIONS_C', 'CR_RECEIVING_TRANSACTIONS_CLD');
INSERT INTO cr_objects (object_id, object_name, object_code, user_object_name, module_code, parent_object_id, fbdi_sheet, loader_endpoint, re_con_query, sequence_in_parent, interface_table_name, rejection_table_name, ctl_file_name, xlsm_file_name, immediate_parent, batch_size, base_tables, creation_date, created_by, last_update_date, last_update_by, attribute1, attribute2, attribute3, attribute4, attribute5, attribute6, attribute7, attribute8, attribute9, attribute10, attribute11, attribute12, attribute13, attribute14, attribute15, conversion_type,cld_template_code,cld_metadata_table_name,cld_template_name) VALUES 
(416,'Inventory Lots', 'INVENTORY_LOTS', 'Inventory Lots', 'SCM', 413, 'INV_TRANSACTION_LOTS_INTERFACE','FBDI', NULL, 3, 'INV_TRANSACTION_LOTS_INTERFACE','',  'RcvLotsInterface', 'ReceivingReceiptImportTemplate', NULL, 30000, 'INV_LOT_NUMBERS', current_date, 'riteadmin', current_date, 'riteadmin', NULL, NULL, NULL, NULL,NULL, NULL, NULL, NULL, NULL, NULL, NULL, NULL, NULL, NULL, NULL,'DATA_MIGRATION', 'INVENTORY_LOTS', 'CR_INVENTORY_LOTS_C', 'CR_INVENTORY_LOTS_CLD');
INSERT INTO cr_objects (object_id, object_name, object_code, user_object_name, module_code, parent_object_id, fbdi_sheet, loader_endpoint, re_con_query, sequence_in_parent, interface_table_name, rejection_table_name, ctl_file_name, xlsm_file_name, immediate_parent, batch_size, base_tables, creation_date, created_by, last_update_date, last_update_by, attribute1, attribute2, attribute3, attribute4, attribute5, attribute6, attribute7, attribute8, attribute9, attribute10, attribute11, attribute12, attribute13, attribute14, attribute15, conversion_type,cld_template_code,cld_metadata_table_name,cld_template_name) VALUES 
(417,'Inventory Serial Numbers', 'INVENTORY_SERIAL_NUMBERS', 'Inventory Serial Numbers', 'SCM', 413, 'INV_SERIAL_NUMBERS_INTERFACE','FBDI', NULL, 4, 'INV_SERIAL_NUMBERS_INTERFACE','',  'RcvSerialNumbersInterface', 'ReceivingReceiptImportTemplate', NULL, 30000, 'INV_SERIAL_NUMBERS', current_date, 'riteadmin', current_date, 'riteadmin', NULL, NULL, NULL, NULL,NULL, NULL, NULL, NULL, NULL, NULL, NULL, NULL, NULL, NULL, NULL,'DATA_MIGRATION', 'INVENTORY_SERIAL_NUMBERS', 'CR_INVENTORY_SERIAL_NUMBERS_C', 'CR_INVENTORY_SERIAL_NUMBERS_CLD');
INSERT INTO cr_objects (object_id, object_name, object_code, user_object_name, module_code, parent_object_id, fbdi_sheet, loader_endpoint, re_con_query, sequence_in_parent, interface_table_name, rejection_table_name, ctl_file_name, xlsm_file_name, immediate_parent, batch_size, base_tables, creation_date, created_by, last_update_date, last_update_by, attribute1, attribute2, attribute3, attribute4, attribute5, attribute6, attribute7, attribute8, attribute9, attribute10, attribute11, attribute12, attribute13, attribute14, attribute15, conversion_type,cld_template_code,cld_metadata_table_name,cld_template_name) VALUES 
(418,'LPN Import', 'LPN_IMPORT', 'LPN Import', 'SCM', 413, 'INV_LPN_INTERFACE','FBDI', NULL, 5, 'INV_LPN_INTERFACE','',  'RcvLpnInterface', 'ReceivingReceiptImportTemplate', NULL, 30000, 'INV_LPN_CONTENTS', current_date, 'riteadmin', current_date, 'riteadmin', NULL, NULL, NULL, NULL,NULL, NULL, NULL, NULL, NULL, NULL, NULL, NULL, NULL, NULL, NULL,'DATA_MIGRATION', 'LPN_IMPORT', 'CR_LPN_IMPORT_C', 'CR_LPN_IMPORT_CLD');

-- SHIPMENT_REQUEST
INSERT INTO cr_objects (object_id, object_name, object_code, user_object_name, module_code, parent_object_id, fbdi_sheet, loader_endpoint, re_con_query, sequence_in_parent, interface_table_name, rejection_table_name, ctl_file_name, xlsm_file_name, immediate_parent, batch_size, base_tables, creation_date, created_by, last_update_date, last_update_by, attribute1, attribute2, attribute3, attribute4, attribute5, attribute6, attribute7, attribute8, attribute9, attribute10, attribute11, attribute12, attribute13, attribute14, attribute15, conversion_type,cld_template_code,cld_metadata_table_name,cld_template_name) VALUES 
(419,'Shipment Request', 'SHIPMENT_REQUEST', 'Shipment Request', 'SCM', Null, '','FBDI', NULL, Null, '','',  '', '', NULL, 30000, NULL, current_date, 'riteadmin', current_date, 'riteadmin', NULL, NULL, NULL, NULL,NULL, NULL, NULL, NULL, NULL, NULL, NULL, NULL, NULL, NULL, NULL,'DATA_MIGRATION', NULL, NULL, NULL);
INSERT INTO cr_objects (object_id, object_name, object_code, user_object_name, module_code, parent_object_id, fbdi_sheet, loader_endpoint, re_con_query, sequence_in_parent, interface_table_name, rejection_table_name, ctl_file_name, xlsm_file_name, immediate_parent, batch_size, base_tables, creation_date, created_by, last_update_date, last_update_by, attribute1, attribute2, attribute3, attribute4, attribute5, attribute6, attribute7, attribute8, attribute9, attribute10, attribute11, attribute12, attribute13, attribute14, attribute15, conversion_type,cld_template_code,cld_metadata_table_name,cld_template_name) VALUES 
(420,'Shipping Transactions History', 'SHIPPING_TRANSACTIONS_HISTORY', 'Shipping Transactions History', 'SCM', 419, 'WSH_TRANSACTIONS_HISTORY','FBDI', NULL, 1, 'WSH_TRANSACTIONS_HISTORY','WSH_INTERFACE_ERRORS',  'WshTransactionsHistory', 'ShipmentRequestImportTemplate', NULL, 30000, NULL, current_date, 'riteadmin', current_date, 'riteadmin', NULL, NULL, NULL, NULL,NULL, NULL, NULL, NULL, NULL, NULL, NULL, NULL, NULL, NULL, NULL,'DATA_MIGRATION', 'SHIPPING_TRANSACTIONS_HISTORY', 'CR_SHIPPING_TRANSACTIONS_HISTORY_C', 'CR_SHIPPING_TRANSACTIONS_HISTORY_CLD');
INSERT INTO cr_objects (object_id, object_name, object_code, user_object_name, module_code, parent_object_id, fbdi_sheet, loader_endpoint, re_con_query, sequence_in_parent, interface_table_name, rejection_table_name, ctl_file_name, xlsm_file_name, immediate_parent, batch_size, base_tables, creation_date, created_by, last_update_date, last_update_by, attribute1, attribute2, attribute3, attribute4, attribute5, attribute6, attribute7, attribute8, attribute9, attribute10, attribute11, attribute12, attribute13, attribute14, attribute15, conversion_type,cld_template_code,cld_metadata_table_name,cld_template_name) VALUES 
(421,'Shipment Lines', 'SHIPMENT_LINES', 'Shipment Lines', 'SCM', 419, 'WSH_DEL_DETAILS_INTERFACE','FBDI', NULL, 2, 'WSH_DEL_DETAILS_INTERFACE','WSH_INTERFACE_ERRORS',  'WshDelDetailsInterface', 'ShipmentRequestImportTemplate', NULL, 30000, 'WSH_DELIVERY_DETAILS', current_date, 'riteadmin', current_date, 'riteadmin', NULL, NULL, NULL, NULL,NULL, NULL, NULL, NULL, NULL, NULL, NULL, NULL, NULL, NULL, NULL,'DATA_MIGRATION', 'SHIPMENT_LINES', 'CR_SHIPMENT_LINES_C', 'CR_SHIPMENT_LINES_CLD');

-- INSTALLED_BASE_ASSETS
INSERT INTO cr_objects (object_id, object_name, object_code, user_object_name, module_code, parent_object_id, fbdi_sheet, loader_endpoint, re_con_query, sequence_in_parent, interface_table_name, rejection_table_name, ctl_file_name, xlsm_file_name, immediate_parent, batch_size, base_tables, creation_date, created_by, last_update_date, last_update_by, attribute1, attribute2, attribute3, attribute4, attribute5, attribute6, attribute7, attribute8, attribute9, attribute10, attribute11, attribute12, attribute13, attribute14, attribute15, conversion_type,cld_template_code,cld_metadata_table_name,cld_template_name) VALUES 
(422,'Installed Base Assets', 'INSTALLED_BASE_ASSETS', 'Installed Base Assets', 'SCM', Null, '','FBDI', NULL, Null, '','',  '', '', NULL, 30000, NULL, current_date, 'riteadmin', current_date, 'riteadmin', NULL, NULL, NULL, NULL,NULL, NULL, NULL, NULL, NULL, NULL, NULL, NULL, NULL, NULL, NULL,'DATA_MIGRATION', NULL, NULL, NULL);
INSERT INTO cr_objects (object_id, object_name, object_code, user_object_name, module_code, parent_object_id, fbdi_sheet, loader_endpoint, re_con_query, sequence_in_parent, interface_table_name, rejection_table_name, ctl_file_name, xlsm_file_name, immediate_parent, batch_size, base_tables, creation_date, created_by, last_update_date, last_update_by, attribute1, attribute2, attribute3, attribute4, attribute5, attribute6, attribute7, attribute8, attribute9, attribute10, attribute11, attribute12, attribute13, attribute14, attribute15, conversion_type,cld_template_code,cld_metadata_table_name,cld_template_name) VALUES 
(423,'Installed Base Asset Batch', 'INSTALLED_BASE_ASSET_BATCH', 'Installed Base Asset Batch', 'SCM', 422, 'CSE_INT_BATCHES_B','FBDI', NULL, 1, 'CSE_INT_BATCHES_B','CSE_INT_ERRORS',  'CseAssetBatches', 'CseInstalledBaseAssetImport', NULL, 30000, NULL, current_date, 'riteadmin', current_date, 'riteadmin', NULL, NULL, NULL, NULL,NULL, NULL, NULL, NULL, NULL, NULL, NULL, NULL, NULL, NULL, NULL,'DATA_MIGRATION', 'INSTALLED_BASE_ASSET_BATCH', 'CR_INSTALLED_BASE_ASSET_BATCH_C', 'CR_INSTALLED_BASE_ASSET_BATCH_CLD');
INSERT INTO cr_objects (object_id, object_name, object_code, user_object_name, module_code, parent_object_id, fbdi_sheet, loader_endpoint, re_con_query, sequence_in_parent, interface_table_name, rejection_table_name, ctl_file_name, xlsm_file_name, immediate_parent, batch_size, base_tables, creation_date, created_by, last_update_date, last_update_by, attribute1, attribute2, attribute3, attribute4, attribute5, attribute6, attribute7, attribute8, attribute9, attribute10, attribute11, attribute12, attribute13, attribute14, attribute15, conversion_type,cld_template_code,cld_metadata_table_name,cld_template_name) VALUES 
(424,'Installed Base Assets', 'INSTALLED_BASE_ASSETS', 'Installed Base Assets', 'SCM', 422, 'CSE_ASSETS_INT','FBDI', NULL, 2, 'CSE_ASSETS_INT','CSE_INT_ERRORS',  'CseAssets', 'CseInstalledBaseAssetImport', NULL, 30000, 'CSE_ASSETS_B', current_date, 'riteadmin', current_date, 'riteadmin', NULL, NULL, NULL, NULL,NULL, NULL, NULL, NULL, NULL, NULL, NULL, NULL, NULL, NULL, NULL,'DATA_MIGRATION', 'INSTALLED_BASE_ASSETS', 'CR_INSTALLED_BASE_ASSETS_C', 'CR_INSTALLED_BASE_ASSETS_CLD');
INSERT INTO cr_objects (object_id, object_name, object_code, user_object_name, module_code, parent_object_id, fbdi_sheet, loader_endpoint, re_con_query, sequence_in_parent, interface_table_name, rejection_table_name, ctl_file_name, xlsm_file_name, immediate_parent, batch_size, base_tables, creation_date, created_by, last_update_date, last_update_by, attribute1, attribute2, attribute3, attribute4, attribute5, attribute6, attribute7, attribute8, attribute9, attribute10, attribute11, attribute12, attribute13, attribute14, attribute15, conversion_type,cld_template_code,cld_metadata_table_name,cld_template_name) VALUES 
(425,'Installed Base Asset Part List ', 'INSTALLED_BASE_ASSET_PART_LIST_', 'Installed Base Asset Part List ', 'SCM', 422, 'CSE_PARTS_LIST_COMPONENTS_INT','FBDI', NULL, 3, 'CSE_PARTS_LIST_COMPONENTS_INT','CSE_INT_ERRORS',  'CseAssetPartsList', 'CseInstalledBaseAssetImport', NULL, 30000, 'CSE_PARTS_LIST_COMPONENTS', current_date, 'riteadmin', current_date, 'riteadmin', NULL, NULL, NULL, NULL,NULL, NULL, NULL, NULL, NULL, NULL, NULL, NULL, NULL, NULL, NULL,'DATA_MIGRATION', 'INSTALLED_BASE_ASSET_PART_LIST', 'CR_INSTALLED_BASE_ASSET_PART_LIST_C', 'CR_INSTALLED_BASE_ASSET_PART_LIST_CLD');
INSERT INTO cr_objects (object_id, object_name, object_code, user_object_name, module_code, parent_object_id, fbdi_sheet, loader_endpoint, re_con_query, sequence_in_parent, interface_table_name, rejection_table_name, ctl_file_name, xlsm_file_name, immediate_parent, batch_size, base_tables, creation_date, created_by, last_update_date, last_update_by, attribute1, attribute2, attribute3, attribute4, attribute5, attribute6, attribute7, attribute8, attribute9, attribute10, attribute11, attribute12, attribute13, attribute14, attribute15, conversion_type,cld_template_code,cld_metadata_table_name,cld_template_name) VALUES 
(426,'Installed Base Asset Charges', 'INSTALLED_BASE_ASSET_CHARGES', 'Installed Base Asset Charges', 'SCM', 422, 'CSE_ASSET_CHARGES_INT','FBDI', NULL, 4, 'CSE_ASSET_CHARGES_INT','CSE_INT_ERRORS',  'CseAssetCharges', 'CseInstalledBaseAssetImport', NULL, 30000, 'CSE_ASSET_CHARGES', current_date, 'riteadmin', current_date, 'riteadmin', NULL, NULL, NULL, NULL,NULL, NULL, NULL, NULL, NULL, NULL, NULL, NULL, NULL, NULL, NULL,'DATA_MIGRATION', 'INSTALLED_BASE_ASSET_CHARGES', 'CR_INSTALLED_BASE_ASSET_CHARGES_C', 'CR_INSTALLED_BASE_ASSET_CHARGES_CLD');
INSERT INTO cr_objects (object_id, object_name, object_code, user_object_name, module_code, parent_object_id, fbdi_sheet, loader_endpoint, re_con_query, sequence_in_parent, interface_table_name, rejection_table_name, ctl_file_name, xlsm_file_name, immediate_parent, batch_size, base_tables, creation_date, created_by, last_update_date, last_update_by, attribute1, attribute2, attribute3, attribute4, attribute5, attribute6, attribute7, attribute8, attribute9, attribute10, attribute11, attribute12, attribute13, attribute14, attribute15, conversion_type,cld_template_code,cld_metadata_table_name,cld_template_name) VALUES 
(427,'Installed Base Asset Groups', 'INSTALLED_BASE_ASSET_GROUPS', 'Installed Base Asset Groups', 'SCM', 422, 'CSE_GROUP_MEMBERS_INT','FBDI', NULL, 5, 'CSE_GROUP_MEMBERS_INT','CSE_INT_ERRORS',  'CseAssetGroups', 'CseInstalledBaseAssetImport', NULL, 30000, 'CSE_GROUP_MEMBERS', current_date, 'riteadmin', current_date, 'riteadmin', NULL, NULL, NULL, NULL,NULL, NULL, NULL, NULL, NULL, NULL, NULL, NULL, NULL, NULL, NULL,'DATA_MIGRATION', 'INSTALLED_BASE_ASSET_GROUPS', 'CR_INSTALLED_BASE_ASSET_GROUPS_C', 'CR_INSTALLED_BASE_ASSET_GROUPS_CLD');

-- MAINTENANCE_PROGRAMS
INSERT INTO cr_objects (object_id, object_name, object_code, user_object_name, module_code, parent_object_id, fbdi_sheet, loader_endpoint, re_con_query, sequence_in_parent, interface_table_name, rejection_table_name, ctl_file_name, xlsm_file_name, immediate_parent, batch_size, base_tables, creation_date, created_by, last_update_date, last_update_by, attribute1, attribute2, attribute3, attribute4, attribute5, attribute6, attribute7, attribute8, attribute9, attribute10, attribute11, attribute12, attribute13, attribute14, attribute15, conversion_type,cld_template_code,cld_metadata_table_name,cld_template_name) VALUES 
(428,'Maintenance Programs', 'MAINTENANCE_PROGRAMS', 'Maintenance Programs', 'SCM', Null, '','FBDI', NULL, Null, '','',  '', '', NULL, 30000, NULL, current_date, 'riteadmin', current_date, 'riteadmin', NULL, NULL, NULL, NULL,NULL, NULL, NULL, NULL, NULL, NULL, NULL, NULL, NULL, NULL, NULL,'DATA_MIGRATION', NULL, NULL, NULL);
INSERT INTO cr_objects (object_id, object_name, object_code, user_object_name, module_code, parent_object_id, fbdi_sheet, loader_endpoint, re_con_query, sequence_in_parent, interface_table_name, rejection_table_name, ctl_file_name, xlsm_file_name, immediate_parent, batch_size, base_tables, creation_date, created_by, last_update_date, last_update_by, attribute1, attribute2, attribute3, attribute4, attribute5, attribute6, attribute7, attribute8, attribute9, attribute10, attribute11, attribute12, attribute13, attribute14, attribute15, conversion_type,cld_template_code,cld_metadata_table_name,cld_template_name) VALUES 
(429,'Maintenance Program Batch', 'MAINTENANCE_PROGRAM_BATCH', 'Maintenance Program Batch', 'SCM', 428, 'CSE_INT_BATCHES_B','FBDI', NULL, 1, 'CSE_INT_BATCHES_B','CSE_INT_ERRORS',  'MntProgramBatches', 'MntMaintenanceProgramImport', NULL, 30000, NULL, current_date, 'riteadmin', current_date, 'riteadmin', NULL, NULL, NULL, NULL,NULL, NULL, NULL, NULL, NULL, NULL, NULL, NULL, NULL, NULL, NULL,'DATA_MIGRATION', 'MAINTENANCE_PROGRAM_BATCH', 'CR_MAINTENANCE_PROGRAM_BATCH_C', 'CR_MAINTENANCE_PROGRAM_BATCH_CLD');
INSERT INTO cr_objects (object_id, object_name, object_code, user_object_name, module_code, parent_object_id, fbdi_sheet, loader_endpoint, re_con_query, sequence_in_parent, interface_table_name, rejection_table_name, ctl_file_name, xlsm_file_name, immediate_parent, batch_size, base_tables, creation_date, created_by, last_update_date, last_update_by, attribute1, attribute2, attribute3, attribute4, attribute5, attribute6, attribute7, attribute8, attribute9, attribute10, attribute11, attribute12, attribute13, attribute14, attribute15, conversion_type,cld_template_code,cld_metadata_table_name,cld_template_name) VALUES 
(430,'Maintenance Program', 'MAINTENANCE_PROGRAM', 'Maintenance Program', 'SCM', 428, 'MNT_PROGRAMS_INT','FBDI', NULL, 2, 'MNT_PROGRAMS_INT','',  'MntPrograms', 'MntMaintenanceProgramImport', NULL, 30000, 'MNT_PROGRAMS_B', current_date, 'riteadmin', current_date, 'riteadmin', NULL, NULL, NULL, NULL,NULL, NULL, NULL, NULL, NULL, NULL, NULL, NULL, NULL, NULL, NULL,'DATA_MIGRATION', 'MAINTENANCE_PROGRAM', 'CR_MAINTENANCE_PROGRAM_C', 'CR_MAINTENANCE_PROGRAM_CLD');
INSERT INTO cr_objects (object_id, object_name, object_code, user_object_name, module_code, parent_object_id, fbdi_sheet, loader_endpoint, re_con_query, sequence_in_parent, interface_table_name, rejection_table_name, ctl_file_name, xlsm_file_name, immediate_parent, batch_size, base_tables, creation_date, created_by, last_update_date, last_update_by, attribute1, attribute2, attribute3, attribute4, attribute5, attribute6, attribute7, attribute8, attribute9, attribute10, attribute11, attribute12, attribute13, attribute14, attribute15, conversion_type,cld_template_code,cld_metadata_table_name,cld_template_name) VALUES 
(431,'Schedule Patterns', 'SCHEDULE_PATTERNS', 'Schedule Patterns', 'SCM', 428, 'MNT_SCHEDULE_PATTERNS_INT','FBDI', NULL, 3, 'MNT_SCHEDULE_PATTERNS_INT','',  'MntSchedulePatterns', 'MntMaintenanceProgramImport', NULL, 30000, 'MNT_SCHEDULE_PATTERNS_B', current_date, 'riteadmin', current_date, 'riteadmin', NULL, NULL, NULL, NULL,NULL, NULL, NULL, NULL, NULL, NULL, NULL, NULL, NULL, NULL, NULL,'DATA_MIGRATION', 'SCHEDULE_PATTERNS', 'CR_SCHEDULE_PATTERNS_C', 'CR_SCHEDULE_PATTERNS_CLD');
INSERT INTO cr_objects (object_id, object_name, object_code, user_object_name, module_code, parent_object_id, fbdi_sheet, loader_endpoint, re_con_query, sequence_in_parent, interface_table_name, rejection_table_name, ctl_file_name, xlsm_file_name, immediate_parent, batch_size, base_tables, creation_date, created_by, last_update_date, last_update_by, attribute1, attribute2, attribute3, attribute4, attribute5, attribute6, attribute7, attribute8, attribute9, attribute10, attribute11, attribute12, attribute13, attribute14, attribute15, conversion_type,cld_template_code,cld_metadata_table_name,cld_template_name) VALUES 
(432,'Work Requirements', 'WORK_REQUIREMENTS', 'Work Requirements', 'SCM', 428, 'MNT_WORK_REQUIREMENTS_INT','FBDI', NULL, 4, 'MNT_WORK_REQUIREMENTS_INT','',  'MntWorkRequirements', 'MntMaintenanceProgramImport', NULL, 30000, 'MNT_WORK_REQUIREMENTS_B', current_date, 'riteadmin', current_date, 'riteadmin', NULL, NULL, NULL, NULL,NULL, NULL, NULL, NULL, NULL, NULL, NULL, NULL, NULL, NULL, NULL,'DATA_MIGRATION', 'WORK_REQUIREMENTS', 'CR_WORK_REQUIREMENTS_C', 'CR_WORK_REQUIREMENTS_CLD');
INSERT INTO cr_objects (object_id, object_name, object_code, user_object_name, module_code, parent_object_id, fbdi_sheet, loader_endpoint, re_con_query, sequence_in_parent, interface_table_name, rejection_table_name, ctl_file_name, xlsm_file_name, immediate_parent, batch_size, base_tables, creation_date, created_by, last_update_date, last_update_by, attribute1, attribute2, attribute3, attribute4, attribute5, attribute6, attribute7, attribute8, attribute9, attribute10, attribute11, attribute12, attribute13, attribute14, attribute15, conversion_type,cld_template_code,cld_metadata_table_name,cld_template_name) VALUES 
(433,'Work Requirement Affected Assets', 'WORK_REQUIREMENT_AFFECTED_ASSETS', 'Work Requirement Affected Assets', 'SCM', 428, 'MNT_WR_AFFECTED_ASSETS_INT','FBDI', NULL, 5, 'MNT_WR_AFFECTED_ASSETS_INT','',  'MntWorkReqAffectedAssets', 'MntMaintenanceProgramImport', NULL, 30000, NULL, current_date, 'riteadmin', current_date, 'riteadmin', NULL, NULL, NULL, NULL,NULL, NULL, NULL, NULL, NULL, NULL, NULL, NULL, NULL, NULL, NULL,'DATA_MIGRATION', 'WORK_REQ_AFFECTED_ASSETS', 'CR_WORK_REQ_AFFECTED_ASSETS_C', 'CR_WORK_REQ_AFFECTED_ASSETS_CLD');
INSERT INTO cr_objects (object_id, object_name, object_code, user_object_name, module_code, parent_object_id, fbdi_sheet, loader_endpoint, re_con_query, sequence_in_parent, interface_table_name, rejection_table_name, ctl_file_name, xlsm_file_name, immediate_parent, batch_size, base_tables, creation_date, created_by, last_update_date, last_update_by, attribute1, attribute2, attribute3, attribute4, attribute5, attribute6, attribute7, attribute8, attribute9, attribute10, attribute11, attribute12, attribute13, attribute14, attribute15, conversion_type,cld_template_code,cld_metadata_table_name,cld_template_name) VALUES 
(434,'Work Requirement Condition Events ', 'WORK_REQUIREMENT_CONDITION_EVENTS_', 'Work Requirement Condition Events ', 'SCM', 428, 'MNT_WR_CONDITION_EVENTS_INT','FBDI', NULL, 6, 'MNT_WR_CONDITION_EVENTS_INT','',  'MntWorkReqCondEvents', 'MntMaintenanceProgramImport', NULL, 30000, 'MNT_WR_CONDITION_EVENTS', current_date, 'riteadmin', current_date, 'riteadmin', NULL, NULL, NULL, NULL,NULL, NULL, NULL, NULL, NULL, NULL, NULL, NULL, NULL, NULL, NULL,'DATA_MIGRATION', 'WORK_REQ_CONDITION_EVENTS', 'CR_WORK_REQ_CONDITION_EVENTS_C', 'CR_WORK_REQ_CONDITION_EVENTS_CLD');
INSERT INTO cr_objects (object_id, object_name, object_code, user_object_name, module_code, parent_object_id, fbdi_sheet, loader_endpoint, re_con_query, sequence_in_parent, interface_table_name, rejection_table_name, ctl_file_name, xlsm_file_name, immediate_parent, batch_size, base_tables, creation_date, created_by, last_update_date, last_update_by, attribute1, attribute2, attribute3, attribute4, attribute5, attribute6, attribute7, attribute8, attribute9, attribute10, attribute11, attribute12, attribute13, attribute14, attribute15, conversion_type,cld_template_code,cld_metadata_table_name,cld_template_name) VALUES 
(435,'Work Requirement Meters ', 'WORK_REQUIREMENT_METERS_', 'Work Requirement Meters ', 'SCM', 428, 'MNT_WR_METERS_INT','FBDI', NULL, 7, 'MNT_WR_METERS_INT','',  'MntWorkReqMeters', 'MntMaintenanceProgramImport', NULL, 30000, 'MNT_WR_METERS', current_date, 'riteadmin', current_date, 'riteadmin', NULL, NULL, NULL, NULL,NULL, NULL, NULL, NULL, NULL, NULL, NULL, NULL, NULL, NULL, NULL,'DATA_MIGRATION', 'WORK_REQUIREMENT_METERS_', 'CR_WORK_REQUIREMENT_METERS__C', 'CR_WORK_REQUIREMENT_METERS__CLD');
INSERT INTO cr_objects (object_id, object_name, object_code, user_object_name, module_code, parent_object_id, fbdi_sheet, loader_endpoint, re_con_query, sequence_in_parent, interface_table_name, rejection_table_name, ctl_file_name, xlsm_file_name, immediate_parent, batch_size, base_tables, creation_date, created_by, last_update_date, last_update_by, attribute1, attribute2, attribute3, attribute4, attribute5, attribute6, attribute7, attribute8, attribute9, attribute10, attribute11, attribute12, attribute13, attribute14, attribute15, conversion_type,cld_template_code,cld_metadata_table_name,cld_template_name) VALUES 
(436,'Work Requirement Work Definitions ', 'WORK_REQUIREMENT_WORK_DEFINITIONS_', 'Work Requirement Work Definitions ', 'SCM', 428, 'MNT_WR_WORK_DEFINITIONS_INT','FBDI', NULL, 8, 'MNT_WR_WORK_DEFINITIONS_INT','',  'MntWorkReqWorkDefs', 'MntMaintenanceProgramImport', NULL, 30000, 'MNT_WR_WORK_DEFINITIONS', current_date, 'riteadmin', current_date, 'riteadmin', NULL, NULL, NULL, NULL,NULL, NULL, NULL, NULL, NULL, NULL, NULL, NULL, NULL, NULL, NULL,'DATA_MIGRATION', 'WORK_REQUIREMENT_WORK_DEFS_', 'CR_WORK_REQUIREMENT_WORK_DEFS__C', 'CR_WORK_REQUIREMENT_WORK_DEFS__CLD');

-- METER_READINGS
INSERT INTO cr_objects (object_id, object_name, object_code, user_object_name, module_code, parent_object_id, fbdi_sheet, loader_endpoint, re_con_query, sequence_in_parent, interface_table_name, rejection_table_name, ctl_file_name, xlsm_file_name, immediate_parent, batch_size, base_tables, creation_date, created_by, last_update_date, last_update_by, attribute1, attribute2, attribute3, attribute4, attribute5, attribute6, attribute7, attribute8, attribute9, attribute10, attribute11, attribute12, attribute13, attribute14, attribute15, conversion_type,cld_template_code,cld_metadata_table_name,cld_template_name) VALUES 
(437,'Meter Readings', 'METER_READINGS', 'Meter Readings', 'SCM', Null, '','FBDI', NULL, Null, '','',  '', '', NULL, 30000, NULL, current_date, 'riteadmin', current_date, 'riteadmin', NULL, NULL, NULL, NULL,NULL, NULL, NULL, NULL, NULL, NULL, NULL, NULL, NULL, NULL, NULL,'DATA_MIGRATION', NULL, NULL, NULL);
INSERT INTO cr_objects (object_id, object_name, object_code, user_object_name, module_code, parent_object_id, fbdi_sheet, loader_endpoint, re_con_query, sequence_in_parent, interface_table_name, rejection_table_name, ctl_file_name, xlsm_file_name, immediate_parent, batch_size, base_tables, creation_date, created_by, last_update_date, last_update_by, attribute1, attribute2, attribute3, attribute4, attribute5, attribute6, attribute7, attribute8, attribute9, attribute10, attribute11, attribute12, attribute13, attribute14, attribute15, conversion_type,cld_template_code,cld_metadata_table_name,cld_template_name) VALUES 
(438,'Meter Readings Batch', 'METER_READINGS_BATCH', 'Meter Readings Batch', 'SCM', 437, 'CSE_INT_BATCHES_B','FBDI', NULL, 1, 'CSE_INT_BATCHES_B','CSE_INT_ERRORS',  'CseMeterReadingBatches', 'CseMeterReadingsImport', NULL, 30000, NULL, current_date, 'riteadmin', current_date, 'riteadmin', NULL, NULL, NULL, NULL,NULL, NULL, NULL, NULL, NULL, NULL, NULL, NULL, NULL, NULL, NULL,'DATA_MIGRATION', 'METER_READINGS_BATCH', 'CR_METER_READINGS_BATCH_C', 'CR_METER_READINGS_BATCH_CLD');
INSERT INTO cr_objects (object_id, object_name, object_code, user_object_name, module_code, parent_object_id, fbdi_sheet, loader_endpoint, re_con_query, sequence_in_parent, interface_table_name, rejection_table_name, ctl_file_name, xlsm_file_name, immediate_parent, batch_size, base_tables, creation_date, created_by, last_update_date, last_update_by, attribute1, attribute2, attribute3, attribute4, attribute5, attribute6, attribute7, attribute8, attribute9, attribute10, attribute11, attribute12, attribute13, attribute14, attribute15, conversion_type,cld_template_code,cld_metadata_table_name,cld_template_name) VALUES 
(439,'Meter Readings', 'METER_READINGS', 'Meter Readings', 'SCM', 437, 'CSE_METER_READINGS_INT','FBDI', NULL, 2, 'CSE_METER_READINGS_INT','CSE_INT_ERRORS',  'CseMeterReadings', 'CseMeterReadingsImport', NULL, 30000, 'CSE_METER_READINGS', current_date, 'riteadmin', current_date, 'riteadmin', NULL, NULL, NULL, NULL,NULL, NULL, NULL, NULL, NULL, NULL, NULL, NULL, NULL, NULL, NULL,'DATA_MIGRATION', 'METER_READINGS', 'CR_METER_READINGS_C', 'CR_METER_READINGS_CLD');

-- PRODUCT_GENEALOGY
INSERT INTO cr_objects (object_id, object_name, object_code, user_object_name, module_code, parent_object_id, fbdi_sheet, loader_endpoint, re_con_query, sequence_in_parent, interface_table_name, rejection_table_name, ctl_file_name, xlsm_file_name, immediate_parent, batch_size, base_tables, creation_date, created_by, last_update_date, last_update_by, attribute1, attribute2, attribute3, attribute4, attribute5, attribute6, attribute7, attribute8, attribute9, attribute10, attribute11, attribute12, attribute13, attribute14, attribute15, conversion_type,cld_template_code,cld_metadata_table_name,cld_template_name) VALUES 
(440,'Product Genealogy', 'PRODUCT_GENEALOGY', 'Product Genealogy', 'SCM', Null, '','FBDI', NULL, Null, '','',  '', '', NULL, 30000, NULL, current_date, 'riteadmin', current_date, 'riteadmin', NULL, NULL, NULL, NULL,NULL, NULL, NULL, NULL, NULL, NULL, NULL, NULL, NULL, NULL, NULL,'DATA_MIGRATION', NULL, NULL, NULL);
INSERT INTO cr_objects (object_id, object_name, object_code, user_object_name, module_code, parent_object_id, fbdi_sheet, loader_endpoint, re_con_query, sequence_in_parent, interface_table_name, rejection_table_name, ctl_file_name, xlsm_file_name, immediate_parent, batch_size, base_tables, creation_date, created_by, last_update_date, last_update_by, attribute1, attribute2, attribute3, attribute4, attribute5, attribute6, attribute7, attribute8, attribute9, attribute10, attribute11, attribute12, attribute13, attribute14, attribute15, conversion_type,cld_template_code,cld_metadata_table_name,cld_template_name) VALUES 
(441,'Genealogy Batch', 'GENEALOGY_BATCH', 'Genealogy Batch', 'SCM', 440, 'CSE_INT_BATCHES_B','FBDI', NULL, 1, 'CSE_INT_BATCHES_B','CSE_INT_ERRORS',  'CseProdGenIntBatches', 'CseGenealogyBulkImport', NULL, 30000, NULL, current_date, 'riteadmin', current_date, 'riteadmin', NULL, NULL, NULL, NULL,NULL, NULL, NULL, NULL, NULL, NULL, NULL, NULL, NULL, NULL, NULL,'DATA_MIGRATION', 'GENEALOGY_BATCH', 'CR_GENEALOGY_BATCH_C', 'CR_GENEALOGY_BATCH_CLD');
INSERT INTO cr_objects (object_id, object_name, object_code, user_object_name, module_code, parent_object_id, fbdi_sheet, loader_endpoint, re_con_query, sequence_in_parent, interface_table_name, rejection_table_name, ctl_file_name, xlsm_file_name, immediate_parent, batch_size, base_tables, creation_date, created_by, last_update_date, last_update_by, attribute1, attribute2, attribute3, attribute4, attribute5, attribute6, attribute7, attribute8, attribute9, attribute10, attribute11, attribute12, attribute13, attribute14, attribute15, conversion_type,cld_template_code,cld_metadata_table_name,cld_template_name) VALUES 
(442,'Genealogy', 'GENEALOGY', 'Genealogy', 'SCM', 440, 'CSE_ASSETS_INT','FBDI', NULL, 2, 'CSE_ASSETS_INT','CSE_INT_ERRORS',  'CseProdGenInstances', 'CseGenealogyBulkImport', NULL, 30000, 'CSE_ASSETS_B', current_date, 'riteadmin', current_date, 'riteadmin', NULL, NULL, NULL, NULL,NULL, NULL, NULL, NULL, NULL, NULL, NULL, NULL, NULL, NULL, NULL,'DATA_MIGRATION', 'GENEALOGY', 'CR_GENEALOGY_C', 'CR_GENEALOGY_CLD');

-- WARRANTY_COVERAGES
INSERT INTO cr_objects (object_id, object_name, object_code, user_object_name, module_code, parent_object_id, fbdi_sheet, loader_endpoint, re_con_query, sequence_in_parent, interface_table_name, rejection_table_name, ctl_file_name, xlsm_file_name, immediate_parent, batch_size, base_tables, creation_date, created_by, last_update_date, last_update_by, attribute1, attribute2, attribute3, attribute4, attribute5, attribute6, attribute7, attribute8, attribute9, attribute10, attribute11, attribute12, attribute13, attribute14, attribute15, conversion_type,cld_template_code,cld_metadata_table_name,cld_template_name) VALUES 
(443,'Warranty Coverages', 'WARRANTY_COVERAGES', 'Warranty Coverages', 'SCM', Null, '','FBDI', NULL, Null, '','',  '', '', NULL, 30000, NULL, current_date, 'riteadmin', current_date, 'riteadmin', NULL, NULL, NULL, NULL,NULL, NULL, NULL, NULL, NULL, NULL, NULL, NULL, NULL, NULL, NULL,'DATA_MIGRATION', NULL, NULL, NULL);
INSERT INTO cr_objects (object_id, object_name, object_code, user_object_name, module_code, parent_object_id, fbdi_sheet, loader_endpoint, re_con_query, sequence_in_parent, interface_table_name, rejection_table_name, ctl_file_name, xlsm_file_name, immediate_parent, batch_size, base_tables, creation_date, created_by, last_update_date, last_update_by, attribute1, attribute2, attribute3, attribute4, attribute5, attribute6, attribute7, attribute8, attribute9, attribute10, attribute11, attribute12, attribute13, attribute14, attribute15, conversion_type,cld_template_code,cld_metadata_table_name,cld_template_name) VALUES 
(444,'Warranty Coverage Batch', 'WARRANTY_COVERAGE_BATCH', 'Warranty Coverage Batch', 'SCM', 443, 'CSE_INT_BATCHES_B','FBDI', NULL, 1, 'CSE_INT_BATCHES_B','CSE_INT_ERRORS',  'CseCoverageBatches', 'CseWarrantyCoverageImport', NULL, 30000, NULL, current_date, 'riteadmin', current_date, 'riteadmin', NULL, NULL, NULL, NULL,NULL, NULL, NULL, NULL, NULL, NULL, NULL, NULL, NULL, NULL, NULL,'DATA_MIGRATION', 'WARRANTY_COVERAGE_BATCH', 'CR_WARRANTY_COVERAGE_BATCH_C', 'CR_WARRANTY_COVERAGE_BATCH_CLD');
INSERT INTO cr_objects (object_id, object_name, object_code, user_object_name, module_code, parent_object_id, fbdi_sheet, loader_endpoint, re_con_query, sequence_in_parent, interface_table_name, rejection_table_name, ctl_file_name, xlsm_file_name, immediate_parent, batch_size, base_tables, creation_date, created_by, last_update_date, last_update_by, attribute1, attribute2, attribute3, attribute4, attribute5, attribute6, attribute7, attribute8, attribute9, attribute10, attribute11, attribute12, attribute13, attribute14, attribute15, conversion_type,cld_template_code,cld_metadata_table_name,cld_template_name) VALUES 
(445,'Warranty Coverage', 'WARRANTY_COVERAGE', 'Warranty Coverage', 'SCM', 443, 'CSE_W_COVERAGES_INT','FBDI', NULL, 2, 'CSE_W_COVERAGES_INT','CSE_INT_ERRORS',  'CseCoverages', 'CseWarrantyCoverageImport', NULL, 30000, 'CSE_W_COVERAGES_B', current_date, 'riteadmin', current_date, 'riteadmin', NULL, NULL, NULL, NULL,NULL, NULL, NULL, NULL, NULL, NULL, NULL, NULL, NULL, NULL, NULL,'DATA_MIGRATION', 'WARRANTY_COVERAGE', 'CR_WARRANTY_COVERAGE_C', 'CR_WARRANTY_COVERAGE_CLD');
INSERT INTO cr_objects (object_id, object_name, object_code, user_object_name, module_code, parent_object_id, fbdi_sheet, loader_endpoint, re_con_query, sequence_in_parent, interface_table_name, rejection_table_name, ctl_file_name, xlsm_file_name, immediate_parent, batch_size, base_tables, creation_date, created_by, last_update_date, last_update_by, attribute1, attribute2, attribute3, attribute4, attribute5, attribute6, attribute7, attribute8, attribute9, attribute10, attribute11, attribute12, attribute13, attribute14, attribute15, conversion_type,cld_template_code,cld_metadata_table_name,cld_template_name) VALUES 
(446,'Coverage Items', 'COVERAGE_ITEMS', 'Coverage Items', 'SCM', 443, 'CSE_W_COVERAGE_ITEMS_INT','FBDI', NULL, 3, 'CSE_W_COVERAGE_ITEMS_INT','CSE_INT_ERRORS',  'CseCoverageItems', 'CseWarrantyCoverageImport', NULL, 30000, 'CSE_W_COVERAGE_APPLICABILITIES', current_date, 'riteadmin', current_date, 'riteadmin', NULL, NULL, NULL, NULL,NULL, NULL, NULL, NULL, NULL, NULL, NULL, NULL, NULL, NULL, NULL,'DATA_MIGRATION', 'COVERAGE_ITEMS', 'CR_COVERAGE_ITEMS_C', 'CR_COVERAGE_ITEMS_CLD');
INSERT INTO cr_objects (object_id, object_name, object_code, user_object_name, module_code, parent_object_id, fbdi_sheet, loader_endpoint, re_con_query, sequence_in_parent, interface_table_name, rejection_table_name, ctl_file_name, xlsm_file_name, immediate_parent, batch_size, base_tables, creation_date, created_by, last_update_date, last_update_by, attribute1, attribute2, attribute3, attribute4, attribute5, attribute6, attribute7, attribute8, attribute9, attribute10, attribute11, attribute12, attribute13, attribute14, attribute15, conversion_type,cld_template_code,cld_metadata_table_name,cld_template_name) VALUES 
(447,'Coverage Meters ', 'COVERAGE_METERS', 'Coverage Meters', 'SCM', 443, 'CSE_W_COVERAGE_METERS_INT','FBDI', NULL, 4, 'CSE_W_COVERAGE_METERS_INT','CSE_INT_ERRORS',  'CseCoverageMeters', 'CseWarrantyCoverageImport', NULL, 30000, 'CSE_W_COVERAGE_METERS', current_date, 'riteadmin', current_date, 'riteadmin', NULL, NULL, NULL, NULL,NULL, NULL, NULL, NULL, NULL, NULL, NULL, NULL, NULL, NULL, NULL,'DATA_MIGRATION', 'COVERAGE_METERS', 'CR_COVERAGE_METERS_C', 'CR_COVERAGE_METERS_CLD');
INSERT INTO cr_objects (object_id, object_name, object_code, user_object_name, module_code, parent_object_id, fbdi_sheet, loader_endpoint, re_con_query, sequence_in_parent, interface_table_name, rejection_table_name, ctl_file_name, xlsm_file_name, immediate_parent, batch_size, base_tables, creation_date, created_by, last_update_date, last_update_by, attribute1, attribute2, attribute3, attribute4, attribute5, attribute6, attribute7, attribute8, attribute9, attribute10, attribute11, attribute12, attribute13, attribute14, attribute15, conversion_type,cld_template_code,cld_metadata_table_name,cld_template_name) VALUES 
(448,'Coverage Transaction Codes', 'COVERAGE_TRANSACTION_CODES', 'Coverage Transaction Codes', 'SCM', 443, 'CSE_W_COVERAGE_TXN_CODES_INT','FBDI', NULL, 5, 'CSE_W_COVERAGE_TXN_CODES_INT','CSE_INT_ERRORS',  'CseCoverageTxnCodes', 'CseWarrantyCoverageImport', NULL, 30000, 'CSE_W_COVERAGE_TXN_CODES', current_date, 'riteadmin', current_date, 'riteadmin', NULL, NULL, NULL, NULL,NULL, NULL, NULL, NULL, NULL, NULL, NULL, NULL, NULL, NULL, NULL,'DATA_MIGRATION', 'COVERAGE_TRANSACTION_CODES', 'CR_COVERAGE_TRANSACTION_CODES_C', 'CR_COVERAGE_TRANSACTION_CODES_CLD');

-- MAINTENANCE_WORK_DEFINITION
INSERT INTO cr_objects (object_id, object_name, object_code, user_object_name, module_code, parent_object_id, fbdi_sheet, loader_endpoint, re_con_query, sequence_in_parent, interface_table_name, rejection_table_name, ctl_file_name, xlsm_file_name, immediate_parent, batch_size, base_tables, creation_date, created_by, last_update_date, last_update_by, attribute1, attribute2, attribute3, attribute4, attribute5, attribute6, attribute7, attribute8, attribute9, attribute10, attribute11, attribute12, attribute13, attribute14, attribute15, conversion_type,cld_template_code,cld_metadata_table_name,cld_template_name) VALUES 
(449,'Maintenance Work Definition ', 'MAINTENANCE_WORK_DEFINITION', 'Maintenance Work Definition ', 'SCM', Null, '','FBDI', NULL, Null, '','',  '', '', NULL, 30000, NULL, current_date, 'riteadmin', current_date, 'riteadmin', NULL, NULL, NULL, NULL,NULL, NULL, NULL, NULL, NULL, NULL, NULL, NULL, NULL, NULL, NULL,'DATA_MIGRATION', NULL, NULL, NULL);
INSERT INTO cr_objects (object_id, object_name, object_code, user_object_name, module_code, parent_object_id, fbdi_sheet, loader_endpoint, re_con_query, sequence_in_parent, interface_table_name, rejection_table_name, ctl_file_name, xlsm_file_name, immediate_parent, batch_size, base_tables, creation_date, created_by, last_update_date, last_update_by, attribute1, attribute2, attribute3, attribute4, attribute5, attribute6, attribute7, attribute8, attribute9, attribute10, attribute11, attribute12, attribute13, attribute14, attribute15, conversion_type,cld_template_code,cld_metadata_table_name,cld_template_name) VALUES 
(450,'Work Definition Batch ', 'WORK_DEFINITION_BATCH', 'Work Definition Batch ', 'SCM', 449, 'WIE_INT_BATCHES_B','FBDI', NULL, 1, 'WIE_INT_BATCHES_B','WIE_INT_ERRORS',  'MntWdBatches', 'MaintenanceWorkDefinitionTemplate', NULL, 30000, NULL, current_date, 'riteadmin', current_date, 'riteadmin', NULL, NULL, NULL, NULL,NULL, NULL, NULL, NULL, NULL, NULL, NULL, NULL, NULL, NULL, NULL,'DATA_MIGRATION', 'WORK_DEFINITION_BATCH ', 'CR_WORK_DEFINITION_BATCH _C', 'CR_WORK_DEFINITION_BATCH _CLD');
INSERT INTO cr_objects (object_id, object_name, object_code, user_object_name, module_code, parent_object_id, fbdi_sheet, loader_endpoint, re_con_query, sequence_in_parent, interface_table_name, rejection_table_name, ctl_file_name, xlsm_file_name, immediate_parent, batch_size, base_tables, creation_date, created_by, last_update_date, last_update_by, attribute1, attribute2, attribute3, attribute4, attribute5, attribute6, attribute7, attribute8, attribute9, attribute10, attribute11, attribute12, attribute13, attribute14, attribute15, conversion_type,cld_template_code,cld_metadata_table_name,cld_template_name) VALUES 
(451,'Work Definition Header', 'WORK_DEFINITION_HEADER', 'Work Definition Header', 'SCM', 449, 'WIS_WORK_DEFINITIONS_INT','FBDI', NULL, 2, 'WIS_WORK_DEFINITIONS_INT','WIE_INT_ERRORS',  'MntWdHeaders', 'MaintenanceWorkDefinitionTemplate', NULL, 30000, 'WIS_WORK_DEFINITIONS', current_date, 'riteadmin', current_date, 'riteadmin', NULL, NULL, NULL, NULL,NULL, NULL, NULL, NULL, NULL, NULL, NULL, NULL, NULL, NULL, NULL,'DATA_MIGRATION', 'WORK_DEFINITION_HEADER', 'CR_WORK_DEFINITION_HEADER_C', 'CR_WORK_DEFINITION_HEADER_CLD');
INSERT INTO cr_objects (object_id, object_name, object_code, user_object_name, module_code, parent_object_id, fbdi_sheet, loader_endpoint, re_con_query, sequence_in_parent, interface_table_name, rejection_table_name, ctl_file_name, xlsm_file_name, immediate_parent, batch_size, base_tables, creation_date, created_by, last_update_date, last_update_by, attribute1, attribute2, attribute3, attribute4, attribute5, attribute6, attribute7, attribute8, attribute9, attribute10, attribute11, attribute12, attribute13, attribute14, attribute15, conversion_type,cld_template_code,cld_metadata_table_name,cld_template_name) VALUES 
(452,'Work Definition Operations', 'WORK_DEFINITION_OPERATIONS', 'Work Definition Operations', 'SCM', 449, 'WIS_WD_DETAILS_INT','FBDI', NULL, 3, 'WIS_WD_DETAILS_INT','WIE_INT_ERRORS',  'MntWdOperations', 'MaintenanceWorkDefinitionTemplate', NULL, 30000, NULL, current_date, 'riteadmin', current_date, 'riteadmin', NULL, NULL, NULL, NULL,NULL, NULL, NULL, NULL, NULL, NULL, NULL, NULL, NULL, NULL, NULL,'DATA_MIGRATION', 'WORK_DEFINITION_OPERATIONS', 'CR_WORK_DEFINITION_OPERATIONS_C', 'CR_WORK_DEFINITION_OPERATIONS_CLD');
INSERT INTO cr_objects (object_id, object_name, object_code, user_object_name, module_code, parent_object_id, fbdi_sheet, loader_endpoint, re_con_query, sequence_in_parent, interface_table_name, rejection_table_name, ctl_file_name, xlsm_file_name, immediate_parent, batch_size, base_tables, creation_date, created_by, last_update_date, last_update_by, attribute1, attribute2, attribute3, attribute4, attribute5, attribute6, attribute7, attribute8, attribute9, attribute10, attribute11, attribute12, attribute13, attribute14, attribute15, conversion_type,cld_template_code,cld_metadata_table_name,cld_template_name) VALUES 
(453,'Work Definition Operation Materials ', 'WORK_DEFINITION_OPERATION_MATERIALS', 'Work Definition Operation Materials', 'SCM', 449, 'WIS_WD_DETAILS_INT','FBDI', NULL, 4, 'WIS_WD_DETAILS_INT','WIE_INT_ERRORS',  'MntWdOperationMaterials', 'MaintenanceWorkDefinitionTemplate', NULL, 30000, NULL, current_date, 'riteadmin', current_date, 'riteadmin', NULL, NULL, NULL, NULL,NULL, NULL, NULL, NULL, NULL, NULL, NULL, NULL, NULL, NULL, NULL,'DATA_MIGRATION', 'WORK_DEF_OPERATION_MATERIALS_', 'CR_WORK_DEF_OPERATION_MATERIALS__C', 'CR_WORK_DEF_OPERATION_MATERIALS__CLD');
INSERT INTO cr_objects (object_id, object_name, object_code, user_object_name, module_code, parent_object_id, fbdi_sheet, loader_endpoint, re_con_query, sequence_in_parent, interface_table_name, rejection_table_name, ctl_file_name, xlsm_file_name, immediate_parent, batch_size, base_tables, creation_date, created_by, last_update_date, last_update_by, attribute1, attribute2, attribute3, attribute4, attribute5, attribute6, attribute7, attribute8, attribute9, attribute10, attribute11, attribute12, attribute13, attribute14, attribute15, conversion_type,cld_template_code,cld_metadata_table_name,cld_template_name) VALUES 
(454,'Work Definition Operation Resources', 'WORK_DEFINITION_OPERATION_RESOURCES', 'Work Definition Operation Resources', 'SCM', 449, 'WIS_WD_DETAILS_INT','FBDI', NULL, 5, 'WIS_WD_DETAILS_INT','WIE_INT_ERRORS',  'MntWdOperationResources', 'MaintenanceWorkDefinitionTemplate', NULL, 30000, NULL, current_date, 'riteadmin', current_date, 'riteadmin', NULL, NULL, NULL, NULL,NULL, NULL, NULL, NULL, NULL, NULL, NULL, NULL, NULL, NULL, NULL,'DATA_MIGRATION', 'WORK_DEF_OPERATION_RESOURCES', 'CR_WORK_DEF_OPERATION_RESOURCES_C', 'CR_WORK_DEF_OPERATION_RESOURCES_CLD');

-- MAINTENANCE_WORK_ORDER
INSERT INTO cr_objects (object_id, object_name, object_code, user_object_name, module_code, parent_object_id, fbdi_sheet, loader_endpoint, re_con_query, sequence_in_parent, interface_table_name, rejection_table_name, ctl_file_name, xlsm_file_name, immediate_parent, batch_size, base_tables, creation_date, created_by, last_update_date, last_update_by, attribute1, attribute2, attribute3, attribute4, attribute5, attribute6, attribute7, attribute8, attribute9, attribute10, attribute11, attribute12, attribute13, attribute14, attribute15, conversion_type,cld_template_code,cld_metadata_table_name,cld_template_name) VALUES 
(455,'Maintenance Work Order', 'MAINTENANCE_WORK_ORDER', 'Maintenance Work Order', 'SCM', Null, '','FBDI', NULL, Null, '','',  '', '', NULL, 30000, NULL, current_date, 'riteadmin', current_date, 'riteadmin', NULL, NULL, NULL, NULL,NULL, NULL, NULL, NULL, NULL, NULL, NULL, NULL, NULL, NULL, NULL,'DATA_MIGRATION', NULL, NULL, NULL);
INSERT INTO cr_objects (object_id, object_name, object_code, user_object_name, module_code, parent_object_id, fbdi_sheet, loader_endpoint, re_con_query, sequence_in_parent, interface_table_name, rejection_table_name, ctl_file_name, xlsm_file_name, immediate_parent, batch_size, base_tables, creation_date, created_by, last_update_date, last_update_by, attribute1, attribute2, attribute3, attribute4, attribute5, attribute6, attribute7, attribute8, attribute9, attribute10, attribute11, attribute12, attribute13, attribute14, attribute15, conversion_type,cld_template_code,cld_metadata_table_name,cld_template_name) VALUES 
(456,'Mnt Batch', 'MNT_BATCH', 'Mnt Batch', 'SCM', 455, 'WIE_INT_BATCHES_B','FBDI', NULL, 1, 'WIE_INT_BATCHES_B','WIE_INT_ERRORS',  'MntWoBatches', 'MaintenanceWorkOrderTemplate', NULL, 30000, NULL, current_date, 'riteadmin', current_date, 'riteadmin', NULL, NULL, NULL, NULL,NULL, NULL, NULL, NULL, NULL, NULL, NULL, NULL, NULL, NULL, NULL,'DATA_MIGRATION', 'MNT_BATCH', 'CR_MNT_BATCH_C', 'CR_MNT_BATCH_CLD');
INSERT INTO cr_objects (object_id, object_name, object_code, user_object_name, module_code, parent_object_id, fbdi_sheet, loader_endpoint, re_con_query, sequence_in_parent, interface_table_name, rejection_table_name, ctl_file_name, xlsm_file_name, immediate_parent, batch_size, base_tables, creation_date, created_by, last_update_date, last_update_by, attribute1, attribute2, attribute3, attribute4, attribute5, attribute6, attribute7, attribute8, attribute9, attribute10, attribute11, attribute12, attribute13, attribute14, attribute15, conversion_type,cld_template_code,cld_metadata_table_name,cld_template_name) VALUES 
(457,'Mnt Work Order Header ', 'MNT_WORK_ORDER_HEADER', 'Mnt Work Order Header', 'SCM', 455, 'WIE_WORK_ORDERS_INT','FBDI', NULL, 2, 'WIE_WORK_ORDERS_INT','WIE_INT_ERRORS',  'MntWoHeaders', 'MaintenanceWorkOrderTemplate', NULL, 30000, 'WIE_WORK_ORDERS_B', current_date, 'riteadmin', current_date, 'riteadmin', NULL, NULL, NULL, NULL,NULL, NULL, NULL, NULL, NULL, NULL, NULL, NULL, NULL, NULL, NULL,'DATA_MIGRATION', 'MNT_WORK_ORDER_HEADER_', 'CR_MNT_WORK_ORDER_HEADER__C', 'CR_MNT_WORK_ORDER_HEADER__CLD');
INSERT INTO cr_objects (object_id, object_name, object_code, user_object_name, module_code, parent_object_id, fbdi_sheet, loader_endpoint, re_con_query, sequence_in_parent, interface_table_name, rejection_table_name, ctl_file_name, xlsm_file_name, immediate_parent, batch_size, base_tables, creation_date, created_by, last_update_date, last_update_by, attribute1, attribute2, attribute3, attribute4, attribute5, attribute6, attribute7, attribute8, attribute9, attribute10, attribute11, attribute12, attribute13, attribute14, attribute15, conversion_type,cld_template_code,cld_metadata_table_name,cld_template_name) VALUES 
(458,'Mnt Work Order Asset ', 'MNT_WORK_ORDER_ASSET', 'Mnt Work Order Asset', 'SCM', 455, 'WIE_WORK_ORDER_DETAILS_INT','FBDI', NULL, 3, 'WIE_WORK_ORDER_DETAILS_INT','WIE_INT_ERRORS',  'MntWoAssets', 'MaintenanceWorkOrderTemplate', NULL, 30000, 'WIE_WO_ASSETS', current_date, 'riteadmin', current_date, 'riteadmin', NULL, NULL, NULL, NULL,NULL, NULL, NULL, NULL, NULL, NULL, NULL, NULL, NULL, NULL, NULL,'DATA_MIGRATION', 'MNT_WORK_ORDER_ASSET_', 'CR_MNT_WORK_ORDER_ASSET__C', 'CR_MNT_WORK_ORDER_ASSET__CLD');
INSERT INTO cr_objects (object_id, object_name, object_code, user_object_name, module_code, parent_object_id, fbdi_sheet, loader_endpoint, re_con_query, sequence_in_parent, interface_table_name, rejection_table_name, ctl_file_name, xlsm_file_name, immediate_parent, batch_size, base_tables, creation_date, created_by, last_update_date, last_update_by, attribute1, attribute2, attribute3, attribute4, attribute5, attribute6, attribute7, attribute8, attribute9, attribute10, attribute11, attribute12, attribute13, attribute14, attribute15, conversion_type,cld_template_code,cld_metadata_table_name,cld_template_name) VALUES 
(459,'Mnt Work Order Operations', 'MNT_WORK_ORDER_OPERATIONS', 'Mnt Work Order Operations', 'SCM', 455, 'WIE_WORK_ORDER_DETAILS_INT','FBDI', NULL, 4, 'WIE_WORK_ORDER_DETAILS_INT','WIE_INT_ERRORS',  'MntWoOperations', 'MaintenanceWorkOrderTemplate', NULL, 30000, 'WIE_WO_OPERATIONS_B', current_date, 'riteadmin', current_date, 'riteadmin', NULL, NULL, NULL, NULL,NULL, NULL, NULL, NULL, NULL, NULL, NULL, NULL, NULL, NULL, NULL,'DATA_MIGRATION', 'MNT_WORK_ORDER_OPERATIONS', 'CR_MNT_WORK_ORDER_OPERATIONS_C', 'CR_MNT_WORK_ORDER_OPERATIONS_CLD');
INSERT INTO cr_objects (object_id, object_name, object_code, user_object_name, module_code, parent_object_id, fbdi_sheet, loader_endpoint, re_con_query, sequence_in_parent, interface_table_name, rejection_table_name, ctl_file_name, xlsm_file_name, immediate_parent, batch_size, base_tables, creation_date, created_by, last_update_date, last_update_by, attribute1, attribute2, attribute3, attribute4, attribute5, attribute6, attribute7, attribute8, attribute9, attribute10, attribute11, attribute12, attribute13, attribute14, attribute15, conversion_type,cld_template_code,cld_metadata_table_name,cld_template_name) VALUES 
(460,'Mnt Work Order Operation Resources', 'MNT_WORK_ORDER_OPERATION_RESOURCES', 'Mnt Work Order Operation Resources', 'SCM', 455, 'WIE_WORK_ORDER_DETAILS_INT','FBDI', NULL, 5, 'WIE_WORK_ORDER_DETAILS_INT','WIE_INT_ERRORS',  'MntWoOperationResources', 'MaintenanceWorkOrderTemplate', NULL, 30000, 'WIE_WO_OPERATION_RESOURCES', current_date, 'riteadmin', current_date, 'riteadmin', NULL, NULL, NULL, NULL,NULL, NULL, NULL, NULL, NULL, NULL, NULL, NULL, NULL, NULL, NULL,'DATA_MIGRATION', 'MNT_WO_OPERATION_RESOURCES', 'CR_MNT_WO_OPERATION_RESOURCES_C', 'CR_MNT_WO_OPERATION_RESOURCES_CLD');
INSERT INTO cr_objects (object_id, object_name, object_code, user_object_name, module_code, parent_object_id, fbdi_sheet, loader_endpoint, re_con_query, sequence_in_parent, interface_table_name, rejection_table_name, ctl_file_name, xlsm_file_name, immediate_parent, batch_size, base_tables, creation_date, created_by, last_update_date, last_update_by, attribute1, attribute2, attribute3, attribute4, attribute5, attribute6, attribute7, attribute8, attribute9, attribute10, attribute11, attribute12, attribute13, attribute14, attribute15, conversion_type,cld_template_code,cld_metadata_table_name,cld_template_name) VALUES 
(461,'Mnt Work Order Operation Resource Instances', 'MNT_WORK_ORDER_OPERATION_RESOURCE_INSTANCES', 'Mnt Work Order Operation Resource Instances', 'SCM', 455, 'WIE_WORK_ORDER_DETAILS_INT','FBDI', NULL, 6, 'WIE_WORK_ORDER_DETAILS_INT','WIE_INT_ERRORS',  'MntWoResourceInstances', 'MaintenanceWorkOrderTemplate', NULL, 30000, 'WIE_WO_OP_RESOURCE_INSTANCES', current_date, 'riteadmin', current_date, 'riteadmin', NULL, NULL, NULL, NULL,NULL, NULL, NULL, NULL, NULL, NULL, NULL, NULL, NULL, NULL, NULL,'DATA_MIGRATION', 'MNT_WO_OPER_RESOURCE_INSTANCES', 'CR_MNT_WO_OPER_RESOURCE_INSTANCES_C', 'CR_MNT_WO_OPER_RESOURCE_INSTANCES_CLD');
INSERT INTO cr_objects (object_id, object_name, object_code, user_object_name, module_code, parent_object_id, fbdi_sheet, loader_endpoint, re_con_query, sequence_in_parent, interface_table_name, rejection_table_name, ctl_file_name, xlsm_file_name, immediate_parent, batch_size, base_tables, creation_date, created_by, last_update_date, last_update_by, attribute1, attribute2, attribute3, attribute4, attribute5, attribute6, attribute7, attribute8, attribute9, attribute10, attribute11, attribute12, attribute13, attribute14, attribute15, conversion_type,cld_template_code,cld_metadata_table_name,cld_template_name) VALUES 
(462,'Mnt Work Order Operation Materials ', 'MNT_WORK_ORDER_OPERATION_MATERIALS_', 'Mnt Work Order Operation Materials ', 'SCM', 455, 'WIE_WORK_ORDER_DETAILS_INT','FBDI', NULL, 7, 'WIE_WORK_ORDER_DETAILS_INT','WIE_INT_ERRORS',  'MntWoOperationMaterials', 'MaintenanceWorkOrderTemplate', NULL, 30000, 'WIE_WO_OP_SUB_MATERIALS', current_date, 'riteadmin', current_date, 'riteadmin', NULL, NULL, NULL, NULL,NULL, NULL, NULL, NULL, NULL, NULL, NULL, NULL, NULL, NULL, NULL,'DATA_MIGRATION', 'MNT_WO_OPERATION_MATERIALS_', 'CR_MNT_WO_OPERATION_MATERIALS__C', 'CR_MNT_WO_OPERATION_MATERIALS__CLD');

-- PROCESS_WORK_DEFINITION
INSERT INTO cr_objects (object_id, object_name, object_code, user_object_name, module_code, parent_object_id, fbdi_sheet, loader_endpoint, re_con_query, sequence_in_parent, interface_table_name, rejection_table_name, ctl_file_name, xlsm_file_name, immediate_parent, batch_size, base_tables, creation_date, created_by, last_update_date, last_update_by, attribute1, attribute2, attribute3, attribute4, attribute5, attribute6, attribute7, attribute8, attribute9, attribute10, attribute11, attribute12, attribute13, attribute14, attribute15, conversion_type,cld_template_code,cld_metadata_table_name,cld_template_name) VALUES 
(463,'Process Work Definition', 'PROCESS_WORK_DEFINITION', 'Process Work Definition', 'MFG', Null, '','FBDI', NULL, Null, '','',  '', '', NULL, 30000, NULL, current_date, 'riteadmin', current_date, 'riteadmin', NULL, NULL, NULL, NULL,NULL, NULL, NULL, NULL, NULL, NULL, NULL, NULL, NULL, NULL, NULL,'DATA_MIGRATION', NULL, NULL, NULL);
INSERT INTO cr_objects (object_id, object_name, object_code, user_object_name, module_code, parent_object_id, fbdi_sheet, loader_endpoint, re_con_query, sequence_in_parent, interface_table_name, rejection_table_name, ctl_file_name, xlsm_file_name, immediate_parent, batch_size, base_tables, creation_date, created_by, last_update_date, last_update_by, attribute1, attribute2, attribute3, attribute4, attribute5, attribute6, attribute7, attribute8, attribute9, attribute10, attribute11, attribute12, attribute13, attribute14, attribute15, conversion_type,cld_template_code,cld_metadata_table_name,cld_template_name) VALUES 
(464,'Wie Batch', 'WIE_BATCH', 'Wie Batch', 'MFG', 463, 'WIE_INT_BATCHES_B','FBDI', NULL, 1, 'WIE_INT_BATCHES_B','WIE_INT_ERRORS',  'WisProcWdBatches', 'ProcessWorkDefinitionTemplate', NULL, 30000, NULL, current_date, 'riteadmin', current_date, 'riteadmin', NULL, NULL, NULL, NULL,NULL, NULL, NULL, NULL, NULL, NULL, NULL, NULL, NULL, NULL, NULL,'DATA_MIGRATION', 'WIE_BATCH', 'CR_WIE_BATCH_C', 'CR_WIE_BATCH_CLD');
INSERT INTO cr_objects (object_id, object_name, object_code, user_object_name, module_code, parent_object_id, fbdi_sheet, loader_endpoint, re_con_query, sequence_in_parent, interface_table_name, rejection_table_name, ctl_file_name, xlsm_file_name, immediate_parent, batch_size, base_tables, creation_date, created_by, last_update_date, last_update_by, attribute1, attribute2, attribute3, attribute4, attribute5, attribute6, attribute7, attribute8, attribute9, attribute10, attribute11, attribute12, attribute13, attribute14, attribute15, conversion_type,cld_template_code,cld_metadata_table_name,cld_template_name) VALUES 
(465,'Wis Process Work Definition Header ', 'WIS_PROCESS_WORK_DEFINITION_HEADER_', 'Wis Process Work Definition Header ', 'MFG', 463, 'WIS_WORK_DEFINITIONS_INT','FBDI', NULL, 2, 'WIS_WORK_DEFINITIONS_INT','',  'WisProcWorkDefinitionsInt', 'ProcessWorkDefinitionTemplate', NULL, 30000, 'WIS_WORK_DEFINITIONS', current_date, 'riteadmin', current_date, 'riteadmin', NULL, NULL, NULL, NULL,NULL, NULL, NULL, NULL, NULL, NULL, NULL, NULL, NULL, NULL, NULL,'DATA_MIGRATION', 'WIS_PROCESS_WORK_DEF_HEADER_', 'CR_WIS_PROCESS_WORK_DEF_HEADER__C', 'CR_WIS_PROCESS_WORK_DEF_HEADER__CLD');
INSERT INTO cr_objects (object_id, object_name, object_code, user_object_name, module_code, parent_object_id, fbdi_sheet, loader_endpoint, re_con_query, sequence_in_parent, interface_table_name, rejection_table_name, ctl_file_name, xlsm_file_name, immediate_parent, batch_size, base_tables, creation_date, created_by, last_update_date, last_update_by, attribute1, attribute2, attribute3, attribute4, attribute5, attribute6, attribute7, attribute8, attribute9, attribute10, attribute11, attribute12, attribute13, attribute14, attribute15, conversion_type,cld_template_code,cld_metadata_table_name,cld_template_name) VALUES 
(466,'Wis Process Work Definition Operations', 'WIS_PROCESS_WORK_DEFINITION_OPERATIONS', 'Wis Process Work Definition Operations', 'MFG', 463, 'WIS_WD_DETAILS_INT','FBDI', NULL, 3, 'WIS_WD_DETAILS_INT','',  'WisProcWdOperationsInt', 'ProcessWorkDefinitionTemplate', NULL, 30000, 'WIS_WD_OPERATIONS_B', current_date, 'riteadmin', current_date, 'riteadmin', NULL, NULL, NULL, NULL,NULL, NULL, NULL, NULL, NULL, NULL, NULL, NULL, NULL, NULL, NULL,'DATA_MIGRATION', 'WIS_PROCESS_WORK_DEF_OPERS', 'CR_WIS_PROCESS_WORK_DEF_OPERS_C', 'CR_WIS_PROCESS_WORK_DEF_OPERS_CLD');
INSERT INTO cr_objects (object_id, object_name, object_code, user_object_name, module_code, parent_object_id, fbdi_sheet, loader_endpoint, re_con_query, sequence_in_parent, interface_table_name, rejection_table_name, ctl_file_name, xlsm_file_name, immediate_parent, batch_size, base_tables, creation_date, created_by, last_update_date, last_update_by, attribute1, attribute2, attribute3, attribute4, attribute5, attribute6, attribute7, attribute8, attribute9, attribute10, attribute11, attribute12, attribute13, attribute14, attribute15, conversion_type,cld_template_code,cld_metadata_table_name,cld_template_name) VALUES 
(467,'Wis Process Work Definition Operation Materials', 'WIS_PROCESS_WORK_DEFINITION_OPERATION_MATERIALS', 'Wis Process Work Definition Operation Materials', 'MFG', 463, 'WIS_WD_DETAILS_INT','FBDI', NULL, 4, 'WIS_WD_DETAILS_INT','',  'WisProcWdOperationMaterialsInt', 'ProcessWorkDefinitionTemplate', NULL, 30000, 'WIS_WD_OPERATION_MATERIALS', current_date, 'riteadmin', current_date, 'riteadmin', NULL, NULL, NULL, NULL,NULL, NULL, NULL, NULL, NULL, NULL, NULL, NULL, NULL, NULL, NULL,'DATA_MIGRATION', 'WIS_PROCESS_WD_OPER_MATERIALS', 'CR_WIS_PROCESS_WD_OPER_MATERIALS_C', 'CR_WIS_PROCESS_WD_OPER_MATERIALS_CLD');
INSERT INTO cr_objects (object_id, object_name, object_code, user_object_name, module_code, parent_object_id, fbdi_sheet, loader_endpoint, re_con_query, sequence_in_parent, interface_table_name, rejection_table_name, ctl_file_name, xlsm_file_name, immediate_parent, batch_size, base_tables, creation_date, created_by, last_update_date, last_update_by, attribute1, attribute2, attribute3, attribute4, attribute5, attribute6, attribute7, attribute8, attribute9, attribute10, attribute11, attribute12, attribute13, attribute14, attribute15, conversion_type,cld_template_code,cld_metadata_table_name,cld_template_name) VALUES 
(468,'Wis Process Work Definition Operation Outputs', 'WIS_PROCESS_WORK_DEFINITION_OPERATION_OUTPUTS', 'Wis Process Work Definition Operation Outputs', 'MFG', 463, 'WIS_WD_DETAILS_INT','FBDI', NULL, 5, 'WIS_WD_DETAILS_INT','',  'WisProcWdOperationOutputsInt', 'ProcessWorkDefinitionTemplate', NULL, 30000, 'WIS_WD_OPERATION_OUTPUTS', current_date, 'riteadmin', current_date, 'riteadmin', NULL, NULL, NULL, NULL,NULL, NULL, NULL, NULL, NULL, NULL, NULL, NULL, NULL, NULL, NULL,'DATA_MIGRATION', 'WIS_PROCESS_WD_OPER_OUTPUTS', 'CR_WIS_PROCESS_WD_OPER_OUTPUTS_C', 'CR_WIS_PROCESS_WD_OPER_OUTPUTS_CLD');
INSERT INTO cr_objects (object_id, object_name, object_code, user_object_name, module_code, parent_object_id, fbdi_sheet, loader_endpoint, re_con_query, sequence_in_parent, interface_table_name, rejection_table_name, ctl_file_name, xlsm_file_name, immediate_parent, batch_size, base_tables, creation_date, created_by, last_update_date, last_update_by, attribute1, attribute2, attribute3, attribute4, attribute5, attribute6, attribute7, attribute8, attribute9, attribute10, attribute11, attribute12, attribute13, attribute14, attribute15, conversion_type,cld_template_code,cld_metadata_table_name,cld_template_name) VALUES 
(469,'Wis Process Work Definition Operation Resources', 'WIS_PROCESS_WORK_DEFINITION_OPERATION_RESOURCES', 'Wis Process Work Definition Operation Resources', 'MFG', 463, 'WIS_WD_DETAILS_INT','FBDI', NULL, 6, 'WIS_WD_DETAILS_INT','',  'WisProcWdOperationResourcesInt', 'ProcessWorkDefinitionTemplate', NULL, 30000, 'WIS_WD_OPERATION_RESOURCES', current_date, 'riteadmin', current_date, 'riteadmin', NULL, NULL, NULL, NULL,NULL, NULL, NULL, NULL, NULL, NULL, NULL, NULL, NULL, NULL, NULL,'DATA_MIGRATION', 'WIS_PROCESS_WORK_DEF_OPER_RES', 'CR_WIS_PROCESS_WORK_DEF_OPER_RES_C', 'CR_WIS_PROCESS_WORK_DEF_OPER_RES_CLD');
INSERT INTO cr_objects (object_id, object_name, object_code, user_object_name, module_code, parent_object_id, fbdi_sheet, loader_endpoint, re_con_query, sequence_in_parent, interface_table_name, rejection_table_name, ctl_file_name, xlsm_file_name, immediate_parent, batch_size, base_tables, creation_date, created_by, last_update_date, last_update_by, attribute1, attribute2, attribute3, attribute4, attribute5, attribute6, attribute7, attribute8, attribute9, attribute10, attribute11, attribute12, attribute13, attribute14, attribute15, conversion_type,cld_template_code,cld_metadata_table_name,cld_template_name) VALUES 
(470,'Wis Process Work Definition Operation Alternate Resources', 'WIS_PROCESS_WORK_DEFINITION_OPERATION_ALTERNATE_RESOURCES', 'Wis Process Work Definition Operation Alternate Resources', 'MFG', 463, 'WIS_WD_DETAILS_INT','FBDI', NULL, 7, 'WIS_WD_DETAILS_INT','',  'WisProcWdOperationAltResInt', 'ProcessWorkDefinitionTemplate', NULL, 30000, 'WIS_WD_OP_ALT_RESOURCES', current_date, 'riteadmin', current_date, 'riteadmin', NULL, NULL, NULL, NULL,NULL, NULL, NULL, NULL, NULL, NULL, NULL, NULL, NULL, NULL, NULL,'DATA_MIGRATION', 'WIS_PROCESS_WD_OPER_ALTER_RES', 'CR_WIS_PROCESS_WD_OPER_ALTER_RES_C', 'CR_WIS_PROCESS_WD_OPER_ALTER_RES_CLD');

-- PROCESS_WORK_ORDER
INSERT INTO cr_objects (object_id, object_name, object_code, user_object_name, module_code, parent_object_id, fbdi_sheet, loader_endpoint, re_con_query, sequence_in_parent, interface_table_name, rejection_table_name, ctl_file_name, xlsm_file_name, immediate_parent, batch_size, base_tables, creation_date, created_by, last_update_date, last_update_by, attribute1, attribute2, attribute3, attribute4, attribute5, attribute6, attribute7, attribute8, attribute9, attribute10, attribute11, attribute12, attribute13, attribute14, attribute15, conversion_type,cld_template_code,cld_metadata_table_name,cld_template_name) VALUES 
(471,'Process Work Order', 'PROCESS_WORK_ORDER', 'Process Work Order', 'MFG', NULL, '','FBDI', NULL, NULL, '','',  '', '', NULL, 30000, NULL, current_date, 'riteadmin', current_date, 'riteadmin', NULL, NULL, NULL, NULL,NULL, NULL, NULL, NULL, NULL, NULL, NULL, NULL, NULL, NULL, NULL,'DATA_MIGRATION', NULL, NULL, NULL);
INSERT INTO cr_objects (object_id, object_name, object_code, user_object_name, module_code, parent_object_id, fbdi_sheet, loader_endpoint, re_con_query, sequence_in_parent, interface_table_name, rejection_table_name, ctl_file_name, xlsm_file_name, immediate_parent, batch_size, base_tables, creation_date, created_by, last_update_date, last_update_by, attribute1, attribute2, attribute3, attribute4, attribute5, attribute6, attribute7, attribute8, attribute9, attribute10, attribute11, attribute12, attribute13, attribute14, attribute15, conversion_type,cld_template_code,cld_metadata_table_name,cld_template_name) VALUES 
(472,'Wie Batch', 'WIE_BATCH', 'Wie Batch', 'MFG', 471, 'WIE_INT_BATCHES_B','FBDI', NULL, 1, 'WIE_INT_BATCHES_B','WIE_INT_ERRORS',  'WieProcessWoBatches', 'ProcessWorkOrderTemplate', NULL, 30000, NULL, current_date, 'riteadmin', current_date, 'riteadmin', NULL, NULL, NULL, NULL,NULL, NULL, NULL, NULL, NULL, NULL, NULL, NULL, NULL, NULL, NULL,'DATA_MIGRATION', 'WIE_BATCH', 'CR_WIE_BATCH_C', 'CR_WIE_BATCH_CLD');
INSERT INTO cr_objects (object_id, object_name, object_code, user_object_name, module_code, parent_object_id, fbdi_sheet, loader_endpoint, re_con_query, sequence_in_parent, interface_table_name, rejection_table_name, ctl_file_name, xlsm_file_name, immediate_parent, batch_size, base_tables, creation_date, created_by, last_update_date, last_update_by, attribute1, attribute2, attribute3, attribute4, attribute5, attribute6, attribute7, attribute8, attribute9, attribute10, attribute11, attribute12, attribute13, attribute14, attribute15, conversion_type,cld_template_code,cld_metadata_table_name,cld_template_name) VALUES 
(473,'Wie Work Order Header', 'WIE_WORK_ORDER_HEADER', 'Wie Work Order Header', 'MFG', 471, 'WIE_WORK_ORDERS_INT','FBDI', NULL, 2, 'WIE_WORK_ORDERS_INT','WIE_INT_ERRORS',  'WieProcessWoHeaders', 'ProcessWorkOrderTemplate', NULL, 30000, 'WIE_WORK_ORDERS_B', current_date, 'riteadmin', current_date, 'riteadmin', NULL, NULL, NULL, NULL,NULL, NULL, NULL, NULL, NULL, NULL, NULL, NULL, NULL, NULL, NULL,'DATA_MIGRATION', 'WIE_WORK_ORDER_HEADER', 'CR_WIE_WORK_ORDER_HEADER_C', 'CR_WIE_WORK_ORDER_HEADER_CLD');
INSERT INTO cr_objects (object_id, object_name, object_code, user_object_name, module_code, parent_object_id, fbdi_sheet, loader_endpoint, re_con_query, sequence_in_parent, interface_table_name, rejection_table_name, ctl_file_name, xlsm_file_name, immediate_parent, batch_size, base_tables, creation_date, created_by, last_update_date, last_update_by, attribute1, attribute2, attribute3, attribute4, attribute5, attribute6, attribute7, attribute8, attribute9, attribute10, attribute11, attribute12, attribute13, attribute14, attribute15, conversion_type,cld_template_code,cld_metadata_table_name,cld_template_name) VALUES 
(474,'Wie Work Order Operations', 'WIE_WORK_ORDER_OPERATIONS', 'Wie Work Order Operations', 'MFG', 471, 'WIE_WORK_ORDER_DETAILS_INT','FBDI', NULL, 3, 'WIE_WORK_ORDER_DETAILS_INT','WIE_INT_ERRORS',  'WieProcessWoOperations', 'ProcessWorkOrderTemplate', NULL, 30000, NULL, current_date, 'riteadmin', current_date, 'riteadmin', NULL, NULL, NULL, NULL,NULL, NULL, NULL, NULL, NULL, NULL, NULL, NULL, NULL, NULL, NULL,'DATA_MIGRATION', 'WIE_WORK_ORDER_OPERATIONS', 'CR_WIE_WORK_ORDER_OPERATIONS_C', 'CR_WIE_WORK_ORDER_OPERATIONS_CLD');
INSERT INTO cr_objects (object_id, object_name, object_code, user_object_name, module_code, parent_object_id, fbdi_sheet, loader_endpoint, re_con_query, sequence_in_parent, interface_table_name, rejection_table_name, ctl_file_name, xlsm_file_name, immediate_parent, batch_size, base_tables, creation_date, created_by, last_update_date, last_update_by, attribute1, attribute2, attribute3, attribute4, attribute5, attribute6, attribute7, attribute8, attribute9, attribute10, attribute11, attribute12, attribute13, attribute14, attribute15, conversion_type,cld_template_code,cld_metadata_table_name,cld_template_name) VALUES 
(475,'Wie Work Order Operation Materials', 'WIE_WORK_ORDER_OPERATION_MATERIALS', 'Wie Work Order Operation Materials', 'MFG', 471, 'WIE_WORK_ORDER_DETAILS_INT','FBDI', NULL, 4, 'WIE_WORK_ORDER_DETAILS_INT','WIE_INT_ERRORS',  'WieProcessWoOperMaterials', 'ProcessWorkOrderTemplate', NULL, 30000, 'WIE_WO_OPERATION_MATERIALS', current_date, 'riteadmin', current_date, 'riteadmin', NULL, NULL, NULL, NULL,NULL, NULL, NULL, NULL, NULL, NULL, NULL, NULL, NULL, NULL, NULL,'DATA_MIGRATION', 'WIE_WO_OPERATION_MATERIALS', 'CR_WIE_WO_OPERATION_MATERIALS_C', 'CR_WIE_WO_OPERATION_MATERIALS_CLD');
INSERT INTO cr_objects (object_id, object_name, object_code, user_object_name, module_code, parent_object_id, fbdi_sheet, loader_endpoint, re_con_query, sequence_in_parent, interface_table_name, rejection_table_name, ctl_file_name, xlsm_file_name, immediate_parent, batch_size, base_tables, creation_date, created_by, last_update_date, last_update_by, attribute1, attribute2, attribute3, attribute4, attribute5, attribute6, attribute7, attribute8, attribute9, attribute10, attribute11, attribute12, attribute13, attribute14, attribute15, conversion_type,cld_template_code,cld_metadata_table_name,cld_template_name) VALUES 
(476,'Wie Work Order Operation Resources', 'WIE_WORK_ORDER_OPERATION_RESOURCES', 'Wie Work Order Operation Resources', 'MFG', 471, 'WIE_WORK_ORDER_DETAILS_INT','FBDI', NULL, 5, 'WIE_WORK_ORDER_DETAILS_INT','WIE_INT_ERRORS',  'WieProcessWoOperResources', 'ProcessWorkOrderTemplate', NULL, 30000, 'WIE_WO_OPERATION_RESOURCES', current_date, 'riteadmin', current_date, 'riteadmin', NULL, NULL, NULL, NULL,NULL, NULL, NULL, NULL, NULL, NULL, NULL, NULL, NULL, NULL, NULL,'DATA_MIGRATION', 'WIE_WO_OPERATION_RESOURCES', 'CR_WIE_WO_OPERATION_RESOURCES_C', 'CR_WIE_WO_OPERATION_RESOURCES_CLD');
INSERT INTO cr_objects (object_id, object_name, object_code, user_object_name, module_code, parent_object_id, fbdi_sheet, loader_endpoint, re_con_query, sequence_in_parent, interface_table_name, rejection_table_name, ctl_file_name, xlsm_file_name, immediate_parent, batch_size, base_tables, creation_date, created_by, last_update_date, last_update_by, attribute1, attribute2, attribute3, attribute4, attribute5, attribute6, attribute7, attribute8, attribute9, attribute10, attribute11, attribute12, attribute13, attribute14, attribute15, conversion_type,cld_template_code,cld_metadata_table_name,cld_template_name) VALUES 
(477,'Wie Work Order Operation Resource Instances', 'WIE_WORK_ORDER_OPERATION_RESOURCE_INSTANCES', 'Wie Work Order Operation Resource Instances', 'MFG', 471, 'WIE_WORK_ORDER_DETAILS_INT','FBDI', NULL, 6, 'WIE_WORK_ORDER_DETAILS_INT','WIE_INT_ERRORS',  'WieProcessWoOperResInstances', 'ProcessWorkOrderTemplate', NULL, 30000, 'WIE_WO_OP_RESOURCE_INSTANCES', current_date, 'riteadmin', current_date, 'riteadmin', NULL, NULL, NULL, NULL,NULL, NULL, NULL, NULL, NULL, NULL, NULL, NULL, NULL, NULL, NULL,'DATA_MIGRATION', 'WIE_WO_OPER_RESOURCE_INSTANCES', 'CR_WIE_WO_OPER_RESOURCE_INSTANCES_C', 'CR_WIE_WO_OPER_RESOURCE_INSTANCES_CLD');
INSERT INTO cr_objects (object_id, object_name, object_code, user_object_name, module_code, parent_object_id, fbdi_sheet, loader_endpoint, re_con_query, sequence_in_parent, interface_table_name, rejection_table_name, ctl_file_name, xlsm_file_name, immediate_parent, batch_size, base_tables, creation_date, created_by, last_update_date, last_update_by, attribute1, attribute2, attribute3, attribute4, attribute5, attribute6, attribute7, attribute8, attribute9, attribute10, attribute11, attribute12, attribute13, attribute14, attribute15, conversion_type,cld_template_code,cld_metadata_table_name,cld_template_name) VALUES 
(478,'Wie Work Order Operation Outputs ', 'WIE_WORK_ORDER_OPERATION_OUTPUTS_', 'Wie Work Order Operation Outputs ', 'MFG', 471, 'WIE_WORK_ORDER_DETAILS_INT','FBDI', NULL, 7, 'WIE_WORK_ORDER_DETAILS_INT','WIE_INT_ERRORS',  'WieProcessWoOperOutputs', 'ProcessWorkOrderTemplate', NULL, 30000, 'WIE_WO_OPERATION_OUTPUTS', current_date, 'riteadmin', current_date, 'riteadmin', NULL, NULL, NULL, NULL,NULL, NULL, NULL, NULL, NULL, NULL, NULL, NULL, NULL, NULL, NULL,'DATA_MIGRATION', 'WIE_WO_OPERATION_OUTPUTS', 'CR_WIE_WO_OPERATION_OUTPUTS_C', 'CR_WIE_WO_OPERATION_OUTPUTS_CLD');
INSERT INTO cr_objects (object_id, object_name, object_code, user_object_name, module_code, parent_object_id, fbdi_sheet, loader_endpoint, re_con_query, sequence_in_parent, interface_table_name, rejection_table_name, ctl_file_name, xlsm_file_name, immediate_parent, batch_size, base_tables, creation_date, created_by, last_update_date, last_update_by, attribute1, attribute2, attribute3, attribute4, attribute5, attribute6, attribute7, attribute8, attribute9, attribute10, attribute11, attribute12, attribute13, attribute14, attribute15, conversion_type,cld_template_code,cld_metadata_table_name,cld_template_name) VALUES 
(479,'Wie Work Order Lots', 'WIE_WORK_ORDER_LOTS', 'Wie Work Order Lots', 'MFG', 471, 'WIE_WORK_ORDER_DETAILS_INT','FBDI', NULL, 8, 'WIE_WORK_ORDER_DETAILS_INT','WIE_INT_ERRORS',  'WieProcessWoLots', 'ProcessWorkOrderTemplate', NULL, 30000, 'WIE_WO_PRODUCT_LOTS', current_date, 'riteadmin', current_date, 'riteadmin', NULL, NULL, NULL, NULL,NULL, NULL, NULL, NULL, NULL, NULL, NULL, NULL, NULL, NULL, NULL,'DATA_MIGRATION', 'WIE_WORK_ORDER_LOTS', 'CR_WIE_WORK_ORDER_LOTS_C', 'CR_WIE_WORK_ORDER_LOTS_CLD');


-- PROCESS_WORK_ORDER_MATERIAL_TRANSACTION
INSERT INTO cr_objects (object_id, object_name, object_code, user_object_name, module_code, parent_object_id, fbdi_sheet, loader_endpoint, re_con_query, sequence_in_parent, interface_table_name, rejection_table_name, ctl_file_name, xlsm_file_name, immediate_parent, batch_size, base_tables, creation_date, created_by, last_update_date, last_update_by, attribute1, attribute2, attribute3, attribute4, attribute5, attribute6, attribute7, attribute8, attribute9, attribute10, attribute11, attribute12, attribute13, attribute14, attribute15, conversion_type,cld_template_code,cld_metadata_table_name,cld_template_name) VALUES 
(480,'Process Work Order Material Transaction', 'PROCESS_WORK_ORDER_MATERIAL_TRANSACTION', 'Process Work Order Material Transaction', 'MFG', NULL, '','FBDI', NULL, NULL, '','',  '', '', NULL, 30000, NULL, current_date, 'riteadmin', current_date, 'riteadmin', NULL, NULL, NULL, NULL,NULL, NULL, NULL, NULL, NULL, NULL, NULL, NULL, NULL, NULL, NULL,'DATA_MIGRATION', NULL, NULL, NULL);
INSERT INTO cr_objects (object_id, object_name, object_code, user_object_name, module_code, parent_object_id, fbdi_sheet, loader_endpoint, re_con_query, sequence_in_parent, interface_table_name, rejection_table_name, ctl_file_name, xlsm_file_name, immediate_parent, batch_size, base_tables, creation_date, created_by, last_update_date, last_update_by, attribute1, attribute2, attribute3, attribute4, attribute5, attribute6, attribute7, attribute8, attribute9, attribute10, attribute11, attribute12, attribute13, attribute14, attribute15, conversion_type,cld_template_code,cld_metadata_table_name,cld_template_name) VALUES 
(481,'Wie Output Batch', 'WIE_OUTPUT_BATCH', 'Wie Output Batch', 'MFG', 480, 'WIE_INT_BATCHES_B','FBDI', NULL, 1, 'WIE_INT_BATCHES_B','WIE_INT_ERRORS',  'WieOutputTxnBatches', 'ProcessWorkOrderMaterialTransactionTemplate', NULL, 30000, NULL, current_date, 'riteadmin', current_date, 'riteadmin', NULL, NULL, NULL, NULL,NULL, NULL, NULL, NULL, NULL, NULL, NULL, NULL, NULL, NULL, NULL,'DATA_MIGRATION', 'WIE_OUTPUT_BATCH', 'CR_WIE_OUTPUT_BATCH_C', 'CR_WIE_OUTPUT_BATCH_CLD');
INSERT INTO cr_objects (object_id, object_name, object_code, user_object_name, module_code, parent_object_id, fbdi_sheet, loader_endpoint, re_con_query, sequence_in_parent, interface_table_name, rejection_table_name, ctl_file_name, xlsm_file_name, immediate_parent, batch_size, base_tables, creation_date, created_by, last_update_date, last_update_by, attribute1, attribute2, attribute3, attribute4, attribute5, attribute6, attribute7, attribute8, attribute9, attribute10, attribute11, attribute12, attribute13, attribute14, attribute15, conversion_type,cld_template_code,cld_metadata_table_name,cld_template_name) VALUES 
(482,'Wie Output Transaction', 'WIE_OUTPUT_TRANSACTION', 'Wie Output Transaction', 'MFG', 480, 'WIE_MATERIAL_TRANSACTIONS_INT','FBDI', NULL, 2, 'WIE_MATERIAL_TRANSACTIONS_INT','WIE_INT_ERRORS',  'WieOutputTxns', 'ProcessWorkOrderMaterialTransactionTemplate', NULL, 30000, NULL, current_date, 'riteadmin', current_date, 'riteadmin', NULL, NULL, NULL, NULL,NULL, NULL, NULL, NULL, NULL, NULL, NULL, NULL, NULL, NULL, NULL,'DATA_MIGRATION', 'WIE_OUTPUT_TRANSACTION', 'CR_WIE_OUTPUT_TRANSACTION_C', 'CR_WIE_OUTPUT_TRANSACTION_CLD');
INSERT INTO cr_objects (object_id, object_name, object_code, user_object_name, module_code, parent_object_id, fbdi_sheet, loader_endpoint, re_con_query, sequence_in_parent, interface_table_name, rejection_table_name, ctl_file_name, xlsm_file_name, immediate_parent, batch_size, base_tables, creation_date, created_by, last_update_date, last_update_by, attribute1, attribute2, attribute3, attribute4, attribute5, attribute6, attribute7, attribute8, attribute9, attribute10, attribute11, attribute12, attribute13, attribute14, attribute15, conversion_type,cld_template_code,cld_metadata_table_name,cld_template_name) VALUES 
(483,'Wie Output Transaction Lots', 'WIE_OUTPUT_TRANSACTION_LOTS', 'Wie Output Transaction Lots', 'MFG', 480, 'WIE_TRANSACTION_LOTS_INT','FBDI', NULL, 3, 'WIE_TRANSACTION_LOTS_INT','WIE_INT_ERRORS',  'WieOutputTxnLots', 'ProcessWorkOrderMaterialTransactionTemplate', NULL, 30000, 'WIE_TRANSACTION_LOTS', current_date, 'riteadmin', current_date, 'riteadmin', NULL, NULL, NULL, NULL,NULL, NULL, NULL, NULL, NULL, NULL, NULL, NULL, NULL, NULL, NULL,'DATA_MIGRATION', 'WIE_OUTPUT_TRANSACTION_LOTS', 'CR_WIE_OUTPUT_TRANSACTION_LOTS_C', 'CR_WIE_OUTPUT_TRANSACTION_LOTS_CLD');
INSERT INTO cr_objects (object_id, object_name, object_code, user_object_name, module_code, parent_object_id, fbdi_sheet, loader_endpoint, re_con_query, sequence_in_parent, interface_table_name, rejection_table_name, ctl_file_name, xlsm_file_name, immediate_parent, batch_size, base_tables, creation_date, created_by, last_update_date, last_update_by, attribute1, attribute2, attribute3, attribute4, attribute5, attribute6, attribute7, attribute8, attribute9, attribute10, attribute11, attribute12, attribute13, attribute14, attribute15, conversion_type,cld_template_code,cld_metadata_table_name,cld_template_name) VALUES 
(484,'Wie Output Transaction Serials', 'WIE_OUTPUT_TRANSACTION_SERIALS', 'Wie Output Transaction Serials', 'MFG', 480, 'WIE_TRANSACTION_SERIALS_INT','FBDI', NULL, 4, 'WIE_TRANSACTION_SERIALS_INT','WIE_INT_ERRORS',  'WieOutputTxnSerials', 'ProcessWorkOrderMaterialTransactionTemplate', NULL, 30000, 'WIE_TRANSACTION_SERIALS', current_date, 'riteadmin', current_date, 'riteadmin', NULL, NULL, NULL, NULL,NULL, NULL, NULL, NULL, NULL, NULL, NULL, NULL, NULL, NULL, NULL,'DATA_MIGRATION', 'WIE_OUTPUT_TRANSACTION_SERIALS', 'CR_WIE_OUTPUT_TRANSACTION_SERIALS_C', 'CR_WIE_OUTPUT_TRANSACTION_SERIALS_CLD');


-- PROCESS_WORK_ORDER_OPERATION_TRANSACTION
INSERT INTO cr_objects (object_id, object_name, object_code, user_object_name, module_code, parent_object_id, fbdi_sheet, loader_endpoint, re_con_query, sequence_in_parent, interface_table_name, rejection_table_name, ctl_file_name, xlsm_file_name, immediate_parent, batch_size, base_tables, creation_date, created_by, last_update_date, last_update_by, attribute1, attribute2, attribute3, attribute4, attribute5, attribute6, attribute7, attribute8, attribute9, attribute10, attribute11, attribute12, attribute13, attribute14, attribute15, conversion_type,cld_template_code,cld_metadata_table_name,cld_template_name) VALUES 
(485,'Process Work Order Operation Transaction', 'PROCESS_WORK_ORDER_OPERATION_TRANSACTION', 'Process Work Order Operation Transaction', 'MFG', NULL, '','FBDI', NULL, NULL, '','',  '', '', NULL, 30000, NULL, current_date, 'riteadmin', current_date, 'riteadmin', NULL, NULL, NULL, NULL,NULL, NULL, NULL, NULL, NULL, NULL, NULL, NULL, NULL, NULL, NULL,'DATA_MIGRATION', NULL, NULL, NULL);
INSERT INTO cr_objects (object_id, object_name, object_code, user_object_name, module_code, parent_object_id, fbdi_sheet, loader_endpoint, re_con_query, sequence_in_parent, interface_table_name, rejection_table_name, ctl_file_name, xlsm_file_name, immediate_parent, batch_size, base_tables, creation_date, created_by, last_update_date, last_update_by, attribute1, attribute2, attribute3, attribute4, attribute5, attribute6, attribute7, attribute8, attribute9, attribute10, attribute11, attribute12, attribute13, attribute14, attribute15, conversion_type,cld_template_code,cld_metadata_table_name,cld_template_name) VALUES 
(486,'WieProcessOpTxnBatches', 'WIEPROCESSOPTXNBATCHES', 'WieProcessOpTxnBatches', 'MFG', 485, 'WIE_INT_BATCHES_B','FBDI', NULL, 1, 'WIE_INT_BATCHES_B','WIE_INT_ERRORS',  'WieProcessOpTxnBatches', 'ProcessWorkOrderOperationTransactionTemplate', NULL, 30000, NULL, current_date, 'riteadmin', current_date, 'riteadmin', NULL, NULL, NULL, NULL,NULL, NULL, NULL, NULL, NULL, NULL, NULL, NULL, NULL, NULL, NULL,'DATA_MIGRATION', 'WIEPROCESSOPTXNBATCHES', 'CR_WIEPROCESSOPTXNBATCHES_C', 'CR_WIEPROCESSOPTXNBATCHES_CLD');
INSERT INTO cr_objects (object_id, object_name, object_code, user_object_name, module_code, parent_object_id, fbdi_sheet, loader_endpoint, re_con_query, sequence_in_parent, interface_table_name, rejection_table_name, ctl_file_name, xlsm_file_name, immediate_parent, batch_size, base_tables, creation_date, created_by, last_update_date, last_update_by, attribute1, attribute2, attribute3, attribute4, attribute5, attribute6, attribute7, attribute8, attribute9, attribute10, attribute11, attribute12, attribute13, attribute14, attribute15, conversion_type,cld_template_code,cld_metadata_table_name,cld_template_name) VALUES 
(487,'Wie Operation Transaction', 'WIE_OPERATION_TRANSACTION', 'Wie Operation Transaction', 'MFG', 485, 'WIE_OPERATION_TRANSACTIONS_INT','FBDI', NULL, 2, 'WIE_OPERATION_TRANSACTIONS_INT','WIE_INT_ERRORS',  'WieProcessOpTxns', 'ProcessWorkOrderOperationTransactionTemplate', NULL, 30000, 'WIE_OPERATION_TRANSACTIONS', current_date, 'riteadmin', current_date, 'riteadmin', NULL, NULL, NULL, NULL,NULL, NULL, NULL, NULL, NULL, NULL, NULL, NULL, NULL, NULL, NULL,'DATA_MIGRATION', 'WIE_OPERATION_TRANSACTION', 'CR_WIE_OPERATION_TRANSACTION_C', 'CR_WIE_OPERATION_TRANSACTION_CLD');
INSERT INTO cr_objects (object_id, object_name, object_code, user_object_name, module_code, parent_object_id, fbdi_sheet, loader_endpoint, re_con_query, sequence_in_parent, interface_table_name, rejection_table_name, ctl_file_name, xlsm_file_name, immediate_parent, batch_size, base_tables, creation_date, created_by, last_update_date, last_update_by, attribute1, attribute2, attribute3, attribute4, attribute5, attribute6, attribute7, attribute8, attribute9, attribute10, attribute11, attribute12, attribute13, attribute14, attribute15, conversion_type,cld_template_code,cld_metadata_table_name,cld_template_name) VALUES 
(488,'Wie Material Transaction ', 'WIE_MATERIAL_TRANSACTION_', 'Wie Material Transaction ', 'MFG', 485, 'WIE_MATERIAL_TRANSACTIONS_INT','FBDI', NULL, 3, 'WIE_MATERIAL_TRANSACTIONS_INT','WIE_INT_ERRORS',  'WieProcessOpMatTxns', 'ProcessWorkOrderOperationTransactionTemplate', NULL, 30000, NULL, current_date, 'riteadmin', current_date, 'riteadmin', NULL, NULL, NULL, NULL,NULL, NULL, NULL, NULL, NULL, NULL, NULL, NULL, NULL, NULL, NULL,'DATA_MIGRATION', 'WIE_MATERIAL_TRANSACTION_', 'CR_WIE_MATERIAL_TRANSACTION__C', 'CR_WIE_MATERIAL_TRANSACTION__CLD');
INSERT INTO cr_objects (object_id, object_name, object_code, user_object_name, module_code, parent_object_id, fbdi_sheet, loader_endpoint, re_con_query, sequence_in_parent, interface_table_name, rejection_table_name, ctl_file_name, xlsm_file_name, immediate_parent, batch_size, base_tables, creation_date, created_by, last_update_date, last_update_by, attribute1, attribute2, attribute3, attribute4, attribute5, attribute6, attribute7, attribute8, attribute9, attribute10, attribute11, attribute12, attribute13, attribute14, attribute15, conversion_type,cld_template_code,cld_metadata_table_name,cld_template_name) VALUES 
(489,'Wie Material Transaction Lots', 'WIE_MATERIAL_TRANSACTION_LOTS', 'Wie Material Transaction Lots', 'MFG', 485, 'WIE_TRANSACTION_LOTS_INT','FBDI', NULL, 4, 'WIE_TRANSACTION_LOTS_INT','WIE_INT_ERRORS',  'WieProcessOpMatTxnLots', 'ProcessWorkOrderOperationTransactionTemplate', NULL, 30000, 'WIE_TRANSACTION_LOTS', current_date, 'riteadmin', current_date, 'riteadmin', NULL, NULL, NULL, NULL,NULL, NULL, NULL, NULL, NULL, NULL, NULL, NULL, NULL, NULL, NULL,'DATA_MIGRATION', 'WIE_MATERIAL_TRANSACTION_LOTS', 'CR_WIE_MATERIAL_TRANSACTION_LOTS_C', 'CR_WIE_MATERIAL_TRANSACTION_LOTS_CLD');
INSERT INTO cr_objects (object_id, object_name, object_code, user_object_name, module_code, parent_object_id, fbdi_sheet, loader_endpoint, re_con_query, sequence_in_parent, interface_table_name, rejection_table_name, ctl_file_name, xlsm_file_name, immediate_parent, batch_size, base_tables, creation_date, created_by, last_update_date, last_update_by, attribute1, attribute2, attribute3, attribute4, attribute5, attribute6, attribute7, attribute8, attribute9, attribute10, attribute11, attribute12, attribute13, attribute14, attribute15, conversion_type,cld_template_code,cld_metadata_table_name,cld_template_name) VALUES 
(490,'Wie Material Transaction Serials', 'WIE_MATERIAL_TRANSACTION_SERIALS', 'Wie Material Transaction Serials', 'MFG', 485, 'WIE_TRANSACTION_SERIALS_INT','FBDI', NULL, 5, 'WIE_TRANSACTION_SERIALS_INT','WIE_INT_ERRORS',  'WieProcessOpMatTxnSerials', 'ProcessWorkOrderOperationTransactionTemplate', NULL, 30000, 'WIE_TRANSACTION_SERIALS', current_date, 'riteadmin', current_date, 'riteadmin', NULL, NULL, NULL, NULL,NULL, NULL, NULL, NULL, NULL, NULL, NULL, NULL, NULL, NULL, NULL,'DATA_MIGRATION', 'WIE_MATERIAL_TRANS_SERIALS', 'CR_WIE_MATERIAL_TRANS_SERIALS_C', 'CR_WIE_MATERIAL_TRANS_SERIALS_CLD');

-- WORK_ORDER_MATERIAL_TRANSACTION
INSERT INTO cr_objects (object_id, object_name, object_code, user_object_name, module_code, parent_object_id, fbdi_sheet, loader_endpoint, re_con_query, sequence_in_parent, interface_table_name, rejection_table_name, ctl_file_name, xlsm_file_name, immediate_parent, batch_size, base_tables, creation_date, created_by, last_update_date, last_update_by, attribute1, attribute2, attribute3, attribute4, attribute5, attribute6, attribute7, attribute8, attribute9, attribute10, attribute11, attribute12, attribute13, attribute14, attribute15, conversion_type,cld_template_code,cld_metadata_table_name,cld_template_name) VALUES 
(491,'Work Order Material Transaction', 'WORK_ORDER_MATERIAL_TRANSACTION', 'Work Order Material Transaction', 'MFG', NULL, '','FBDI', NULL, NULL, '','',  '', '', NULL, 30000, NULL, current_date, 'riteadmin', current_date, 'riteadmin', NULL, NULL, NULL, NULL,NULL, NULL, NULL, NULL, NULL, NULL, NULL, NULL, NULL, NULL, NULL,'DATA_MIGRATION', NULL, NULL, NULL);
INSERT INTO cr_objects (object_id, object_name, object_code, user_object_name, module_code, parent_object_id, fbdi_sheet, loader_endpoint, re_con_query, sequence_in_parent, interface_table_name, rejection_table_name, ctl_file_name, xlsm_file_name, immediate_parent, batch_size, base_tables, creation_date, created_by, last_update_date, last_update_by, attribute1, attribute2, attribute3, attribute4, attribute5, attribute6, attribute7, attribute8, attribute9, attribute10, attribute11, attribute12, attribute13, attribute14, attribute15, conversion_type,cld_template_code,cld_metadata_table_name,cld_template_name) VALUES 
(492,'Wie Batch', 'WIE_BATCH', 'Wie Batch', 'MFG', 491, 'WIE_INT_BATCHES_B','FBDI', NULL, 1, 'WIE_INT_BATCHES_B','WIE_INT_ERRORS',  'WieMtlTxnBatches', 'WorkOrderMaterialTransactionTemplate', NULL, 30000, NULL, current_date, 'riteadmin', current_date, 'riteadmin', NULL, NULL, NULL, NULL,NULL, NULL, NULL, NULL, NULL, NULL, NULL, NULL, NULL, NULL, NULL,'DATA_MIGRATION', 'WIE_BATCH', 'CR_WIE_BATCH_C', 'CR_WIE_BATCH_CLD');
INSERT INTO cr_objects (object_id, object_name, object_code, user_object_name, module_code, parent_object_id, fbdi_sheet, loader_endpoint, re_con_query, sequence_in_parent, interface_table_name, rejection_table_name, ctl_file_name, xlsm_file_name, immediate_parent, batch_size, base_tables, creation_date, created_by, last_update_date, last_update_by, attribute1, attribute2, attribute3, attribute4, attribute5, attribute6, attribute7, attribute8, attribute9, attribute10, attribute11, attribute12, attribute13, attribute14, attribute15, conversion_type,cld_template_code,cld_metadata_table_name,cld_template_name) VALUES 
(493,'Wie Material Transaction', 'WIE_MATERIAL_TRANSACTION', 'Wie Material Transaction', 'MFG', 491, 'WIE_MATERIAL_TRANSACTIONS_INT','FBDI', NULL, 2, 'WIE_MATERIAL_TRANSACTIONS_INT','WIE_INT_ERRORS',  'WieMtlTxns', 'WorkOrderMaterialTransactionTemplate', NULL, 30000, NULL, current_date, 'riteadmin', current_date, 'riteadmin', NULL, NULL, NULL, NULL,NULL, NULL, NULL, NULL, NULL, NULL, NULL, NULL, NULL, NULL, NULL,'DATA_MIGRATION', 'WIE_MATERIAL_TRANSACTION', 'CR_WIE_MATERIAL_TRANSACTION_C', 'CR_WIE_MATERIAL_TRANSACTION_CLD');
INSERT INTO cr_objects (object_id, object_name, object_code, user_object_name, module_code, parent_object_id, fbdi_sheet, loader_endpoint, re_con_query, sequence_in_parent, interface_table_name, rejection_table_name, ctl_file_name, xlsm_file_name, immediate_parent, batch_size, base_tables, creation_date, created_by, last_update_date, last_update_by, attribute1, attribute2, attribute3, attribute4, attribute5, attribute6, attribute7, attribute8, attribute9, attribute10, attribute11, attribute12, attribute13, attribute14, attribute15, conversion_type,cld_template_code,cld_metadata_table_name,cld_template_name) VALUES 
(494,'Wie Material Transaction Lots', 'WIE_MATERIAL_TRANSACTION_LOTS', 'Wie Material Transaction Lots', 'MFG', 491, 'WIE_TRANSACTION_LOTS_INT','FBDI', NULL, 3, 'WIE_TRANSACTION_LOTS_INT','WIE_INT_ERRORS',  'WieMtlTxnLots', 'WorkOrderMaterialTransactionTemplate', NULL, 30000, 'WIE_TRANSACTION_LOTS', current_date, 'riteadmin', current_date, 'riteadmin', NULL, NULL, NULL, NULL,NULL, NULL, NULL, NULL, NULL, NULL, NULL, NULL, NULL, NULL, NULL,'DATA_MIGRATION', 'WIE_MATERIAL_TRANSACTION_LOTS', 'CR_WIE_MATERIAL_TRANSACTION_LOTS_C', 'CR_WIE_MATERIAL_TRANSACTION_LOTS_CLD');
INSERT INTO cr_objects (object_id, object_name, object_code, user_object_name, module_code, parent_object_id, fbdi_sheet, loader_endpoint, re_con_query, sequence_in_parent, interface_table_name, rejection_table_name, ctl_file_name, xlsm_file_name, immediate_parent, batch_size, base_tables, creation_date, created_by, last_update_date, last_update_by, attribute1, attribute2, attribute3, attribute4, attribute5, attribute6, attribute7, attribute8, attribute9, attribute10, attribute11, attribute12, attribute13, attribute14, attribute15, conversion_type,cld_template_code,cld_metadata_table_name,cld_template_name) VALUES 
(495,'Wie Material Transaction Serials', 'WIE_MATERIAL_TRANSACTION_SERIALS', 'Wie Material Transaction Serials', 'MFG', 491, 'WIE_TRANSACTION_SERIALS_INT','FBDI', NULL, 4, 'WIE_TRANSACTION_SERIALS_INT','WIE_INT_ERRORS',  'WieMtlTxnSerials', 'WorkOrderMaterialTransactionTemplate', NULL, 30000, 'WIE_TRANSACTION_SERIALS', current_date, 'riteadmin', current_date, 'riteadmin', NULL, NULL, NULL, NULL,NULL, NULL, NULL, NULL, NULL, NULL, NULL, NULL, NULL, NULL, NULL,'DATA_MIGRATION', 'WIE_MATERIAL_TRANS_SERIALS', 'CR_WIE_MATERIAL_TRANS_SERIALS_C', 'CR_WIE_MATERIAL_TRANS_SERIALS_CLD');

-- WORK_ORDER_OPERATION_TRANSACTION	`
INSERT INTO cr_objects (object_id, object_name, object_code, user_object_name, module_code, parent_object_id, fbdi_sheet, loader_endpoint, re_con_query, sequence_in_parent, interface_table_name, rejection_table_name, ctl_file_name, xlsm_file_name, immediate_parent, batch_size, base_tables, creation_date, created_by, last_update_date, last_update_by, attribute1, attribute2, attribute3, attribute4, attribute5, attribute6, attribute7, attribute8, attribute9, attribute10, attribute11, attribute12, attribute13, attribute14, attribute15, conversion_type,cld_template_code,cld_metadata_table_name,cld_template_name) VALUES 
(496,'Work Order Operation Transaction', 'WORK_ORDER_OPERATION_TRANSACTION', 'Work Order Operation Transaction', 'MFG', NULL, '','FBDI', NULL, NULL, '','',  '', '', NULL, 30000, NULL, current_date, 'riteadmin', current_date, 'riteadmin', NULL, NULL, NULL, NULL,NULL, NULL, NULL, NULL, NULL, NULL, NULL, NULL, NULL, NULL, NULL,'DATA_MIGRATION', NULL, NULL, NULL);
INSERT INTO cr_objects (object_id, object_name, object_code, user_object_name, module_code, parent_object_id, fbdi_sheet, loader_endpoint, re_con_query, sequence_in_parent, interface_table_name, rejection_table_name, ctl_file_name, xlsm_file_name, immediate_parent, batch_size, base_tables, creation_date, created_by, last_update_date, last_update_by, attribute1, attribute2, attribute3, attribute4, attribute5, attribute6, attribute7, attribute8, attribute9, attribute10, attribute11, attribute12, attribute13, attribute14, attribute15, conversion_type,cld_template_code,cld_metadata_table_name,cld_template_name) VALUES 
(497,'Wie Batch', 'WIE_BATCH', 'Wie Batch', 'MFG', 496, 'WIE_INT_BATCHES_B','FBDI', NULL, 1, 'WIE_INT_BATCHES_B','WIE_INT_ERRORS',  'WieOpTxnBatches', 'WorkOrderOperationTransactionTemplate', NULL, 30000, NULL, current_date, 'riteadmin', current_date, 'riteadmin', NULL, NULL, NULL, NULL,NULL, NULL, NULL, NULL, NULL, NULL, NULL, NULL, NULL, NULL, NULL,'DATA_MIGRATION', 'WIE_BATCH', 'CR_WIE_BATCH_C', 'CR_WIE_BATCH_CLD');
INSERT INTO cr_objects (object_id, object_name, object_code, user_object_name, module_code, parent_object_id, fbdi_sheet, loader_endpoint, re_con_query, sequence_in_parent, interface_table_name, rejection_table_name, ctl_file_name, xlsm_file_name, immediate_parent, batch_size, base_tables, creation_date, created_by, last_update_date, last_update_by, attribute1, attribute2, attribute3, attribute4, attribute5, attribute6, attribute7, attribute8, attribute9, attribute10, attribute11, attribute12, attribute13, attribute14, attribute15, conversion_type,cld_template_code,cld_metadata_table_name,cld_template_name) VALUES 
(498,'Wie Operation Transaction', 'WIE_OPERATION_TRANSACTION', 'Wie Operation Transaction', 'MFG', 496, 'WIE_OPERATION_TRANSACTIONS_INT','FBDI', NULL, 2, 'WIE_OPERATION_TRANSACTIONS_INT','WIE_INT_ERRORS',  'WieOpTxns', 'WorkOrderOperationTransactionTemplate', NULL, 30000, 'WIE_OPERATION_TRANSACTIONS', current_date, 'riteadmin', current_date, 'riteadmin', NULL, NULL, NULL, NULL,NULL, NULL, NULL, NULL, NULL, NULL, NULL, NULL, NULL, NULL, NULL,'DATA_MIGRATION', 'WIE_OPERATION_TRANSACTION', 'CR_WIE_OPERATION_TRANSACTION_C', 'CR_WIE_OPERATION_TRANSACTION_CLD');
INSERT INTO cr_objects (object_id, object_name, object_code, user_object_name, module_code, parent_object_id, fbdi_sheet, loader_endpoint, re_con_query, sequence_in_parent, interface_table_name, rejection_table_name, ctl_file_name, xlsm_file_name, immediate_parent, batch_size, base_tables, creation_date, created_by, last_update_date, last_update_by, attribute1, attribute2, attribute3, attribute4, attribute5, attribute6, attribute7, attribute8, attribute9, attribute10, attribute11, attribute12, attribute13, attribute14, attribute15, conversion_type,cld_template_code,cld_metadata_table_name,cld_template_name) VALUES 
(499,'Wie Material Transaction', 'WIE_MATERIAL_TRANSACTION', 'Wie Material Transaction', 'MFG', 496, 'WIE_MATERIAL_TRANSACTIONS_INT','FBDI', NULL, 3, 'WIE_MATERIAL_TRANSACTIONS_INT','WIE_INT_ERRORS',  'WieOpMatTxns', 'WorkOrderOperationTransactionTemplate', NULL, 30000, NULL, current_date, 'riteadmin', current_date, 'riteadmin', NULL, NULL, NULL, NULL,NULL, NULL, NULL, NULL, NULL, NULL, NULL, NULL, NULL, NULL, NULL,'DATA_MIGRATION', 'WIE_MATERIAL_TRANSACTION', 'CR_WIE_MATERIAL_TRANSACTION_C', 'CR_WIE_MATERIAL_TRANSACTION_CLD');
INSERT INTO cr_objects (object_id, object_name, object_code, user_object_name, module_code, parent_object_id, fbdi_sheet, loader_endpoint, re_con_query, sequence_in_parent, interface_table_name, rejection_table_name, ctl_file_name, xlsm_file_name, immediate_parent, batch_size, base_tables, creation_date, created_by, last_update_date, last_update_by, attribute1, attribute2, attribute3, attribute4, attribute5, attribute6, attribute7, attribute8, attribute9, attribute10, attribute11, attribute12, attribute13, attribute14, attribute15, conversion_type,cld_template_code,cld_metadata_table_name,cld_template_name) VALUES 
(500,'Wie Operation Transaction Lots', 'WIE_OPERATION_TRANSACTION_LOTS', 'Wie Operation Transaction Lots', 'MFG', 496, 'WIE_TRANSACTION_LOTS_INT','FBDI', NULL, 4, 'WIE_TRANSACTION_LOTS_INT','WIE_INT_ERRORS',  'WieOpTxnLots', 'WorkOrderOperationTransactionTemplate', NULL, 30000, 'WIE_TRANSACTION_LOTS', current_date, 'riteadmin', current_date, 'riteadmin', NULL, NULL, NULL, NULL,NULL, NULL, NULL, NULL, NULL, NULL, NULL, NULL, NULL, NULL, NULL,'DATA_MIGRATION', 'WIE_OPERATION_TRANSACTION_LOTS', 'CR_WIE_OPERATION_TRANSACTION_LOTS_C', 'CR_WIE_OPERATION_TRANSACTION_LOTS_CLD');
INSERT INTO cr_objects (object_id, object_name, object_code, user_object_name, module_code, parent_object_id, fbdi_sheet, loader_endpoint, re_con_query, sequence_in_parent, interface_table_name, rejection_table_name, ctl_file_name, xlsm_file_name, immediate_parent, batch_size, base_tables, creation_date, created_by, last_update_date, last_update_by, attribute1, attribute2, attribute3, attribute4, attribute5, attribute6, attribute7, attribute8, attribute9, attribute10, attribute11, attribute12, attribute13, attribute14, attribute15, conversion_type,cld_template_code,cld_metadata_table_name,cld_template_name) VALUES 
(501,'Wie Operation Transaction Serials', 'WIE_OPERATION_TRANSACTION_SERIALS', 'Wie Operation Transaction Serials', 'MFG', 496, 'WIE_TRANSACTION_SERIALS_INT','FBDI', NULL, 5, 'WIE_TRANSACTION_SERIALS_INT','WIE_INT_ERRORS',  'WieOpTxnSerials', 'WorkOrderOperationTransactionTemplate', NULL, 30000, 'WIE_TRANSACTION_SERIALS', current_date, 'riteadmin', current_date, 'riteadmin', NULL, NULL, NULL, NULL,NULL, NULL, NULL, NULL, NULL, NULL, NULL, NULL, NULL, NULL, NULL,'DATA_MIGRATION', 'WIE_OPERATION_TRANS_SERIALS', 'CR_WIE_OPERATION_TRANS_SERIALS_C', 'CR_WIE_OPERATION_TRANS_SERIALS_CLD');
INSERT INTO cr_objects (object_id, object_name, object_code, user_object_name, module_code, parent_object_id, fbdi_sheet, loader_endpoint, re_con_query, sequence_in_parent, interface_table_name, rejection_table_name, ctl_file_name, xlsm_file_name, immediate_parent, batch_size, base_tables, creation_date, created_by, last_update_date, last_update_by, attribute1, attribute2, attribute3, attribute4, attribute5, attribute6, attribute7, attribute8, attribute9, attribute10, attribute11, attribute12, attribute13, attribute14, attribute15, conversion_type,cld_template_code,cld_metadata_table_name,cld_template_name) VALUES 
(502,'Wie Material Transaction Lots', 'WIE_MATERIAL_TRANSACTION_LOTS', 'Wie Material Transaction Lots', 'MFG', 496, 'WIE_TRANSACTION_LOTS_INT','FBDI', NULL, 6, 'WIE_TRANSACTION_LOTS_INT','WIE_INT_ERRORS',  'WieOpMatTxnLots', 'WorkOrderOperationTransactionTemplate', NULL, 30000, 'WIE_TRANSACTION_LOTS', current_date, 'riteadmin', current_date, 'riteadmin', NULL, NULL, NULL, NULL,NULL, NULL, NULL, NULL, NULL, NULL, NULL, NULL, NULL, NULL, NULL,'DATA_MIGRATION', 'WIE_MATERIAL_TRANSACTION_LOTS', 'CR_WIE_MATERIAL_TRANSACTION_LOTS_C', 'CR_WIE_MATERIAL_TRANSACTION_LOTS_CLD');
INSERT INTO cr_objects (object_id, object_name, object_code, user_object_name, module_code, parent_object_id, fbdi_sheet, loader_endpoint, re_con_query, sequence_in_parent, interface_table_name, rejection_table_name, ctl_file_name, xlsm_file_name, immediate_parent, batch_size, base_tables, creation_date, created_by, last_update_date, last_update_by, attribute1, attribute2, attribute3, attribute4, attribute5, attribute6, attribute7, attribute8, attribute9, attribute10, attribute11, attribute12, attribute13, attribute14, attribute15, conversion_type,cld_template_code,cld_metadata_table_name,cld_template_name) VALUES 
(503,'Wie Material Transaction Serials', 'WIE_MATERIAL_TRANSACTION_SERIALS', 'Wie Material Transaction Serials', 'MFG', 496, 'WIE_TRANSACTION_SERIALS_INT','FBDI', NULL, 7, 'WIE_TRANSACTION_SERIALS_INT','WIE_INT_ERRORS',  'WieOpMatTxnSerials', 'WorkOrderOperationTransactionTemplate', NULL, 30000, 'WIE_TRANSACTION_SERIALS', current_date, 'riteadmin', current_date, 'riteadmin', NULL, NULL, NULL, NULL,NULL, NULL, NULL, NULL, NULL, NULL, NULL, NULL, NULL, NULL, NULL,'DATA_MIGRATION', 'WIE_MATERIAL_TRANS_SERIALS', 'CR_WIE_MATERIAL_TRANS_SERIALS_C', 'CR_WIE_MATERIAL_TRANS_SERIALS_CLD');

-- WORK_ORDER_RESOURCE_TRANSACTION
INSERT INTO cr_objects (object_id, object_name, object_code, user_object_name, module_code, parent_object_id, fbdi_sheet, loader_endpoint, re_con_query, sequence_in_parent, interface_table_name, rejection_table_name, ctl_file_name, xlsm_file_name, immediate_parent, batch_size, base_tables, creation_date, created_by, last_update_date, last_update_by, attribute1, attribute2, attribute3, attribute4, attribute5, attribute6, attribute7, attribute8, attribute9, attribute10, attribute11, attribute12, attribute13, attribute14, attribute15, conversion_type,cld_template_code,cld_metadata_table_name,cld_template_name) VALUES 
(504,'Work Order Resource Transaction', 'WORK_ORDER_RESOURCE_TRANSACTION', 'Work Order Resource Transaction', 'MFG', NULL, '','FBDI', NULL, NULL, '','',  '', '', NULL, 30000, NULL, current_date, 'riteadmin', current_date, 'riteadmin', NULL, NULL, NULL, NULL,NULL, NULL, NULL, NULL, NULL, NULL, NULL, NULL, NULL, NULL, NULL,'DATA_MIGRATION', NULL, NULL, NULL);
INSERT INTO cr_objects (object_id, object_name, object_code, user_object_name, module_code, parent_object_id, fbdi_sheet, loader_endpoint, re_con_query, sequence_in_parent, interface_table_name, rejection_table_name, ctl_file_name, xlsm_file_name, immediate_parent, batch_size, base_tables, creation_date, created_by, last_update_date, last_update_by, attribute1, attribute2, attribute3, attribute4, attribute5, attribute6, attribute7, attribute8, attribute9, attribute10, attribute11, attribute12, attribute13, attribute14, attribute15, conversion_type,cld_template_code,cld_metadata_table_name,cld_template_name) VALUES 
(505,'Wie Batch ', 'WIE_BATCH_', 'Wie Batch ', 'MFG', 504, 'WIE_INT_BATCHES_B','FBDI', NULL, 1, 'WIE_INT_BATCHES_B','WIE_INT_ERRORS',  'WieResTxnBatches', 'WorkOrderResourceTransactionTemplate', NULL, 30000, NULL, current_date, 'riteadmin', current_date, 'riteadmin', NULL, NULL, NULL, NULL,NULL, NULL, NULL, NULL, NULL, NULL, NULL, NULL, NULL, NULL, NULL,'DATA_MIGRATION', 'WIE_BATCH_', 'CR_WIE_BATCH__C', 'CR_WIE_BATCH__CLD');
INSERT INTO cr_objects (object_id, object_name, object_code, user_object_name, module_code, parent_object_id, fbdi_sheet, loader_endpoint, re_con_query, sequence_in_parent, interface_table_name, rejection_table_name, ctl_file_name, xlsm_file_name, immediate_parent, batch_size, base_tables, creation_date, created_by, last_update_date, last_update_by, attribute1, attribute2, attribute3, attribute4, attribute5, attribute6, attribute7, attribute8, attribute9, attribute10, attribute11, attribute12, attribute13, attribute14, attribute15, conversion_type,cld_template_code,cld_metadata_table_name,cld_template_name) VALUES 
(506,'Wie Resource Transaction', 'WIE_RESOURCE_TRANSACTION', 'Wie Resource Transaction', 'MFG', 504, 'WIE_RESOURCE_TRANSACTIONS_INT','FBDI', NULL, 2, 'WIE_RESOURCE_TRANSACTIONS_INT','WIE_INT_ERRORS',  'WieResTxns', 'WorkOrderResourceTransactionTemplate', NULL, 30000, 'WIE_RESOURCE_TRANSACTIONS', current_date, 'riteadmin', current_date, 'riteadmin', NULL, NULL, NULL, NULL,NULL, NULL, NULL, NULL, NULL, NULL, NULL, NULL, NULL, NULL, NULL,'DATA_MIGRATION', 'WIE_RESOURCE_TRANSACTION', 'CR_WIE_RESOURCE_TRANSACTION_C', 'CR_WIE_RESOURCE_TRANSACTION_CLD');

-- CHANGE_ORDERS
INSERT INTO cr_objects (object_id, object_name, object_code, user_object_name, module_code, parent_object_id, fbdi_sheet, loader_endpoint, re_con_query, sequence_in_parent, interface_table_name, rejection_table_name, ctl_file_name, xlsm_file_name, immediate_parent, batch_size, base_tables, creation_date, created_by, last_update_date, last_update_by, attribute1, attribute2, attribute3, attribute4, attribute5, attribute6, attribute7, attribute8, attribute9, attribute10, attribute11, attribute12, attribute13, attribute14, attribute15, conversion_type,cld_template_code,cld_metadata_table_name,cld_template_name) VALUES 
(513,'Change Orders', 'CHANGE_ORDERS', 'Change Orders', 'SCM', NULL, '','FBDI', NULL, NULL, '','',  '', '', NULL, 30000, NULL, current_date, 'riteadmin', current_date, 'riteadmin', NULL, NULL, NULL, NULL,NULL, NULL, NULL, NULL, NULL, NULL, NULL, NULL, NULL, NULL, NULL,'DATA_MIGRATION', NULL, NULL, NULL);
INSERT INTO cr_objects (object_id, object_name, object_code, user_object_name, module_code, parent_object_id, fbdi_sheet, loader_endpoint, re_con_query, sequence_in_parent, interface_table_name, rejection_table_name, ctl_file_name, xlsm_file_name, immediate_parent, batch_size, base_tables, creation_date, created_by, last_update_date, last_update_by, attribute1, attribute2, attribute3, attribute4, attribute5, attribute6, attribute7, attribute8, attribute9, attribute10, attribute11, attribute12, attribute13, attribute14, attribute15, conversion_type,cld_template_code,cld_metadata_table_name,cld_template_name) VALUES 
(514,'Change', 'CHANGE', 'Change', 'SCM', 513, 'EGO_CHANGES_INT','FBDI', NULL, 1, 'EGO_CHANGES_INT','EGO_IMPORT_ERRORS',  'EgoChangesInterface', 'ChangeOrderImportTemplate', NULL, 30000, NULL, current_date, 'riteadmin', current_date, 'riteadmin', NULL, NULL, NULL, NULL,NULL, NULL, NULL, NULL, NULL, NULL, NULL, NULL, NULL, NULL, NULL,'DATA_MIGRATION', 'CHANGE', 'CR_CHANGE_C', 'CR_CHANGE_CLD');
INSERT INTO cr_objects (object_id, object_name, object_code, user_object_name, module_code, parent_object_id, fbdi_sheet, loader_endpoint, re_con_query, sequence_in_parent, interface_table_name, rejection_table_name, ctl_file_name, xlsm_file_name, immediate_parent, batch_size, base_tables, creation_date, created_by, last_update_date, last_update_by, attribute1, attribute2, attribute3, attribute4, attribute5, attribute6, attribute7, attribute8, attribute9, attribute10, attribute11, attribute12, attribute13, attribute14, attribute15, conversion_type,cld_template_code,cld_metadata_table_name,cld_template_name) VALUES 
(515,'Changelines', 'CHANGELINES', 'Changelines', 'SCM', 513, 'EGO_CHANGE_LINES_INT','FBDI', NULL, 2, 'EGO_CHANGE_LINES_INT','EGO_IMPORT_ERRORS',  'EgoChangeLinesInterface', 'ChangeOrderImportTemplate', NULL, 30000, 'EGO_CHANGE_LINES_B', current_date, 'riteadmin', current_date, 'riteadmin', NULL, NULL, NULL, NULL,NULL, NULL, NULL, NULL, NULL, NULL, NULL, NULL, NULL, NULL, NULL,'DATA_MIGRATION', 'CHANGELINES', 'CR_CHANGELINES_C', 'CR_CHANGELINES_CLD');
INSERT INTO cr_objects (object_id, object_name, object_code, user_object_name, module_code, parent_object_id, fbdi_sheet, loader_endpoint, re_con_query, sequence_in_parent, interface_table_name, rejection_table_name, ctl_file_name, xlsm_file_name, immediate_parent, batch_size, base_tables, creation_date, created_by, last_update_date, last_update_by, attribute1, attribute2, attribute3, attribute4, attribute5, attribute6, attribute7, attribute8, attribute9, attribute10, attribute11, attribute12, attribute13, attribute14, attribute15, conversion_type,cld_template_code,cld_metadata_table_name,cld_template_name) VALUES 
(516,'Change Attachments', 'CHANGE_ATTACHMENTS', 'Change Attachments', 'SCM', 513, 'EGO_CHANGE_ATTACHMENTS_INT','FBDI', NULL, 3, 'EGO_CHANGE_ATTACHMENTS_INT','EGO_IMPORT_ERRORS',  'EgoChangeAttachmentsInterface', 'ChangeOrderImportTemplate', NULL, 30000, NULL, current_date, 'riteadmin', current_date, 'riteadmin', NULL, NULL, NULL, NULL,NULL, NULL, NULL, NULL, NULL, NULL, NULL, NULL, NULL, NULL, NULL,'DATA_MIGRATION', 'CHANGE_ATTACHMENTS', 'CR_CHANGE_ATTACHMENTS_C', 'CR_CHANGE_ATTACHMENTS_CLD');
INSERT INTO cr_objects (object_id, object_name, object_code, user_object_name, module_code, parent_object_id, fbdi_sheet, loader_endpoint, re_con_query, sequence_in_parent, interface_table_name, rejection_table_name, ctl_file_name, xlsm_file_name, immediate_parent, batch_size, base_tables, creation_date, created_by, last_update_date, last_update_by, attribute1, attribute2, attribute3, attribute4, attribute5, attribute6, attribute7, attribute8, attribute9, attribute10, attribute11, attribute12, attribute13, attribute14, attribute15, conversion_type,cld_template_code,cld_metadata_table_name,cld_template_name) VALUES 
(517,'Change EFF', 'CHANGE_EFF', 'Change EFF', 'SCM', 513, 'EGO_CHANGE_EFF_INT','FBDI', NULL, 4, 'EGO_CHANGE_EFF_INT','EGO_IMPORT_ERRORS',  'EgoChangeEffInterface', 'ChangeOrderImportTemplate', NULL, 30000, 'EGO_CHANGE_EFF_B', current_date, 'riteadmin', current_date, 'riteadmin', NULL, NULL, NULL, NULL,NULL, NULL, NULL, NULL, NULL, NULL, NULL, NULL, NULL, NULL, NULL,'DATA_MIGRATION', 'CHANGE_EFF', 'CR_CHANGE_EFF_C', 'CR_CHANGE_EFF_CLD');
INSERT INTO cr_objects (object_id, object_name, object_code, user_object_name, module_code, parent_object_id, fbdi_sheet, loader_endpoint, re_con_query, sequence_in_parent, interface_table_name, rejection_table_name, ctl_file_name, xlsm_file_name, immediate_parent, batch_size, base_tables, creation_date, created_by, last_update_date, last_update_by, attribute1, attribute2, attribute3, attribute4, attribute5, attribute6, attribute7, attribute8, attribute9, attribute10, attribute11, attribute12, attribute13, attribute14, attribute15, conversion_type,cld_template_code,cld_metadata_table_name,cld_template_name) VALUES 
(518,'Change History', 'CHANGE_HISTORY', 'Change History', 'SCM', 513, 'EGO_CHANGE_HISTORY_INT','FBDI', NULL, 5, 'EGO_CHANGE_HISTORY_INT','EGO_IMPORT_ERRORS',  'EgoChangeHistoryInterface', 'ChangeOrderImportTemplate', NULL, 30000, NULL, current_date, 'riteadmin', current_date, 'riteadmin', NULL, NULL, NULL, NULL,NULL, NULL, NULL, NULL, NULL, NULL, NULL, NULL, NULL, NULL, NULL,'DATA_MIGRATION', 'CHANGE_HISTORY', 'CR_CHANGE_HISTORY_C', 'CR_CHANGE_HISTORY_CLD');
INSERT INTO cr_objects (object_id, object_name, object_code, user_object_name, module_code, parent_object_id, fbdi_sheet, loader_endpoint, re_con_query, sequence_in_parent, interface_table_name, rejection_table_name, ctl_file_name, xlsm_file_name, immediate_parent, batch_size, base_tables, creation_date, created_by, last_update_date, last_update_by, attribute1, attribute2, attribute3, attribute4, attribute5, attribute6, attribute7, attribute8, attribute9, attribute10, attribute11, attribute12, attribute13, attribute14, attribute15, conversion_type,cld_template_code,cld_metadata_table_name,cld_template_name) VALUES 
(519,'Item History', 'ITEM_HISTORY', 'Item History', 'SCM', 513, 'EGP_SYSTEM_ITEMS_INTERFACE','FBDI', NULL, 6, 'EGP_SYSTEM_ITEMS_INTERFACE','EGP_IMPORT_ERRORS',  'CoEgpSystemItemsInterface', 'ChangeOrderImportTemplate', NULL, 30000, 'EGP_SYSTEM_ITEMS_B', current_date, 'riteadmin', current_date, 'riteadmin', NULL, NULL, NULL, NULL,NULL, NULL, NULL, NULL, NULL, NULL, NULL, NULL, NULL, NULL, NULL,'DATA_MIGRATION', 'ITEM_HISTORY', 'CR_ITEM_HISTORY_C', 'CR_ITEM_HISTORY_CLD');
INSERT INTO cr_objects (object_id, object_name, object_code, user_object_name, module_code, parent_object_id, fbdi_sheet, loader_endpoint, re_con_query, sequence_in_parent, interface_table_name, rejection_table_name, ctl_file_name, xlsm_file_name, immediate_parent, batch_size, base_tables, creation_date, created_by, last_update_date, last_update_by, attribute1, attribute2, attribute3, attribute4, attribute5, attribute6, attribute7, attribute8, attribute9, attribute10, attribute11, attribute12, attribute13, attribute14, attribute15, conversion_type,cld_template_code,cld_metadata_table_name,cld_template_name) VALUES 
(520,'Item Revisions', 'ITEM_REVISIONS', 'Item Revisions', 'SCM', 513, 'EGP_ITEM_REVISIONS_INTERFACE','FBDI', NULL, 7, 'EGP_ITEM_REVISIONS_INTERFACE','EGP_IMPORT_ERRORS',  'CoEgpItemRevisionsInterface', 'ChangeOrderImportTemplate', NULL, 30000, 'EGP_ITEM_REVISIONS_B', current_date, 'riteadmin', current_date, 'riteadmin', NULL, NULL, NULL, NULL,NULL, NULL, NULL, NULL, NULL, NULL, NULL, NULL, NULL, NULL, NULL,'DATA_MIGRATION', 'ITEM_REVISIONS', 'CR_ITEM_REVISIONS_C', 'CR_ITEM_REVISIONS_CLD');
INSERT INTO cr_objects (object_id, object_name, object_code, user_object_name, module_code, parent_object_id, fbdi_sheet, loader_endpoint, re_con_query, sequence_in_parent, interface_table_name, rejection_table_name, ctl_file_name, xlsm_file_name, immediate_parent, batch_size, base_tables, creation_date, created_by, last_update_date, last_update_by, attribute1, attribute2, attribute3, attribute4, attribute5, attribute6, attribute7, attribute8, attribute9, attribute10, attribute11, attribute12, attribute13, attribute14, attribute15, conversion_type,cld_template_code,cld_metadata_table_name,cld_template_name) VALUES 
(521,'Item Extensible Flexfields History ', 'ITEM_EXTENSIBLE_FLEXFIELDS_HISTORY_', 'Item Extensible Flexfields History ', 'SCM', 513, 'EGO_ITEM_INTF_EFF_B','FBDI', NULL, 8, 'EGO_ITEM_INTF_EFF_B','EGO_IMPORT_ERRORS',  'CoEgoItemIntfEffb', 'ChangeOrderImportTemplate', NULL, 30000, 'EGO_ITEM_EFF_B', current_date, 'riteadmin', current_date, 'riteadmin', NULL, NULL, NULL, NULL,NULL, NULL, NULL, NULL, NULL, NULL, NULL, NULL, NULL, NULL, NULL,'DATA_MIGRATION', 'ITEM_EFF_HIS_', 'CR_ITEM_EFF_HIS__C', 'CR_ITEM_EFF_HIS__CLD');
INSERT INTO cr_objects (object_id, object_name, object_code, user_object_name, module_code, parent_object_id, fbdi_sheet, loader_endpoint, re_con_query, sequence_in_parent, interface_table_name, rejection_table_name, ctl_file_name, xlsm_file_name, immediate_parent, batch_size, base_tables, creation_date, created_by, last_update_date, last_update_by, attribute1, attribute2, attribute3, attribute4, attribute5, attribute6, attribute7, attribute8, attribute9, attribute10, attribute11, attribute12, attribute13, attribute14, attribute15, conversion_type,cld_template_code,cld_metadata_table_name,cld_template_name) VALUES 
(522,'Item Translatable Extensible Flexfields History', 'ITEM_TRANSLATABLE_EXTENSIBLE_FLEXFIELDS_HISTORY', 'Item Translatable Extensible Flexfields History', 'SCM', 513, 'EGO_ITEM_INTF_EFF_TL','FBDI', NULL, 9, 'EGO_ITEM_INTF_EFF_TL','EGO_IMPORT_ERRORS',  'CoEgoItemIntfEfftl', 'ChangeOrderImportTemplate', NULL, 30000, 'EGO_ITEM_EFF_TL', current_date, 'riteadmin', current_date, 'riteadmin', NULL, NULL, NULL, NULL,NULL, NULL, NULL, NULL, NULL, NULL, NULL, NULL, NULL, NULL, NULL,'DATA_MIGRATION', 'ITEM_TRANSLATABLE_EFF_HIS', 'CR_ITEM_TRANSLATABLE_EFF_HIS_C', 'CR_ITEM_TRANSLATABLE_EFF_HIS_CLD');
INSERT INTO cr_objects (object_id, object_name, object_code, user_object_name, module_code, parent_object_id, fbdi_sheet, loader_endpoint, re_con_query, sequence_in_parent, interface_table_name, rejection_table_name, ctl_file_name, xlsm_file_name, immediate_parent, batch_size, base_tables, creation_date, created_by, last_update_date, last_update_by, attribute1, attribute2, attribute3, attribute4, attribute5, attribute6, attribute7, attribute8, attribute9, attribute10, attribute11, attribute12, attribute13, attribute14, attribute15, conversion_type,cld_template_code,cld_metadata_table_name,cld_template_name) VALUES 
(523,'Item Attachments History', 'ITEM_ATTACHMENTS_HISTORY', 'Item Attachments History', 'SCM', 513, 'EGP_ITEM_ATTACHMENTS_INTF','FBDI', NULL, 10, 'EGP_ITEM_ATTACHMENTS_INTF','EGP_IMPORT_ERRORS',  'CoEgpItemAttachmentsIntf', 'ChangeOrderImportTemplate', NULL, 30000, NULL, current_date, 'riteadmin', current_date, 'riteadmin', NULL, NULL, NULL, NULL,NULL, NULL, NULL, NULL, NULL, NULL, NULL, NULL, NULL, NULL, NULL,'DATA_MIGRATION', 'ITEM_ATTACHMENTS_HISTORY', 'CR_ITEM_ATTACHMENTS_HISTORY_C', 'CR_ITEM_ATTACHMENTS_HISTORY_CLD');
INSERT INTO cr_objects (object_id, object_name, object_code, user_object_name, module_code, parent_object_id, fbdi_sheet, loader_endpoint, re_con_query, sequence_in_parent, interface_table_name, rejection_table_name, ctl_file_name, xlsm_file_name, immediate_parent, batch_size, base_tables, creation_date, created_by, last_update_date, last_update_by, attribute1, attribute2, attribute3, attribute4, attribute5, attribute6, attribute7, attribute8, attribute9, attribute10, attribute11, attribute12, attribute13, attribute14, attribute15, conversion_type,cld_template_code,cld_metadata_table_name,cld_template_name) VALUES 
(524,'Item Relationships History', 'ITEM_RELATIONSHIPS_HISTORY', 'Item Relationships History', 'SCM', 513, 'EGP_ITEM_RELATIONSHIPS_INTF','FBDI', NULL, 11, 'EGP_ITEM_RELATIONSHIPS_INTF','EGP_IMPORT_ERRORS',  'CoEgpItemRelationshipsIntf', 'ChangeOrderImportTemplate', NULL, 30000, 'EGP_ITEM_RELATIONSHIPS_B', current_date, 'riteadmin', current_date, 'riteadmin', NULL, NULL, NULL, NULL,NULL, NULL, NULL, NULL, NULL, NULL, NULL, NULL, NULL, NULL, NULL,'DATA_MIGRATION', 'ITEM_RELATIONSHIPS_HISTORY', 'CR_ITEM_RELATIONSHIPS_HISTORY_C', 'CR_ITEM_RELATIONSHIPS_HISTORY_CLD');
INSERT INTO cr_objects (object_id, object_name, object_code, user_object_name, module_code, parent_object_id, fbdi_sheet, loader_endpoint, re_con_query, sequence_in_parent, interface_table_name, rejection_table_name, ctl_file_name, xlsm_file_name, immediate_parent, batch_size, base_tables, creation_date, created_by, last_update_date, last_update_by, attribute1, attribute2, attribute3, attribute4, attribute5, attribute6, attribute7, attribute8, attribute9, attribute10, attribute11, attribute12, attribute13, attribute14, attribute15, conversion_type,cld_template_code,cld_metadata_table_name,cld_template_name) VALUES 
(525,'Item Structures History', 'ITEM_STRUCTURES_HISTORY', 'Item Structures History', 'SCM', 513, 'EGP_STRUCTURES_INTERFACE','FBDI', NULL, 12, 'EGP_STRUCTURES_INTERFACE','EGP_IMPORT_ERRORS',  'CoEgpStructuresInterface', 'ChangeOrderImportTemplate', NULL, 30000, 'EGP_STRUCTURES_B', current_date, 'riteadmin', current_date, 'riteadmin', NULL, NULL, NULL, NULL,NULL, NULL, NULL, NULL, NULL, NULL, NULL, NULL, NULL, NULL, NULL,'DATA_MIGRATION', 'ITEM_STRUCTURES_HISTORY', 'CR_ITEM_STRUCTURES_HISTORY_C', 'CR_ITEM_STRUCTURES_HISTORY_CLD');
INSERT INTO cr_objects (object_id, object_name, object_code, user_object_name, module_code, parent_object_id, fbdi_sheet, loader_endpoint, re_con_query, sequence_in_parent, interface_table_name, rejection_table_name, ctl_file_name, xlsm_file_name, immediate_parent, batch_size, base_tables, creation_date, created_by, last_update_date, last_update_by, attribute1, attribute2, attribute3, attribute4, attribute5, attribute6, attribute7, attribute8, attribute9, attribute10, attribute11, attribute12, attribute13, attribute14, attribute15, conversion_type,cld_template_code,cld_metadata_table_name,cld_template_name) VALUES 
(526,'Item Structure Components History', 'ITEM_STRUCTURE_COMPONENTS_HISTORY', 'Item Structure Components History', 'SCM', 513, 'EGP_COMPONENTS_INTERFACE','FBDI', NULL, 13, 'EGP_COMPONENTS_INTERFACE','EGP_IMPORT_ERRORS',  'CoEgpComponentsInterface', 'ChangeOrderImportTemplate', NULL, 30000, 'EGP_COMPONENTS_B', current_date, 'riteadmin', current_date, 'riteadmin', NULL, NULL, NULL, NULL,NULL, NULL, NULL, NULL, NULL, NULL, NULL, NULL, NULL, NULL, NULL,'DATA_MIGRATION', 'ITEM_STRUCTURE_COMPONENTS_HIS', 'CR_ITEM_STRUCTURE_COMPONENTS_HIS_C', 'CR_ITEM_STRUCTURE_COMPONENTS_HIS_CLD');
INSERT INTO cr_objects (object_id, object_name, object_code, user_object_name, module_code, parent_object_id, fbdi_sheet, loader_endpoint, re_con_query, sequence_in_parent, interface_table_name, rejection_table_name, ctl_file_name, xlsm_file_name, immediate_parent, batch_size, base_tables, creation_date, created_by, last_update_date, last_update_by, attribute1, attribute2, attribute3, attribute4, attribute5, attribute6, attribute7, attribute8, attribute9, attribute10, attribute11, attribute12, attribute13, attribute14, attribute15, conversion_type,cld_template_code,cld_metadata_table_name,cld_template_name) VALUES 
(527,'Item Structure SubComponents History', 'ITEM_STRUCTURE_SUBCOMPONENTS_HISTORY', 'Item Structure SubComponents History', 'SCM', 513, 'EGP_SUB_COMPS_INTERFACE','FBDI', NULL, 14, 'EGP_SUB_COMPS_INTERFACE','EGP_IMPORT_ERRORS',  'CoEgpSubCompsInterface', 'ChangeOrderImportTemplate', NULL, 30000, 'EGP_SUBSTITUTE_COMPONENTS', current_date, 'riteadmin', current_date, 'riteadmin', NULL, NULL, NULL, NULL,NULL, NULL, NULL, NULL, NULL, NULL, NULL, NULL, NULL, NULL, NULL,'DATA_MIGRATION', 'ITEM_STRUCT_SUBCOMPONENTS_HIS', 'CR_ITEM_STRUCT_SUBCOMPONENTS_HIS_C', 'CR_ITEM_STRUCT_SUBCOMPONENTS_HIS_CLD');
INSERT INTO cr_objects (object_id, object_name, object_code, user_object_name, module_code, parent_object_id, fbdi_sheet, loader_endpoint, re_con_query, sequence_in_parent, interface_table_name, rejection_table_name, ctl_file_name, xlsm_file_name, immediate_parent, batch_size, base_tables, creation_date, created_by, last_update_date, last_update_by, attribute1, attribute2, attribute3, attribute4, attribute5, attribute6, attribute7, attribute8, attribute9, attribute10, attribute11, attribute12, attribute13, attribute14, attribute15, conversion_type,cld_template_code,cld_metadata_table_name,cld_template_name) VALUES 
(528,'Item Structure Reference Designators History', 'ITEM_STRUCTURE_REFERENCE_DESIGNATORS_HISTORY', 'Item Structure Reference Designators History', 'SCM', 513, 'EGP_REF_DESGS_INTERFACE','FBDI', NULL, 15, 'EGP_REF_DESGS_INTERFACE','EGP_IMPORT_ERRORS',  'CoEgpRefDesgsInterface', 'ChangeOrderImportTemplate', NULL, 30000, 'EGP_REFERENCE_DESIGNATORS', current_date, 'riteadmin', current_date, 'riteadmin', NULL, NULL, NULL, NULL,NULL, NULL, NULL, NULL, NULL, NULL, NULL, NULL, NULL, NULL, NULL,'DATA_MIGRATION', 'ITEM_STRUCT_REF_DESIGNATOR_HIS', 'CR_ITEM_STRUCT_REF_DESIGNATOR_HIS_C', 'CR_ITEM_STRUCT_REF_DESIGNATOR_HIS_CLD');

-- IDEA_IMPORT_PARENT
INSERT INTO cr_objects (object_id, object_name, object_code, user_object_name, module_code, parent_object_id, fbdi_sheet, loader_endpoint, re_con_query, sequence_in_parent, interface_table_name, rejection_table_name, ctl_file_name, xlsm_file_name, immediate_parent, batch_size, base_tables, creation_date, created_by, last_update_date, last_update_by, attribute1, attribute2, attribute3, attribute4, attribute5, attribute6, attribute7, attribute8, attribute9, attribute10, attribute11, attribute12, attribute13, attribute14, attribute15, conversion_type,cld_template_code,cld_metadata_table_name,cld_template_name) VALUES 
(529,'Idea Import Parent', 'IDEA_IMPORT_PARENT', 'Idea Import Parent', 'SCM', NULL, '','FBDI', NULL, NULL, '','',  '', '', NULL, 30000, NULL, current_date, 'riteadmin', current_date, 'riteadmin', NULL, NULL, NULL, NULL,NULL, NULL, NULL, NULL, NULL, NULL, NULL, NULL, NULL, NULL, NULL,'DATA_MIGRATION', NULL, NULL, NULL);
INSERT INTO cr_objects (object_id, object_name, object_code, user_object_name, module_code, parent_object_id, fbdi_sheet, loader_endpoint, re_con_query, sequence_in_parent, interface_table_name, rejection_table_name, ctl_file_name, xlsm_file_name, immediate_parent, batch_size, base_tables, creation_date, created_by, last_update_date, last_update_by, attribute1, attribute2, attribute3, attribute4, attribute5, attribute6, attribute7, attribute8, attribute9, attribute10, attribute11, attribute12, attribute13, attribute14, attribute15, conversion_type,cld_template_code,cld_metadata_table_name,cld_template_name) VALUES 
(530,'Idea Import', 'IDEA_IMPORT', 'Idea Import', 'SCM', 529, 'ACN_IDEA_INT','FBDI', NULL, 1, 'ACN_IDEA_INT','',  'AcnIdeasInterface', 'IdeaImportTemplate', NULL, 30000, 'ACN_IDEA_B', current_date, 'riteadmin', current_date, 'riteadmin', NULL, NULL, NULL, NULL,NULL, NULL, NULL, NULL, NULL, NULL, NULL, NULL, NULL, NULL, NULL,'DATA_MIGRATION', 'IDEA_IMPORT', 'CR_IDEA_IMPORT_C', 'CR_IDEA_IMPORT_CLD');
INSERT INTO cr_objects (object_id, object_name, object_code, user_object_name, module_code, parent_object_id, fbdi_sheet, loader_endpoint, re_con_query, sequence_in_parent, interface_table_name, rejection_table_name, ctl_file_name, xlsm_file_name, immediate_parent, batch_size, base_tables, creation_date, created_by, last_update_date, last_update_by, attribute1, attribute2, attribute3, attribute4, attribute5, attribute6, attribute7, attribute8, attribute9, attribute10, attribute11, attribute12, attribute13, attribute14, attribute15, conversion_type,cld_template_code,cld_metadata_table_name,cld_template_name) VALUES 
(531,'Product Proposal Parent', 'PRODUCT_PROPOSAL_PARENT', 'Product Proposal Parent', 'SCM', NULL, '','FBDI', NULL, NULL, '','',  '', '', NULL, 30000, NULL, current_date, 'riteadmin', current_date, 'riteadmin', NULL, NULL, NULL, NULL,NULL, NULL, NULL, NULL, NULL, NULL, NULL, NULL, NULL, NULL, NULL,'DATA_MIGRATION', NULL, NULL, NULL);
INSERT INTO cr_objects (object_id, object_name, object_code, user_object_name, module_code, parent_object_id, fbdi_sheet, loader_endpoint, re_con_query, sequence_in_parent, interface_table_name, rejection_table_name, ctl_file_name, xlsm_file_name, immediate_parent, batch_size, base_tables, creation_date, created_by, last_update_date, last_update_by, attribute1, attribute2, attribute3, attribute4, attribute5, attribute6, attribute7, attribute8, attribute9, attribute10, attribute11, attribute12, attribute13, attribute14, attribute15, conversion_type,cld_template_code,cld_metadata_table_name,cld_template_name) VALUES 
(532,'Product Proposal', 'PRODUCT_PROPOSAL', 'Product Proposal', 'SCM', 531, 'ACD_PROPOSAL_INT','FBDI', NULL, 1, 'ACD_PROPOSAL_INT','',  'AcdProposalInt', 'ProductProposalImportTemplate', NULL, 30000, 'ACD_PRODUCT_PROPOSAL', current_date, 'riteadmin', current_date, 'riteadmin', NULL, NULL, NULL, NULL,NULL, NULL, NULL, NULL, NULL, NULL, NULL, NULL, NULL, NULL, NULL,'DATA_MIGRATION', 'PRODUCT_PROPOSAL', 'CR_PRODUCT_PROPOSAL_C', 'CR_PRODUCT_PROPOSAL_CLD');
INSERT INTO cr_objects (object_id, object_name, object_code, user_object_name, module_code, parent_object_id, fbdi_sheet, loader_endpoint, re_con_query, sequence_in_parent, interface_table_name, rejection_table_name, ctl_file_name, xlsm_file_name, immediate_parent, batch_size, base_tables, creation_date, created_by, last_update_date, last_update_by, attribute1, attribute2, attribute3, attribute4, attribute5, attribute6, attribute7, attribute8, attribute9, attribute10, attribute11, attribute12, attribute13, attribute14, attribute15, conversion_type,cld_template_code,cld_metadata_table_name,cld_template_name) VALUES 
(533,'Product Proposal Cost', 'PRODUCT_PROPOSAL_COST', 'Product Proposal Cost', 'SCM', 531, 'ACD_COSTS_INT','FBDI', NULL, 2, 'ACD_COSTS_INT','',  'AcdProposalCostInt', 'ProductProposalImportTemplate', NULL, 30000, 'ACD_COSTS', current_date, 'riteadmin', current_date, 'riteadmin', NULL, NULL, NULL, NULL,NULL, NULL, NULL, NULL, NULL, NULL, NULL, NULL, NULL, NULL, NULL,'DATA_MIGRATION', 'PRODUCT_PROPOSAL_COST', 'CR_PRODUCT_PROPOSAL_COST_C', 'CR_PRODUCT_PROPOSAL_COST_CLD');
INSERT INTO cr_objects (object_id, object_name, object_code, user_object_name, module_code, parent_object_id, fbdi_sheet, loader_endpoint, re_con_query, sequence_in_parent, interface_table_name, rejection_table_name, ctl_file_name, xlsm_file_name, immediate_parent, batch_size, base_tables, creation_date, created_by, last_update_date, last_update_by, attribute1, attribute2, attribute3, attribute4, attribute5, attribute6, attribute7, attribute8, attribute9, attribute10, attribute11, attribute12, attribute13, attribute14, attribute15, conversion_type,cld_template_code,cld_metadata_table_name,cld_template_name) VALUES 
(534,'Product Proposal Revenue', 'PRODUCT_PROPOSAL_REVENUE', 'Product Proposal Revenue', 'SCM', 531, 'ACD_REVENUE_INT','FBDI', NULL, 3, 'ACD_REVENUE_INT','',  'AcdProposalRevInt', 'ProductProposalImportTemplate', NULL, 30000, 'ACD_REVENUE', current_date, 'riteadmin', current_date, 'riteadmin', NULL, NULL, NULL, NULL,NULL, NULL, NULL, NULL, NULL, NULL, NULL, NULL, NULL, NULL, NULL,'DATA_MIGRATION', 'PRODUCT_PROPOSAL_REVENUE', 'CR_PRODUCT_PROPOSAL_REVENUE_C', 'CR_PRODUCT_PROPOSAL_REVENUE_CLD');
INSERT INTO cr_objects (object_id, object_name, object_code, user_object_name, module_code, parent_object_id, fbdi_sheet, loader_endpoint, re_con_query, sequence_in_parent, interface_table_name, rejection_table_name, ctl_file_name, xlsm_file_name, immediate_parent, batch_size, base_tables, creation_date, created_by, last_update_date, last_update_by, attribute1, attribute2, attribute3, attribute4, attribute5, attribute6, attribute7, attribute8, attribute9, attribute10, attribute11, attribute12, attribute13, attribute14, attribute15, conversion_type,cld_template_code,cld_metadata_table_name,cld_template_name) VALUES 
(535,'Product Proposal Resources', 'PRODUCT_PROPOSAL_RESOURCES', 'Product Proposal Resources', 'SCM', 531, 'ACD_RESOURCE_INT','FBDI', NULL, 4, 'ACD_RESOURCE_INT','',  'AcdProposalResInt', 'ProductProposalImportTemplate', NULL, 30000, 'ACD_RESOURCE', current_date, 'riteadmin', current_date, 'riteadmin', NULL, NULL, NULL, NULL,NULL, NULL, NULL, NULL, NULL, NULL, NULL, NULL, NULL, NULL, NULL,'DATA_MIGRATION', 'PRODUCT_PROPOSAL_RESOURCES', 'CR_PRODUCT_PROPOSAL_RESOURCES_C', 'CR_PRODUCT_PROPOSAL_RESOURCES_CLD');
INSERT INTO cr_objects (object_id, object_name, object_code, user_object_name, module_code, parent_object_id, fbdi_sheet, loader_endpoint, re_con_query, sequence_in_parent, interface_table_name, rejection_table_name, ctl_file_name, xlsm_file_name, immediate_parent, batch_size, base_tables, creation_date, created_by, last_update_date, last_update_by, attribute1, attribute2, attribute3, attribute4, attribute5, attribute6, attribute7, attribute8, attribute9, attribute10, attribute11, attribute12, attribute13, attribute14, attribute15, conversion_type,cld_template_code,cld_metadata_table_name,cld_template_name) VALUES 
(536,'Product Proposal Portfolio', 'PRODUCT_PROPOSAL_PORTFOLIO', 'Product Proposal Portfolio', 'SCM', 531, 'ACD_PORTFOLIO_REL_INT','FBDI', NULL, 5, 'ACD_PORTFOLIO_REL_INT','',  'AcdProposalPortfolioRelInt', 'ProductProposalImportTemplate', NULL, 30000, 'ACD_PROPOSAL_PORTFOLIO_REL', current_date, 'riteadmin', current_date, 'riteadmin', NULL, NULL, NULL, NULL,NULL, NULL, NULL, NULL, NULL, NULL, NULL, NULL, NULL, NULL, NULL,'DATA_MIGRATION', 'PRODUCT_PROPOSAL_PORTFOLIO', 'CR_PRODUCT_PROPOSAL_PORTFOLIO_C', 'CR_PRODUCT_PROPOSAL_PORTFOLIO_CLD');

-- REQUIREMENT_IMPORT_PARENT
INSERT INTO cr_objects (object_id, object_name, object_code, user_object_name, module_code, parent_object_id, fbdi_sheet, loader_endpoint, re_con_query, sequence_in_parent, interface_table_name, rejection_table_name, ctl_file_name, xlsm_file_name, immediate_parent, batch_size, base_tables, creation_date, created_by, last_update_date, last_update_by, attribute1, attribute2, attribute3, attribute4, attribute5, attribute6, attribute7, attribute8, attribute9, attribute10, attribute11, attribute12, attribute13, attribute14, attribute15, conversion_type,cld_template_code,cld_metadata_table_name,cld_template_name) VALUES 
(537,'Requirement Import Parent', 'REQUIREMENT_IMPORT_PARENT', 'Requirement Import Parent', 'SCM', NULL, '','FBDI', NULL, NULL, '','',  '', '', NULL, 30000, NULL, current_date, 'riteadmin', current_date, 'riteadmin', NULL, NULL, NULL, NULL,NULL, NULL, NULL, NULL, NULL, NULL, NULL, NULL, NULL, NULL, NULL,'DATA_MIGRATION', NULL, NULL, NULL);
INSERT INTO cr_objects (object_id, object_name, object_code, user_object_name, module_code, parent_object_id, fbdi_sheet, loader_endpoint, re_con_query, sequence_in_parent, interface_table_name, rejection_table_name, ctl_file_name, xlsm_file_name, immediate_parent, batch_size, base_tables, creation_date, created_by, last_update_date, last_update_by, attribute1, attribute2, attribute3, attribute4, attribute5, attribute6, attribute7, attribute8, attribute9, attribute10, attribute11, attribute12, attribute13, attribute14, attribute15, conversion_type,cld_template_code,cld_metadata_table_name,cld_template_name) VALUES 
(538,'Requirement Import', 'REQUIREMENT_IMPORT', 'Requirement Import', 'SCM', 537, 'ACN_REQ_SPEC_INT','FBDI', NULL, 1, 'ACN_REQ_SPEC_INT','',  'AcnReqInterface', 'RequirementImportTemplate', NULL, 30000, NULL, current_date, 'riteadmin', current_date, 'riteadmin', NULL, NULL, NULL, NULL,NULL, NULL, NULL, NULL, NULL, NULL, NULL, NULL, NULL, NULL, NULL,'DATA_MIGRATION', 'REQUIREMENT_IMPORT', 'CR_REQUIREMENT_IMPORT_C', 'CR_REQUIREMENT_IMPORT_CLD');
INSERT INTO cr_objects (object_id, object_name, object_code, user_object_name, module_code, parent_object_id, fbdi_sheet, loader_endpoint, re_con_query, sequence_in_parent, interface_table_name, rejection_table_name, ctl_file_name, xlsm_file_name, immediate_parent, batch_size, base_tables, creation_date, created_by, last_update_date, last_update_by, attribute1, attribute2, attribute3, attribute4, attribute5, attribute6, attribute7, attribute8, attribute9, attribute10, attribute11, attribute12, attribute13, attribute14, attribute15, conversion_type,cld_template_code,cld_metadata_table_name,cld_template_name) VALUES 
(539,'Requirement Line Item', 'REQUIREMENT_LINE_ITEM', 'Requirement Line Item', 'SCM', 537, 'ACN_REQUIREMENT_INT','FBDI', NULL, 2, 'ACN_REQUIREMENT_INT','',  'AcnReqLineItemInterface', 'RequirementImportTemplate', NULL, 30000, 'ACN_REQUIREMENT_B', current_date, 'riteadmin', current_date, 'riteadmin', NULL, NULL, NULL, NULL,NULL, NULL, NULL, NULL, NULL, NULL, NULL, NULL, NULL, NULL, NULL,'DATA_MIGRATION', 'REQUIREMENT_LINE_ITEM', 'CR_REQUIREMENT_LINE_ITEM_C', 'CR_REQUIREMENT_LINE_ITEM_CLD');

-- COLLABORATION_ORDER_FORECASTS
INSERT INTO cr_objects (object_id, object_name, object_code, user_object_name, module_code, parent_object_id, fbdi_sheet, loader_endpoint, re_con_query, sequence_in_parent, interface_table_name, rejection_table_name, ctl_file_name, xlsm_file_name, immediate_parent, batch_size, base_tables, creation_date, created_by, last_update_date, last_update_by, attribute1, attribute2, attribute3, attribute4, attribute5, attribute6, attribute7, attribute8, attribute9, attribute10, attribute11, attribute12, attribute13, attribute14, attribute15, conversion_type,cld_template_code,cld_metadata_table_name,cld_template_name) VALUES 
(540,'Collaboration Order Forecasts', 'COLLABORATION_ORDER_FORECASTS', 'Collaboration Order Forecasts', 'SCM', NULL, '','FBDI', NULL, NULL, '','',  '', '', NULL, 30000, NULL, current_date, 'riteadmin', current_date, 'riteadmin', NULL, NULL, NULL, NULL,NULL, NULL, NULL, NULL, NULL, NULL, NULL, NULL, NULL, NULL, NULL,'DATA_MIGRATION', NULL, NULL, NULL);
INSERT INTO cr_objects (object_id, object_name, object_code, user_object_name, module_code, parent_object_id, fbdi_sheet, loader_endpoint, re_con_query, sequence_in_parent, interface_table_name, rejection_table_name, ctl_file_name, xlsm_file_name, immediate_parent, batch_size, base_tables, creation_date, created_by, last_update_date, last_update_by, attribute1, attribute2, attribute3, attribute4, attribute5, attribute6, attribute7, attribute8, attribute9, attribute10, attribute11, attribute12, attribute13, attribute14, attribute15, conversion_type,cld_template_code,cld_metadata_table_name,cld_template_name) VALUES 
(541,'Collaboration Order Forecast Source', 'COLLABORATION_ORDER_FORECAST_SOURCE', 'Collaboration Order Forecast Source', 'SCM', 540, 'VCS_COLLAB_SOURCE_INT','FBDI', NULL, 1, 'VCS_COLLAB_SOURCE_INT','VCS_INTERFACE_ERRORS',  'CollaborationOrderForecastSource', '	VcsCollaborationOrderForecastImportTemplate', NULL, 30000, 'VCS_COLLAB_SOURCE', current_date, 'riteadmin', current_date, 'riteadmin', NULL, NULL, NULL, NULL,NULL, NULL, NULL, NULL, NULL, NULL, NULL, NULL, NULL, NULL, NULL,'DATA_MIGRATION', 'COLLAB_ORDER_FORECAST_SRC', 'CR_COLLAB_ORDER_FORECAST_SRC_C', 'CR_COLLAB_ORDER_FORECAST_SRC_CLD');
INSERT INTO cr_objects (object_id, object_name, object_code, user_object_name, module_code, parent_object_id, fbdi_sheet, loader_endpoint, re_con_query, sequence_in_parent, interface_table_name, rejection_table_name, ctl_file_name, xlsm_file_name, immediate_parent, batch_size, base_tables, creation_date, created_by, last_update_date, last_update_by, attribute1, attribute2, attribute3, attribute4, attribute5, attribute6, attribute7, attribute8, attribute9, attribute10, attribute11, attribute12, attribute13, attribute14, attribute15, conversion_type,cld_template_code,cld_metadata_table_name,cld_template_name) VALUES 
(542,'Collaboration Order Forecast Header', 'COLLABORATION_ORDER_FORECAST_HEADER', 'Collaboration Order Forecast Header', 'SCM', 540, 'VCS_COLLAB_HEADER_INT','FBDI', NULL, 2, 'VCS_COLLAB_HEADER_INT','VCS_INTERFACE_ERRORS',  'CollaborationOrderForecastHeader', '	VcsCollaborationOrderForecastImportTemplate', NULL, 30000, NULL, current_date, 'riteadmin', current_date, 'riteadmin', NULL, NULL, NULL, NULL,NULL, NULL, NULL, NULL, NULL, NULL, NULL, NULL, NULL, NULL, NULL,'DATA_MIGRATION', 'COLLAB_ORDER_FORECAST_HDR', 'CR_COLLAB_ORDER_FORECAST_HDR_C', 'CR_COLLAB_ORDER_FORECAST_HDR_CLD');
INSERT INTO cr_objects (object_id, object_name, object_code, user_object_name, module_code, parent_object_id, fbdi_sheet, loader_endpoint, re_con_query, sequence_in_parent, interface_table_name, rejection_table_name, ctl_file_name, xlsm_file_name, immediate_parent, batch_size, base_tables, creation_date, created_by, last_update_date, last_update_by, attribute1, attribute2, attribute3, attribute4, attribute5, attribute6, attribute7, attribute8, attribute9, attribute10, attribute11, attribute12, attribute13, attribute14, attribute15, conversion_type,cld_template_code,cld_metadata_table_name,cld_template_name) VALUES 
(543,'Collaboration Order Forecast Details', 'COLLABORATION_ORDER_FORECAST_DETAILS', 'Collaboration Order Forecast Details', 'SCM', 540, 'VCS_COLLAB_DETAILS_INT','FBDI', NULL, 3, 'VCS_COLLAB_DETAILS_INT','VCS_INTERFACE_ERRORS',  'CollaborationOrderForecastDetails', '	VcsCollaborationOrderForecastImportTemplate', NULL, 30000, NULL, current_date, 'riteadmin', current_date, 'riteadmin', NULL, NULL, NULL, NULL,NULL, NULL, NULL, NULL, NULL, NULL, NULL, NULL, NULL, NULL, NULL,'DATA_MIGRATION', 'COLLAB_ORDER_FORECAST_DETAILS', 'CR_COLLAB_ORDER_FORECAST_DETAILS_C', 'CR_COLLAB_ORDER_FORECAST_DETAILS_CLD');

-- CROSS-REFERENCE_DATA
INSERT INTO cr_objects (object_id, object_name, object_code, user_object_name, module_code, parent_object_id, fbdi_sheet, loader_endpoint, re_con_query, sequence_in_parent, interface_table_name, rejection_table_name, ctl_file_name, xlsm_file_name, immediate_parent, batch_size, base_tables, creation_date, created_by, last_update_date, last_update_by, attribute1, attribute2, attribute3, attribute4, attribute5, attribute6, attribute7, attribute8, attribute9, attribute10, attribute11, attribute12, attribute13, attribute14, attribute15, conversion_type,cld_template_code,cld_metadata_table_name,cld_template_name) VALUES 
(544,'Cross-Reference Data', 'CROSS-REFERENCE_DATA', 'Cross-Reference Data', 'SCM', NULL, '','FBDI', NULL, NULL, '','',  '', '', NULL, 30000, NULL, current_date, 'riteadmin', current_date, 'riteadmin', NULL, NULL, NULL, NULL,NULL, NULL, NULL, NULL, NULL, NULL, NULL, NULL, NULL, NULL, NULL,'DATA_MIGRATION', NULL, NULL, NULL);
INSERT INTO cr_objects (object_id, object_name, object_code, user_object_name, module_code, parent_object_id, fbdi_sheet, loader_endpoint, re_con_query, sequence_in_parent, interface_table_name, rejection_table_name, ctl_file_name, xlsm_file_name, immediate_parent, batch_size, base_tables, creation_date, created_by, last_update_date, last_update_by, attribute1, attribute2, attribute3, attribute4, attribute5, attribute6, attribute7, attribute8, attribute9, attribute10, attribute11, attribute12, attribute13, attribute14, attribute15, conversion_type,cld_template_code,cld_metadata_table_name,cld_template_name) VALUES 
(545,'Cross Reference Data Import', 'CROSS_REFERENCE_DATA_IMPORT', 'Cross Reference Data Import', 'SCM', 544, 'MSC_ST_XREF_MAPPING_INT','FBDI', NULL, 1, 'MSC_ST_XREF_MAPPING_INT','MSC_ST_XREF_MAPPING_INT',  'CrossReferenceData', 'CrossReferenceDataImportTemplate', NULL, 30000, 'MSC_XREF_MAPPING', current_date, 'riteadmin', current_date, 'riteadmin', NULL, NULL, NULL, NULL,NULL, NULL, NULL, NULL, NULL, NULL, NULL, NULL, NULL, NULL, NULL,'DATA_MIGRATION', 'CROSS_REFERENCE_DATA_IMPORT', 'CR_CROSS_REFERENCE_DATA_IMPORT_C', 'CR_CROSS_REFERENCE_DATA_IMPORT_CLD');

-- ORDER_ORCHESTRATION
INSERT INTO cr_objects (object_id, object_name, object_code, user_object_name, module_code, parent_object_id, fbdi_sheet, loader_endpoint, re_con_query, sequence_in_parent, interface_table_name, rejection_table_name, ctl_file_name, xlsm_file_name, immediate_parent, batch_size, base_tables, creation_date, created_by, last_update_date, last_update_by, attribute1, attribute2, attribute3, attribute4, attribute5, attribute6, attribute7, attribute8, attribute9, attribute10, attribute11, attribute12, attribute13, attribute14, attribute15, conversion_type,cld_template_code,cld_metadata_table_name,cld_template_name) VALUES 
(546,'Order Orchestration', 'ORDER_ORCHESTRATION', 'Order Orchestration', 'SCM', NULL, '','FBDI', NULL, NULL, '','',  '', '', NULL, 30000, NULL, current_date, 'riteadmin', current_date, 'riteadmin', NULL, NULL, NULL, NULL,NULL, NULL, NULL, NULL, NULL, NULL, NULL, NULL, NULL, NULL, NULL,'DATA_MIGRATION', NULL, NULL, NULL);
INSERT INTO cr_objects (object_id, object_name, object_code, user_object_name, module_code, parent_object_id, fbdi_sheet, loader_endpoint, re_con_query, sequence_in_parent, interface_table_name, rejection_table_name, ctl_file_name, xlsm_file_name, immediate_parent, batch_size, base_tables, creation_date, created_by, last_update_date, last_update_by, attribute1, attribute2, attribute3, attribute4, attribute5, attribute6, attribute7, attribute8, attribute9, attribute10, attribute11, attribute12, attribute13, attribute14, attribute15, conversion_type,cld_template_code,cld_metadata_table_name,cld_template_name) VALUES 
(547,'Order Management Look Up Codes', 'ORDER_MANAGEMENT_LOOK_UP_CODES', 'Order Management Look Up Codes', 'SCM', 546, 'MSC_ST_SR_LOOKUP_VALUES_W','FBDI', NULL, 1, 'MSC_ST_SR_LOOKUP_VALUES_W','MSC_COLLECTION_DML_ERRORS',  'OrderManagementLookUpCodes', 'OrderOrchestrationImportTemplate', NULL, 30000, 'MSC_ST_SR_LOOKUP_VALUES_B', current_date, 'riteadmin', current_date, 'riteadmin', NULL, NULL, NULL, NULL,NULL, NULL, NULL, NULL, NULL, NULL, NULL, NULL, NULL, NULL, NULL,'DATA_MIGRATION', 'ORDER_MANAGEMENT_LOOK_UP_CODES', 'CR_ORDER_MANAGEMENT_LOOK_UP_CODES_C', 'CR_ORDER_MANAGEMENT_LOOK_UP_CODES_CLD');
INSERT INTO cr_objects (object_id, object_name, object_code, user_object_name, module_code, parent_object_id, fbdi_sheet, loader_endpoint, re_con_query, sequence_in_parent, interface_table_name, rejection_table_name, ctl_file_name, xlsm_file_name, immediate_parent, batch_size, base_tables, creation_date, created_by, last_update_date, last_update_by, attribute1, attribute2, attribute3, attribute4, attribute5, attribute6, attribute7, attribute8, attribute9, attribute10, attribute11, attribute12, attribute13, attribute14, attribute15, conversion_type,cld_template_code,cld_metadata_table_name,cld_template_name) VALUES 
(548,'Document Categories', 'DOCUMENT_CATEGORIES', 'Document Categories', 'SCM', 546, 'MSC_ST_DOCUMENT_CATEGORIES_W','FBDI', NULL, 2, 'MSC_ST_DOCUMENT_CATEGORIES_W','MSC_COLLECTION_DML_ERRORS',  'DocumentCategories', 'OrderOrchestrationImportTemplate', NULL, 30000, 'MSC_ST_DOCUMENT_CATEGORIES_B', current_date, 'riteadmin', current_date, 'riteadmin', NULL, NULL, NULL, NULL,NULL, NULL, NULL, NULL, NULL, NULL, NULL, NULL, NULL, NULL, NULL,'DATA_MIGRATION', 'DOCUMENT_CATEGORIES', 'CR_DOCUMENT_CATEGORIES_C', 'CR_DOCUMENT_CATEGORIES_CLD');
INSERT INTO cr_objects (object_id, object_name, object_code, user_object_name, module_code, parent_object_id, fbdi_sheet, loader_endpoint, re_con_query, sequence_in_parent, interface_table_name, rejection_table_name, ctl_file_name, xlsm_file_name, immediate_parent, batch_size, base_tables, creation_date, created_by, last_update_date, last_update_by, attribute1, attribute2, attribute3, attribute4, attribute5, attribute6, attribute7, attribute8, attribute9, attribute10, attribute11, attribute12, attribute13, attribute14, attribute15, conversion_type,cld_template_code,cld_metadata_table_name,cld_template_name) VALUES 
(549,'Invoicing And Accounting Rules', 'INVOICING_AND_ACCOUNTING_RULES', 'Invoicing And Accounting Rules', 'SCM', 546, 'MSC_ST_INVOICING_ACCT_RULES','FBDI', NULL, 3, 'MSC_ST_INVOICING_ACCT_RULES','MSC_COLLECTION_DML_ERRORS',  'InvoicingAndAccountingRules', 'OrderOrchestrationImportTemplate', NULL, 30000, NULL, current_date, 'riteadmin', current_date, 'riteadmin', NULL, NULL, NULL, NULL,NULL, NULL, NULL, NULL, NULL, NULL, NULL, NULL, NULL, NULL, NULL,'DATA_MIGRATION', 'INVOICING_AND_ACCOUNTING_RULES', 'CR_INVOICING_AND_ACCOUNTING_RULES_C', 'CR_INVOICING_AND_ACCOUNTING_RULES_CLD');
INSERT INTO cr_objects (object_id, object_name, object_code, user_object_name, module_code, parent_object_id, fbdi_sheet, loader_endpoint, re_con_query, sequence_in_parent, interface_table_name, rejection_table_name, ctl_file_name, xlsm_file_name, immediate_parent, batch_size, base_tables, creation_date, created_by, last_update_date, last_update_by, attribute1, attribute2, attribute3, attribute4, attribute5, attribute6, attribute7, attribute8, attribute9, attribute10, attribute11, attribute12, attribute13, attribute14, attribute15, conversion_type,cld_template_code,cld_metadata_table_name,cld_template_name) VALUES 
(550,'Payment Terms', 'PAYMENT_TERMS', 'Payment Terms', 'SCM', 546, 'MSC_ST_PAYMENT_TERMS_W','FBDI', NULL, 4, 'MSC_ST_PAYMENT_TERMS_W','MSC_COLLECTION_DML_ERRORS',  'PaymentTerms', 'OrderOrchestrationImportTemplate', NULL, 30000, 'MSC_ST_PAYMENT_TERMS_B', current_date, 'riteadmin', current_date, 'riteadmin', NULL, NULL, NULL, NULL,NULL, NULL, NULL, NULL, NULL, NULL, NULL, NULL, NULL, NULL, NULL,'DATA_MIGRATION', 'PAYMENT_TERMS', 'CR_PAYMENT_TERMS_C', 'CR_PAYMENT_TERMS_CLD');
INSERT INTO cr_objects (object_id, object_name, object_code, user_object_name, module_code, parent_object_id, fbdi_sheet, loader_endpoint, re_con_query, sequence_in_parent, interface_table_name, rejection_table_name, ctl_file_name, xlsm_file_name, immediate_parent, batch_size, base_tables, creation_date, created_by, last_update_date, last_update_by, attribute1, attribute2, attribute3, attribute4, attribute5, attribute6, attribute7, attribute8, attribute9, attribute10, attribute11, attribute12, attribute13, attribute14, attribute15, conversion_type,cld_template_code,cld_metadata_table_name,cld_template_name) VALUES 
(551,'Receipt Methods', 'RECEIPT_METHODS', 'Receipt Methods', 'SCM', 546, 'MSC_ST_RECEIPT_METHODS','FBDI', NULL, 5, 'MSC_ST_RECEIPT_METHODS','MSC_COLLECTION_DML_ERRORS',  'ReceiptMethods', 'OrderOrchestrationImportTemplate', NULL, 30000, NULL, current_date, 'riteadmin', current_date, 'riteadmin', NULL, NULL, NULL, NULL,NULL, NULL, NULL, NULL, NULL, NULL, NULL, NULL, NULL, NULL, NULL,'DATA_MIGRATION', 'RECEIPT_METHODS', 'CR_RECEIPT_METHODS_C', 'CR_RECEIPT_METHODS_CLD');
INSERT INTO cr_objects (object_id, object_name, object_code, user_object_name, module_code, parent_object_id, fbdi_sheet, loader_endpoint, re_con_query, sequence_in_parent, interface_table_name, rejection_table_name, ctl_file_name, xlsm_file_name, immediate_parent, batch_size, base_tables, creation_date, created_by, last_update_date, last_update_by, attribute1, attribute2, attribute3, attribute4, attribute5, attribute6, attribute7, attribute8, attribute9, attribute10, attribute11, attribute12, attribute13, attribute14, attribute15, conversion_type,cld_template_code,cld_metadata_table_name,cld_template_name) VALUES 
(552,'Sales Credit Type ', 'SALES_CREDIT_TYPE_', 'Sales Credit Type ', 'SCM', 546, 'MSC_ST_SALES_CREDIT_TYPES','FBDI', NULL, 6, 'MSC_ST_SALES_CREDIT_TYPES','MSC_COLLECTION_DML_ERRORS',  'SalesCreditType', 'OrderOrchestrationImportTemplate', NULL, 30000, NULL, current_date, 'riteadmin', current_date, 'riteadmin', NULL, NULL, NULL, NULL,NULL, NULL, NULL, NULL, NULL, NULL, NULL, NULL, NULL, NULL, NULL,'DATA_MIGRATION', 'SALES_CREDIT_TYPE_', 'CR_SALES_CREDIT_TYPE__C', 'CR_SALES_CREDIT_TYPE__CLD');


-- SUPPLY_CHAIN_PLANNING_APPROVED_SUPPLIER_CAPACITY
INSERT INTO cr_objects (object_id, object_name, object_code, user_object_name, module_code, parent_object_id, fbdi_sheet, loader_endpoint, re_con_query, sequence_in_parent, interface_table_name, rejection_table_name, ctl_file_name, xlsm_file_name, immediate_parent, batch_size, base_tables, creation_date, created_by, last_update_date, last_update_by, attribute1, attribute2, attribute3, attribute4, attribute5, attribute6, attribute7, attribute8, attribute9, attribute10, attribute11, attribute12, attribute13, attribute14, attribute15, conversion_type,cld_template_code,cld_metadata_table_name,cld_template_name) VALUES 
(553,'Supply Chain Planning Approved Supplier Capacity', 'SUPPLY_CHAIN_PLANNING_APPROVED_SUPPLIER_CAPACITY', 'Supply Chain Planning Approved Supplier Capacity', 'SCM', NULL, '','FBDI', NULL, NULL, '','',  '', '', NULL, 30000, NULL, current_date, 'riteadmin', current_date, 'riteadmin', NULL, NULL, NULL, NULL,NULL, NULL, NULL, NULL, NULL, NULL, NULL, NULL, NULL, NULL, NULL,'DATA_MIGRATION', NULL, NULL, NULL);
INSERT INTO cr_objects (object_id, object_name, object_code, user_object_name, module_code, parent_object_id, fbdi_sheet, loader_endpoint, re_con_query, sequence_in_parent, interface_table_name, rejection_table_name, ctl_file_name, xlsm_file_name, immediate_parent, batch_size, base_tables, creation_date, created_by, last_update_date, last_update_by, attribute1, attribute2, attribute3, attribute4, attribute5, attribute6, attribute7, attribute8, attribute9, attribute10, attribute11, attribute12, attribute13, attribute14, attribute15, conversion_type,cld_template_code,cld_metadata_table_name,cld_template_name) VALUES 
(554,'SCP Approved Supplier Capacity', 'SCP_APPROVED_SUPPLIER_CAPACITY', 'SCP Approved Supplier Capacity', 'SCM', 553, 'MSC_ST_SUPPLIER_CAPACITIES','FBDI', NULL, 1, 'MSC_ST_SUPPLIER_CAPACITIES','MSC_COLLECTION_DML_ERRORS',  'SupplierCapacity', 'ScpApprovedSupplierCapacityImportTemplate', NULL, 30000, 'MSC_SUPPLIER_CAPACITIES', current_date, 'riteadmin', current_date, 'riteadmin', NULL, NULL, NULL, NULL,NULL, NULL, NULL, NULL, NULL, NULL, NULL, NULL, NULL, NULL, NULL,'DATA_MIGRATION', 'SCP_APPROVED_SUPPLIER_CAPACITY', 'CR_SCP_APPROVED_SUPPLIER_CAPACITY_C', 'CR_SCP_APPROVED_SUPPLIER_CAPACITY_CLD');

-- SUPPLY_CHAIN_PLANNING_APPROVED_SUPPLIER_LIST
INSERT INTO cr_objects (object_id, object_name, object_code, user_object_name, module_code, parent_object_id, fbdi_sheet, loader_endpoint, re_con_query, sequence_in_parent, interface_table_name, rejection_table_name, ctl_file_name, xlsm_file_name, immediate_parent, batch_size, base_tables, creation_date, created_by, last_update_date, last_update_by, attribute1, attribute2, attribute3, attribute4, attribute5, attribute6, attribute7, attribute8, attribute9, attribute10, attribute11, attribute12, attribute13, attribute14, attribute15, conversion_type,cld_template_code,cld_metadata_table_name,cld_template_name) VALUES 
(555,'Supply Chain Planning Approved Supplier List', 'SUPPLY_CHAIN_PLANNING_APPROVED_SUPPLIER_LIST', 'Supply Chain Planning Approved Supplier List', 'SCM', NULL, '','FBDI', NULL, NULL, '','',  '', '', NULL, 30000, NULL, current_date, 'riteadmin', current_date, 'riteadmin', NULL, NULL, NULL, NULL,NULL, NULL, NULL, NULL, NULL, NULL, NULL, NULL, NULL, NULL, NULL,'DATA_MIGRATION', NULL, NULL, NULL);
INSERT INTO cr_objects (object_id, object_name, object_code, user_object_name, module_code, parent_object_id, fbdi_sheet, loader_endpoint, re_con_query, sequence_in_parent, interface_table_name, rejection_table_name, ctl_file_name, xlsm_file_name, immediate_parent, batch_size, base_tables, creation_date, created_by, last_update_date, last_update_by, attribute1, attribute2, attribute3, attribute4, attribute5, attribute6, attribute7, attribute8, attribute9, attribute10, attribute11, attribute12, attribute13, attribute14, attribute15, conversion_type,cld_template_code,cld_metadata_table_name,cld_template_name) VALUES 
(556,'SCP Approved Supplier List', 'SCP_APPROVED_SUPPLIER_LIST', 'SCP Approved Supplier List', 'SCM', 555, 'MSC_ST_ITEM_SUPPLIERS','FBDI', NULL, 1, 'MSC_ST_ITEM_SUPPLIERS','MSC_COLLECTION_DML_ERRORS',  'ASLSupplierItem', 'ScpApprovedSupplierListImportTemplate', NULL, 30000, 'MSC_SUPPLIER_CAPACITIES', current_date, 'riteadmin', current_date, 'riteadmin', NULL, NULL, NULL, NULL,NULL, NULL, NULL, NULL, NULL, NULL, NULL, NULL, NULL, NULL, NULL,'DATA_MIGRATION', 'SCP_APPROVED_SUPPLIER_LIST', 'CR_SCP_APPROVED_SUPPLIER_LIST_C', 'CR_SCP_APPROVED_SUPPLIER_LIST_CLD');

-- SUPPLY_CHAIN_PLANNING_ATTRIBUTE_VALUES
INSERT INTO cr_objects (object_id, object_name, object_code, user_object_name, module_code, parent_object_id, fbdi_sheet, loader_endpoint, re_con_query, sequence_in_parent, interface_table_name, rejection_table_name, ctl_file_name, xlsm_file_name, immediate_parent, batch_size, base_tables, creation_date, created_by, last_update_date, last_update_by, attribute1, attribute2, attribute3, attribute4, attribute5, attribute6, attribute7, attribute8, attribute9, attribute10, attribute11, attribute12, attribute13, attribute14, attribute15, conversion_type,cld_template_code,cld_metadata_table_name,cld_template_name) VALUES 
(557,'Supply Chain Planning Attribute Values', 'SUPPLY_CHAIN_PLANNING_ATTRIBUTE_VALUES', 'Supply Chain Planning Attribute Values', 'SCM', NULL, '','FBDI', NULL, NULL, '','',  '', '', NULL, 30000, NULL, current_date, 'riteadmin', current_date, 'riteadmin', NULL, NULL, NULL, NULL,NULL, NULL, NULL, NULL, NULL, NULL, NULL, NULL, NULL, NULL, NULL,'DATA_MIGRATION', NULL, NULL, NULL);
INSERT INTO cr_objects (object_id, object_name, object_code, user_object_name, module_code, parent_object_id, fbdi_sheet, loader_endpoint, re_con_query, sequence_in_parent, interface_table_name, rejection_table_name, ctl_file_name, xlsm_file_name, immediate_parent, batch_size, base_tables, creation_date, created_by, last_update_date, last_update_by, attribute1, attribute2, attribute3, attribute4, attribute5, attribute6, attribute7, attribute8, attribute9, attribute10, attribute11, attribute12, attribute13, attribute14, attribute15, conversion_type,cld_template_code,cld_metadata_table_name,cld_template_name) VALUES 
(558,'SCP Planning Attribute Values', 'SCP_PLANNING_ATTRIBUTE_VALUES', 'SCP Planning Attribute Values', 'SCM', 557, 'MSC_ST_ATTRIBUTE_VALUES_INT','FBDI', NULL, 1, 'MSC_ST_ATTRIBUTE_VALUES_INT','MSC_COLLECTION_DML_ERRORS',  'AttributeValues', 'ScpPlanningAttributeValuesImportTemplate', NULL, 30000, 'MSC_ATTRIBUTE_VALUES', current_date, 'riteadmin', current_date, 'riteadmin', NULL, NULL, NULL, NULL,NULL, NULL, NULL, NULL, NULL, NULL, NULL, NULL, NULL, NULL, NULL,'DATA_MIGRATION', 'SCP_PLANNING_ATTRIBUTE_VALUES', 'CR_SCP_PLANNING_ATTRIBUTE_VALUES_C', 'CR_SCP_PLANNING_ATTRIBUTE_VALUES_CLD');
INSERT INTO cr_objects (object_id, object_name, object_code, user_object_name, module_code, parent_object_id, fbdi_sheet, loader_endpoint, re_con_query, sequence_in_parent, interface_table_name, rejection_table_name, ctl_file_name, xlsm_file_name, immediate_parent, batch_size, base_tables, creation_date, created_by, last_update_date, last_update_by, attribute1, attribute2, attribute3, attribute4, attribute5, attribute6, attribute7, attribute8, attribute9, attribute10, attribute11, attribute12, attribute13, attribute14, attribute15, conversion_type,cld_template_code,cld_metadata_table_name,cld_template_name) VALUES 
(559,'SCP Attribute Value Relationships', 'SCP_ATTRIBUTE_VALUE_RELATIONSHIPS', 'SCP Attribute Value Relationships', 'SCM', 557, 'MSC_ST_ATTR_VAL_REL_INT','FBDI', NULL, 2, 'MSC_ST_ATTR_VAL_REL_INT','MSC_COLLECTION_DML_ERRORS',  'AttributeValueRelationships', 'ScpPlanningAttributeValuesImportTemplate', NULL, 30000, 'MSC_ATTR_VAL_RELATIONSHIPS', current_date, 'riteadmin', current_date, 'riteadmin', NULL, NULL, NULL, NULL,NULL, NULL, NULL, NULL, NULL, NULL, NULL, NULL, NULL, NULL, NULL,'DATA_MIGRATION', 'SCP_ATTRIBUTE_VALUE_REL', 'CR_SCP_ATTRIBUTE_VALUE_REL_C', 'CR_SCP_ATTRIBUTE_VALUE_REL_CLD');
INSERT INTO cr_objects (object_id, object_name, object_code, user_object_name, module_code, parent_object_id, fbdi_sheet, loader_endpoint, re_con_query, sequence_in_parent, interface_table_name, rejection_table_name, ctl_file_name, xlsm_file_name, immediate_parent, batch_size, base_tables, creation_date, created_by, last_update_date, last_update_by, attribute1, attribute2, attribute3, attribute4, attribute5, attribute6, attribute7, attribute8, attribute9, attribute10, attribute11, attribute12, attribute13, attribute14, attribute15, conversion_type,cld_template_code,cld_metadata_table_name,cld_template_name) VALUES 
(560,'SCP Attribute Designators', 'SCP_ATTRIBUTE_DESIGNATORS', 'SCP Attribute Designators', 'SCM', 557, 'MSC_ST_ATTR_DESIGNATORS_INT','FBDI', NULL, 3, 'MSC_ST_ATTR_DESIGNATORS_INT','MSC_COLLECTION_DML_ERRORS',  'AttributeDesignators', 'ScpPlanningAttributeValuesImportTemplate', NULL, 30000, 'MSC_ATTR_VAL_RELATIONSHIPS', current_date, 'riteadmin', current_date, 'riteadmin', NULL, NULL, NULL, NULL,NULL, NULL, NULL, NULL, NULL, NULL, NULL, NULL, NULL, NULL, NULL,'DATA_MIGRATION', 'SCP_ATTRIBUTE_DESIGNATORS', 'CR_SCP_ATTRIBUTE_DESIGNATORS_C', 'CR_SCP_ATTRIBUTE_DESIGNATORS_CLD');

-- SUPPLY_CHAIN_PLANNING_AVAILABLE
INSERT INTO cr_objects (object_id, object_name, object_code, user_object_name, module_code, parent_object_id, fbdi_sheet, loader_endpoint, re_con_query, sequence_in_parent, interface_table_name, rejection_table_name, ctl_file_name, xlsm_file_name, immediate_parent, batch_size, base_tables, creation_date, created_by, last_update_date, last_update_by, attribute1, attribute2, attribute3, attribute4, attribute5, attribute6, attribute7, attribute8, attribute9, attribute10, attribute11, attribute12, attribute13, attribute14, attribute15, conversion_type,cld_template_code,cld_metadata_table_name,cld_template_name) VALUES 
(561,'Supply Chain Planning Available-to-Promise Rules', 'SUPPLY_CHAIN_PLANNING_AVAILABLE-TO-PROMISE_RULES', 'Supply Chain Planning Available-to-Promise Rules', 'SCM', NULL, '','FBDI', NULL, NULL, '','',  '', '', NULL, 30000, NULL, current_date, 'riteadmin', current_date, 'riteadmin', NULL, NULL, NULL, NULL,NULL, NULL, NULL, NULL, NULL, NULL, NULL, NULL, NULL, NULL, NULL,'DATA_MIGRATION', NULL, NULL, NULL);
INSERT INTO cr_objects (object_id, object_name, object_code, user_object_name, module_code, parent_object_id, fbdi_sheet, loader_endpoint, re_con_query, sequence_in_parent, interface_table_name, rejection_table_name, ctl_file_name, xlsm_file_name, immediate_parent, batch_size, base_tables, creation_date, created_by, last_update_date, last_update_by, attribute1, attribute2, attribute3, attribute4, attribute5, attribute6, attribute7, attribute8, attribute9, attribute10, attribute11, attribute12, attribute13, attribute14, attribute15, conversion_type,cld_template_code,cld_metadata_table_name,cld_template_name) VALUES 
(562,'SCP ATP Rules', 'SCP_ATP_RULES', 'SCP ATP Rules', 'SCM', 561, 'MSC_ST_ATP_RULES','FBDI', NULL, 1, 'MSC_ST_ATP_RULES','MSC_COLLECTION_DML_ERRORS',  'ATPRules', 'ScpATPRulesImportTemplate', NULL, 30000, 'MSC_ATP_RULES', current_date, 'riteadmin', current_date, 'riteadmin', NULL, NULL, NULL, NULL,NULL, NULL, NULL, NULL, NULL, NULL, NULL, NULL, NULL, NULL, NULL,'DATA_MIGRATION', 'SCP_ATP_RULES', 'CR_SCP_ATP_RULES_C', 'CR_SCP_ATP_RULES_CLD');
INSERT INTO cr_objects (object_id, object_name, object_code, user_object_name, module_code, parent_object_id, fbdi_sheet, loader_endpoint, re_con_query, sequence_in_parent, interface_table_name, rejection_table_name, ctl_file_name, xlsm_file_name, immediate_parent, batch_size, base_tables, creation_date, created_by, last_update_date, last_update_by, attribute1, attribute2, attribute3, attribute4, attribute5, attribute6, attribute7, attribute8, attribute9, attribute10, attribute11, attribute12, attribute13, attribute14, attribute15, conversion_type,cld_template_code,cld_metadata_table_name,cld_template_name) VALUES 
(563,'SCP ATP Rule Assignments', 'SCP_ATP_RULE_ASSIGNMENTS', 'SCP ATP Rule Assignments', 'SCM', 561, 'MSC_ST_ATP_ASSIGNMENTS','FBDI', NULL, 2, 'MSC_ST_ATP_ASSIGNMENTS','MSC_COLLECTION_DML_ERRORS',  'ATPRuleAssignments', 'ScpATPRulesImportTemplate', NULL, 30000, 'MSC_ATP_ASSIGNMENTS', current_date, 'riteadmin', current_date, 'riteadmin', NULL, NULL, NULL, NULL,NULL, NULL, NULL, NULL, NULL, NULL, NULL, NULL, NULL, NULL, NULL,'DATA_MIGRATION', 'SCP_ATP_RULE_ASSIGNMENTS', 'CR_SCP_ATP_RULE_ASSIGNMENTS_C', 'CR_SCP_ATP_RULE_ASSIGNMENTS_CLD');

-- SUPPLY_CHAIN_PLANNING_BILL_OF_RESOURCES
INSERT INTO cr_objects (object_id, object_name, object_code, user_object_name, module_code, parent_object_id, fbdi_sheet, loader_endpoint, re_con_query, sequence_in_parent, interface_table_name, rejection_table_name, ctl_file_name, xlsm_file_name, immediate_parent, batch_size, base_tables, creation_date, created_by, last_update_date, last_update_by, attribute1, attribute2, attribute3, attribute4, attribute5, attribute6, attribute7, attribute8, attribute9, attribute10, attribute11, attribute12, attribute13, attribute14, attribute15, conversion_type,cld_template_code,cld_metadata_table_name,cld_template_name) VALUES 
(564,'Supply Chain Planning Bill Of Resources', 'SUPPLY_CHAIN_PLANNING_BILL_OF_RESOURCES', 'Supply Chain Planning Bill Of Resources', 'SCM', NULL, '','FBDI', NULL, NULL, '','',  '', '', NULL, 30000, NULL, current_date, 'riteadmin', current_date, 'riteadmin', NULL, NULL, NULL, NULL,NULL, NULL, NULL, NULL, NULL, NULL, NULL, NULL, NULL, NULL, NULL,'DATA_MIGRATION', NULL, NULL, NULL);
INSERT INTO cr_objects (object_id, object_name, object_code, user_object_name, module_code, parent_object_id, fbdi_sheet, loader_endpoint, re_con_query, sequence_in_parent, interface_table_name, rejection_table_name, ctl_file_name, xlsm_file_name, immediate_parent, batch_size, base_tables, creation_date, created_by, last_update_date, last_update_by, attribute1, attribute2, attribute3, attribute4, attribute5, attribute6, attribute7, attribute8, attribute9, attribute10, attribute11, attribute12, attribute13, attribute14, attribute15, conversion_type,cld_template_code,cld_metadata_table_name,cld_template_name) VALUES 
(565,'SCP Bill Of Resources', 'SCP_BILL_OF_RESOURCES', 'SCP Bill Of Resources', 'SCM', 564, 'MSC_ST_AGGRPLAN_BOR_INT','FBDI', NULL, 1, 'MSC_ST_AGGRPLAN_BOR_INT','MSC_COLLECTION_DML_ERRORS',  'BillOfResources', 'ScpBillOfResourcesImportTemplate', NULL, 30000, 'MSC_AGGRPLANNING_BOR', current_date, 'riteadmin', current_date, 'riteadmin', NULL, NULL, NULL, NULL,NULL, NULL, NULL, NULL, NULL, NULL, NULL, NULL, NULL, NULL, NULL,'DATA_MIGRATION', 'SCP_BILL_OF_RESOURCES', 'CR_SCP_BILL_OF_RESOURCES_C', 'CR_SCP_BILL_OF_RESOURCES_CLD');
INSERT INTO cr_objects (object_id, object_name, object_code, user_object_name, module_code, parent_object_id, fbdi_sheet, loader_endpoint, re_con_query, sequence_in_parent, interface_table_name, rejection_table_name, ctl_file_name, xlsm_file_name, immediate_parent, batch_size, base_tables, creation_date, created_by, last_update_date, last_update_by, attribute1, attribute2, attribute3, attribute4, attribute5, attribute6, attribute7, attribute8, attribute9, attribute10, attribute11, attribute12, attribute13, attribute14, attribute15, conversion_type,cld_template_code,cld_metadata_table_name,cld_template_name) VALUES 
(566,'SCP Bill Of Resources Component Substitute', 'SCP_BILL_OF_RESOURCES_COMPONENT_SUBSTITUTE', 'SCP Bill Of Resources Component Substitute', 'SCM', 564, 'MSC_ST_BOR_SUBSTITUTES_INT','FBDI', NULL, 2, 'MSC_ST_BOR_SUBSTITUTES_INT','MSC_COLLECTION_DML_ERRORS',  'BORComponentSubstitutes', 'ScpBillOfResourcesImportTemplate', NULL, 30000, 'MSC_BOR_SUBSTITUTES', current_date, 'riteadmin', current_date, 'riteadmin', NULL, NULL, NULL, NULL,NULL, NULL, NULL, NULL, NULL, NULL, NULL, NULL, NULL, NULL, NULL,'DATA_MIGRATION', 'SCP_BILL_OF_RES_COMP_SUBS', 'CR_SCP_BILL_OF_RES_COMP_SUBS_C', 'CR_SCP_BILL_OF_RES_COMP_SUBS_CLD');
INSERT INTO cr_objects (object_id, object_name, object_code, user_object_name, module_code, parent_object_id, fbdi_sheet, loader_endpoint, re_con_query, sequence_in_parent, interface_table_name, rejection_table_name, ctl_file_name, xlsm_file_name, immediate_parent, batch_size, base_tables, creation_date, created_by, last_update_date, last_update_by, attribute1, attribute2, attribute3, attribute4, attribute5, attribute6, attribute7, attribute8, attribute9, attribute10, attribute11, attribute12, attribute13, attribute14, attribute15, conversion_type,cld_template_code,cld_metadata_table_name,cld_template_name) VALUES 
(567,'SCP Bill Of Resources Alternate Resources ', 'SCP_BILL_OF_RESOURCES_ALTERNATE_RESOURCES_', 'SCP Bill Of Resources Alternate Resources ', 'SCM', 564, 'MSC_ST_BOR_SUBSTITUTES_INT','FBDI', NULL, 3, 'MSC_ST_BOR_SUBSTITUTES_INT','MSC_COLLECTION_DML_ERRORS',  'BORAlternateResources', 'ScpBillOfResourcesImportTemplate', NULL, 30000, 'MSC_BOR_SUBSTITUTES', current_date, 'riteadmin', current_date, 'riteadmin', NULL, NULL, NULL, NULL,NULL, NULL, NULL, NULL, NULL, NULL, NULL, NULL, NULL, NULL, NULL,'DATA_MIGRATION', 'SCP_BILL_OF_RES_ALTERNATE_RES', 'CR_SCP_BILL_OF_RES_ALTERNATE_RES_C', 'CR_SCP_BILL_OF_RES_ALTERNATE_RES_CLD');
INSERT INTO cr_objects (object_id, object_name, object_code, user_object_name, module_code, parent_object_id, fbdi_sheet, loader_endpoint, re_con_query, sequence_in_parent, interface_table_name, rejection_table_name, ctl_file_name, xlsm_file_name, immediate_parent, batch_size, base_tables, creation_date, created_by, last_update_date, last_update_by, attribute1, attribute2, attribute3, attribute4, attribute5, attribute6, attribute7, attribute8, attribute9, attribute10, attribute11, attribute12, attribute13, attribute14, attribute15, conversion_type,cld_template_code,cld_metadata_table_name,cld_template_name) VALUES 
(568,'SCP Bill Of Resources Option-Dependent Resources', 'SCP_BILL_OF_RESOURCES_OPTION-DEPENDENT_RESOURCES', 'SCP Bill Of Resources Option-Dependent Resources', 'SCM', 564, 'MSC_ST_BOR_OPTION_DEP_INT','FBDI', NULL, 4, 'MSC_ST_BOR_OPTION_DEP_INT','MSC_COLLECTION_DML_ERRORS',  'BOROptionDependent', 'ScpBillOfResourcesImportTemplate', NULL, 30000, 'MSC_BOR_OPTION_DETAILS', current_date, 'riteadmin', current_date, 'riteadmin', NULL, NULL, NULL, NULL,NULL, NULL, NULL, NULL, NULL, NULL, NULL, NULL, NULL, NULL, NULL,'DATA_MIGRATION', 'SCP_BILL_OF_RES_OPT_DEPN_RES', 'CR_SCP_BILL_OF_RES_OPT_DEPN_RES_C', 'CR_SCP_BILL_OF_RES_OPT_DEPN_RES_CLD');


-- SUPPLY_CHAIN_PLANNING_BOOKINGS_HISTORY
INSERT INTO cr_objects (object_id, object_name, object_code, user_object_name, module_code, parent_object_id, fbdi_sheet, loader_endpoint, re_con_query, sequence_in_parent, interface_table_name, rejection_table_name, ctl_file_name, xlsm_file_name, immediate_parent, batch_size, base_tables, creation_date, created_by, last_update_date, last_update_by, attribute1, attribute2, attribute3, attribute4, attribute5, attribute6, attribute7, attribute8, attribute9, attribute10, attribute11, attribute12, attribute13, attribute14, attribute15, conversion_type,cld_template_code,cld_metadata_table_name,cld_template_name) VALUES 
(569,'Supply Chain Planning Bookings History', 'SUPPLY_CHAIN_PLANNING_BOOKINGS_HISTORY', 'Supply Chain Planning Bookings History', 'SCM', NULL, '','FBDI', NULL, NULL, '','',  '', '', NULL, 30000, NULL, current_date, 'riteadmin', current_date, 'riteadmin', NULL, NULL, NULL, NULL,NULL, NULL, NULL, NULL, NULL, NULL, NULL, NULL, NULL, NULL, NULL,'DATA_MIGRATION', NULL, NULL, NULL);
INSERT INTO cr_objects (object_id, object_name, object_code, user_object_name, module_code, parent_object_id, fbdi_sheet, loader_endpoint, re_con_query, sequence_in_parent, interface_table_name, rejection_table_name, ctl_file_name, xlsm_file_name, immediate_parent, batch_size, base_tables, creation_date, created_by, last_update_date, last_update_by, attribute1, attribute2, attribute3, attribute4, attribute5, attribute6, attribute7, attribute8, attribute9, attribute10, attribute11, attribute12, attribute13, attribute14, attribute15, conversion_type,cld_template_code,cld_metadata_table_name,cld_template_name) VALUES 
(570,'SCP Booking History', 'SCP_BOOKING_HISTORY', 'SCP Booking History', 'SCM', 569, 'MSC_ST_MEASURE_DATA','FBDI', NULL, 1, 'MSC_ST_MEASURE_DATA','MSC_COLLECTION_DML_ERRORS',  'BookingHistory', 'ScpBookingHistoryImportTemplate', NULL, 30000, 'MSC_MEASURE_DATA', current_date, 'riteadmin', current_date, 'riteadmin', NULL, NULL, NULL, NULL,NULL, NULL, NULL, NULL, NULL, NULL, NULL, NULL, NULL, NULL, NULL,'DATA_MIGRATION', 'SCP_BOOKING_HISTORY', 'CR_SCP_BOOKING_HISTORY_C', 'CR_SCP_BOOKING_HISTORY_CLD');

-- - SUPPLY_CHAIN_PLANNING_CALENDAR_ASSIGNMENTS
INSERT INTO cr_objects (object_id, object_name, object_code, user_object_name, module_code, parent_object_id, fbdi_sheet, loader_endpoint, re_con_query, sequence_in_parent, interface_table_name, rejection_table_name, ctl_file_name, xlsm_file_name, immediate_parent, batch_size, base_tables, creation_date, created_by, last_update_date, last_update_by, attribute1, attribute2, attribute3, attribute4, attribute5, attribute6, attribute7, attribute8, attribute9, attribute10, attribute11, attribute12, attribute13, attribute14, attribute15, conversion_type,cld_template_code,cld_metadata_table_name,cld_template_name) VALUES 
(571,'Supply Chain Planning Calendar Assignments', 'SUPPLY_CHAIN_PLANNING_CALENDAR_ASSIGNMENTS', 'Supply Chain Planning Calendar Assignments', 'SCM', NULL, '','FBDI', NULL, NULL, '','',  '', '', NULL, 30000, NULL, current_date, 'riteadmin', current_date, 'riteadmin', NULL, NULL, NULL, NULL,NULL, NULL, NULL, NULL, NULL, NULL, NULL, NULL, NULL, NULL, NULL,'DATA_MIGRATION', NULL, NULL, NULL);
INSERT INTO cr_objects (object_id, object_name, object_code, user_object_name, module_code, parent_object_id, fbdi_sheet, loader_endpoint, re_con_query, sequence_in_parent, interface_table_name, rejection_table_name, ctl_file_name, xlsm_file_name, immediate_parent, batch_size, base_tables, creation_date, created_by, last_update_date, last_update_by, attribute1, attribute2, attribute3, attribute4, attribute5, attribute6, attribute7, attribute8, attribute9, attribute10, attribute11, attribute12, attribute13, attribute14, attribute15, conversion_type,cld_template_code,cld_metadata_table_name,cld_template_name) VALUES 
(572,'SCP Calendar Assignments', 'SCP_CALENDAR_ASSIGNMENTS', 'SCP Calendar Assignments', 'SCM', 571, 'MSC_ST_CALENDAR_ASSIGNMENTS','FBDI', NULL, 1, 'MSC_ST_CALENDAR_ASSIGNMENTS','MSC_COLLECTION_DML_ERRORS',  'CalendarAssignments', 'ScpCalendarAssignmentsImportTemplate', NULL, 30000, 'MSC_CALENDAR_ASSIGNMENTS', current_date, 'riteadmin', current_date, 'riteadmin', NULL, NULL, NULL, NULL,NULL, NULL, NULL, NULL, NULL, NULL, NULL, NULL, NULL, NULL, NULL,'DATA_MIGRATION', 'SCP_CALENDAR_ASSIGNMENTS', 'CR_SCP_CALENDAR_ASSIGNMENTS_C', 'CR_SCP_CALENDAR_ASSIGNMENTS_CLD');

-- SUPPLY_CHAIN_PLANNING_CALENDARS
INSERT INTO cr_objects (object_id, object_name, object_code, user_object_name, module_code, parent_object_id, fbdi_sheet, loader_endpoint, re_con_query, sequence_in_parent, interface_table_name, rejection_table_name, ctl_file_name, xlsm_file_name, immediate_parent, batch_size, base_tables, creation_date, created_by, last_update_date, last_update_by, attribute1, attribute2, attribute3, attribute4, attribute5, attribute6, attribute7, attribute8, attribute9, attribute10, attribute11, attribute12, attribute13, attribute14, attribute15, conversion_type,cld_template_code,cld_metadata_table_name,cld_template_name) VALUES 
(573,'Supply Chain Planning Calendars', 'SUPPLY_CHAIN_PLANNING_CALENDARS', 'Supply Chain Planning Calendars', 'SCM', NULL, '','FBDI', NULL, NULL, '','',  '', '', NULL, 30000, NULL, current_date, 'riteadmin', current_date, 'riteadmin', NULL, NULL, NULL, NULL,NULL, NULL, NULL, NULL, NULL, NULL, NULL, NULL, NULL, NULL, NULL,'DATA_MIGRATION', NULL, NULL, NULL);
INSERT INTO cr_objects (object_id, object_name, object_code, user_object_name, module_code, parent_object_id, fbdi_sheet, loader_endpoint, re_con_query, sequence_in_parent, interface_table_name, rejection_table_name, ctl_file_name, xlsm_file_name, immediate_parent, batch_size, base_tables, creation_date, created_by, last_update_date, last_update_by, attribute1, attribute2, attribute3, attribute4, attribute5, attribute6, attribute7, attribute8, attribute9, attribute10, attribute11, attribute12, attribute13, attribute14, attribute15, conversion_type,cld_template_code,cld_metadata_table_name,cld_template_name) VALUES 
(574,'SCP Calendar', 'SCP_CALENDAR', 'SCP Calendar', 'SCM', 573, 'MSC_ST_CALENDARS','FBDI', NULL, 1, 'MSC_ST_CALENDARS','MSC_COLLECTION_DML_ERRORS',  'Calendars', 'ScpCalendarImportTemplate', NULL, 30000, 'MSC_CALENDARS', current_date, 'riteadmin', current_date, 'riteadmin', NULL, NULL, NULL, NULL,NULL, NULL, NULL, NULL, NULL, NULL, NULL, NULL, NULL, NULL, NULL,'DATA_MIGRATION', 'SCP_CALENDAR', 'CR_SCP_CALENDAR_C', 'CR_SCP_CALENDAR_CLD');
INSERT INTO cr_objects (object_id, object_name, object_code, user_object_name, module_code, parent_object_id, fbdi_sheet, loader_endpoint, re_con_query, sequence_in_parent, interface_table_name, rejection_table_name, ctl_file_name, xlsm_file_name, immediate_parent, batch_size, base_tables, creation_date, created_by, last_update_date, last_update_by, attribute1, attribute2, attribute3, attribute4, attribute5, attribute6, attribute7, attribute8, attribute9, attribute10, attribute11, attribute12, attribute13, attribute14, attribute15, conversion_type,cld_template_code,cld_metadata_table_name,cld_template_name) VALUES 
(575,'SCP Calendar Shifts', 'SCP_CALENDAR_SHIFTS', 'SCP Calendar Shifts', 'SCM', 573, 'MSC_ST_CALENDAR_SHIFTS','FBDI', NULL, 2, 'MSC_ST_CALENDAR_SHIFTS','MSC_COLLECTION_DML_ERRORS',  'CalendarShifts', 'ScpCalendarImportTemplate', NULL, 30000, 'MSC_CALENDAR_SHIFTS', current_date, 'riteadmin', current_date, 'riteadmin', NULL, NULL, NULL, NULL,NULL, NULL, NULL, NULL, NULL, NULL, NULL, NULL, NULL, NULL, NULL,'DATA_MIGRATION', 'SCP_CALENDAR_SHIFTS', 'CR_SCP_CALENDAR_SHIFTS_C', 'CR_SCP_CALENDAR_SHIFTS_CLD');
INSERT INTO cr_objects (object_id, object_name, object_code, user_object_name, module_code, parent_object_id, fbdi_sheet, loader_endpoint, re_con_query, sequence_in_parent, interface_table_name, rejection_table_name, ctl_file_name, xlsm_file_name, immediate_parent, batch_size, base_tables, creation_date, created_by, last_update_date, last_update_by, attribute1, attribute2, attribute3, attribute4, attribute5, attribute6, attribute7, attribute8, attribute9, attribute10, attribute11, attribute12, attribute13, attribute14, attribute15, conversion_type,cld_template_code,cld_metadata_table_name,cld_template_name) VALUES 
(576,'SCP Calendar Exception', 'SCP_CALENDAR_EXCEPTION', 'SCP Calendar Exception', 'SCM', 573, 'MSC_ST_CALENDAR_EXCEPTIONS','FBDI', NULL, 3, 'MSC_ST_CALENDAR_EXCEPTIONS','MSC_COLLECTION_DML_ERRORS',  'CalendarException', 'ScpCalendarImportTemplate', NULL, 30000, 'MSC_CALENDAR_EXCEPTIONS', current_date, 'riteadmin', current_date, 'riteadmin', NULL, NULL, NULL, NULL,NULL, NULL, NULL, NULL, NULL, NULL, NULL, NULL, NULL, NULL, NULL,'DATA_MIGRATION', 'SCP_CALENDAR_EXCEPTION', 'CR_SCP_CALENDAR_EXCEPTION_C', 'CR_SCP_CALENDAR_EXCEPTION_CLD');
INSERT INTO cr_objects (object_id, object_name, object_code, user_object_name, module_code, parent_object_id, fbdi_sheet, loader_endpoint, re_con_query, sequence_in_parent, interface_table_name, rejection_table_name, ctl_file_name, xlsm_file_name, immediate_parent, batch_size, base_tables, creation_date, created_by, last_update_date, last_update_by, attribute1, attribute2, attribute3, attribute4, attribute5, attribute6, attribute7, attribute8, attribute9, attribute10, attribute11, attribute12, attribute13, attribute14, attribute15, conversion_type,cld_template_code,cld_metadata_table_name,cld_template_name) VALUES 
(577,'SCP Calendar Week Start Day', 'SCP_CALENDAR_WEEK_START_DAY', 'SCP Calendar Week Start Day', 'SCM', 573, 'MSC_ST_CAL_WEEK_START_DATES','FBDI', NULL, 4, 'MSC_ST_CAL_WEEK_START_DATES','MSC_COLLECTION_DML_ERRORS',  'CalendarWeekStartDay', 'ScpCalendarImportTemplate', NULL, 30000, 'MSC_CAL_WEEK_START_DATES', current_date, 'riteadmin', current_date, 'riteadmin', NULL, NULL, NULL, NULL,NULL, NULL, NULL, NULL, NULL, NULL, NULL, NULL, NULL, NULL, NULL,'DATA_MIGRATION', 'SCP_CALENDAR_WEEK_START_DAY', 'CR_SCP_CALENDAR_WEEK_START_DAY_C', 'CR_SCP_CALENDAR_WEEK_START_DAY_CLD');
INSERT INTO cr_objects (object_id, object_name, object_code, user_object_name, module_code, parent_object_id, fbdi_sheet, loader_endpoint, re_con_query, sequence_in_parent, interface_table_name, rejection_table_name, ctl_file_name, xlsm_file_name, immediate_parent, batch_size, base_tables, creation_date, created_by, last_update_date, last_update_by, attribute1, attribute2, attribute3, attribute4, attribute5, attribute6, attribute7, attribute8, attribute9, attribute10, attribute11, attribute12, attribute13, attribute14, attribute15, conversion_type,cld_template_code,cld_metadata_table_name,cld_template_name) VALUES 
(578,'SCP Calendar Work Day Patterns', 'SCP_CALENDAR_WORK_DAY_PATTERNS', 'SCP Calendar Work Day Patterns', 'SCM', 573, 'MSC_ST_WORKDAY_PATTERNS','FBDI', NULL, 5, 'MSC_ST_WORKDAY_PATTERNS','MSC_COLLECTION_DML_ERRORS',  'CalendarWorkdayPatterns', 'ScpCalendarImportTemplate', NULL, 30000, 'MSC_WORKDAY_PATTERNS', current_date, 'riteadmin', current_date, 'riteadmin', NULL, NULL, NULL, NULL,NULL, NULL, NULL, NULL, NULL, NULL, NULL, NULL, NULL, NULL, NULL,'DATA_MIGRATION', 'SCP_CALENDAR_WORK_DAY_PATTERNS', 'CR_SCP_CALENDAR_WORK_DAY_PATTERNS_C', 'CR_SCP_CALENDAR_WORK_DAY_PATTERNS_CLD');
INSERT INTO cr_objects (object_id, object_name, object_code, user_object_name, module_code, parent_object_id, fbdi_sheet, loader_endpoint, re_con_query, sequence_in_parent, interface_table_name, rejection_table_name, ctl_file_name, xlsm_file_name, immediate_parent, batch_size, base_tables, creation_date, created_by, last_update_date, last_update_by, attribute1, attribute2, attribute3, attribute4, attribute5, attribute6, attribute7, attribute8, attribute9, attribute10, attribute11, attribute12, attribute13, attribute14, attribute15, conversion_type,cld_template_code,cld_metadata_table_name,cld_template_name) VALUES 
(579,'SCP Calendar Period Start Dates', 'SCP_CALENDAR_PERIOD_START_DATES', 'SCP Calendar Period Start Dates', 'SCM', 573, 'MSC_ST_PERIOD_START_DATES','FBDI', NULL, 6, 'MSC_ST_PERIOD_START_DATES','MSC_COLLECTION_DML_ERRORS',  'CalendarPeriodStartDates', 'ScpCalendarImportTemplate', NULL, 30000, 'MSC_PERIOD_START_DATES', current_date, 'riteadmin', current_date, 'riteadmin', NULL, NULL, NULL, NULL,NULL, NULL, NULL, NULL, NULL, NULL, NULL, NULL, NULL, NULL, NULL,'DATA_MIGRATION', 'SCP_CALENDAR_PERIOD_START_DATE', 'CR_SCP_CALENDAR_PERIOD_START_DATE_C', 'CR_SCP_CALENDAR_PERIOD_START_DATE_CLD');

-- SUPPLY_CHAIN_PLANNING_CARRIERS
INSERT INTO cr_objects (object_id, object_name, object_code, user_object_name, module_code, parent_object_id, fbdi_sheet, loader_endpoint, re_con_query, sequence_in_parent, interface_table_name, rejection_table_name, ctl_file_name, xlsm_file_name, immediate_parent, batch_size, base_tables, creation_date, created_by, last_update_date, last_update_by, attribute1, attribute2, attribute3, attribute4, attribute5, attribute6, attribute7, attribute8, attribute9, attribute10, attribute11, attribute12, attribute13, attribute14, attribute15, conversion_type,cld_template_code,cld_metadata_table_name,cld_template_name) VALUES 
(580,'Supply Chain Planning Carriers', 'SUPPLY_CHAIN_PLANNING_CARRIERS', 'Supply Chain Planning Carriers', 'SCM', NULL, '','FBDI', NULL, NULL, '','',  '', '', NULL, 30000, NULL, current_date, 'riteadmin', current_date, 'riteadmin', NULL, NULL, NULL, NULL,NULL, NULL, NULL, NULL, NULL, NULL, NULL, NULL, NULL, NULL, NULL,'DATA_MIGRATION', NULL, NULL, NULL);
INSERT INTO cr_objects (object_id, object_name, object_code, user_object_name, module_code, parent_object_id, fbdi_sheet, loader_endpoint, re_con_query, sequence_in_parent, interface_table_name, rejection_table_name, ctl_file_name, xlsm_file_name, immediate_parent, batch_size, base_tables, creation_date, created_by, last_update_date, last_update_by, attribute1, attribute2, attribute3, attribute4, attribute5, attribute6, attribute7, attribute8, attribute9, attribute10, attribute11, attribute12, attribute13, attribute14, attribute15, conversion_type,cld_template_code,cld_metadata_table_name,cld_template_name) VALUES 
(581,'SCP Carrier', 'SCP_CARRIER', 'SCP Carrier', 'SCM', 580, 'MSC_ST_GLOBAL_TRADING_PARTNERS','FBDI', NULL, 1, 'MSC_ST_GLOBAL_TRADING_PARTNERS','MSC_COLLECTION_DML_ERRORS',  'Carrier', 'ScpCarrierImportTemplate', NULL, 30000, 'MSC_GLOBAL_TRADING_PARTNERS', current_date, 'riteadmin', current_date, 'riteadmin', NULL, NULL, NULL, NULL,NULL, NULL, NULL, NULL, NULL, NULL, NULL, NULL, NULL, NULL, NULL,'DATA_MIGRATION', 'SCP_CARRIER', 'CR_SCP_CARRIER_C', 'CR_SCP_CARRIER_CLD');
INSERT INTO cr_objects (object_id, object_name, object_code, user_object_name, module_code, parent_object_id, fbdi_sheet, loader_endpoint, re_con_query, sequence_in_parent, interface_table_name, rejection_table_name, ctl_file_name, xlsm_file_name, immediate_parent, batch_size, base_tables, creation_date, created_by, last_update_date, last_update_by, attribute1, attribute2, attribute3, attribute4, attribute5, attribute6, attribute7, attribute8, attribute9, attribute10, attribute11, attribute12, attribute13, attribute14, attribute15, conversion_type,cld_template_code,cld_metadata_table_name,cld_template_name) VALUES 
(582,'SCP Carrier Mode Of Transport', 'SCP_CARRIER_MODE_OF_TRANSPORT', 'SCP Carrier Mode Of Transport', 'SCM', 580, 'MSC_ST_SR_LOOKUP_VALUES_W','FBDI', NULL, 2, 'MSC_ST_SR_LOOKUP_VALUES_W','MSC_COLLECTION_DML_ERRORS',  'ModeOfTransport', 'ScpCarrierImportTemplate', NULL, 30000, 'MSC_ST_SR_LOOKUP_VALUES_B', current_date, 'riteadmin', current_date, 'riteadmin', NULL, NULL, NULL, NULL,NULL, NULL, NULL, NULL, NULL, NULL, NULL, NULL, NULL, NULL, NULL,'DATA_MIGRATION', 'SCP_CARRIER_MODE_OF_TRANSPORT', 'CR_SCP_CARRIER_MODE_OF_TRANSPORT_C', 'CR_SCP_CARRIER_MODE_OF_TRANSPORT_CLD');
INSERT INTO cr_objects (object_id, object_name, object_code, user_object_name, module_code, parent_object_id, fbdi_sheet, loader_endpoint, re_con_query, sequence_in_parent, interface_table_name, rejection_table_name, ctl_file_name, xlsm_file_name, immediate_parent, batch_size, base_tables, creation_date, created_by, last_update_date, last_update_by, attribute1, attribute2, attribute3, attribute4, attribute5, attribute6, attribute7, attribute8, attribute9, attribute10, attribute11, attribute12, attribute13, attribute14, attribute15, conversion_type,cld_template_code,cld_metadata_table_name,cld_template_name) VALUES 
(583,'SCP Carrier Service Level', 'SCP_CARRIER_SERVICE_LEVEL', 'SCP Carrier Service Level', 'SCM', 580, 'MSC_ST_SR_LOOKUP_VALUES_W','FBDI', NULL, 3, 'MSC_ST_SR_LOOKUP_VALUES_W','MSC_COLLECTION_DML_ERRORS',  'ServiceLevel', 'ScpCarrierImportTemplate', NULL, 30000, 'MSC_ST_SR_LOOKUP_VALUES_B', current_date, 'riteadmin', current_date, 'riteadmin', NULL, NULL, NULL, NULL,NULL, NULL, NULL, NULL, NULL, NULL, NULL, NULL, NULL, NULL, NULL,'DATA_MIGRATION', 'SCP_CARRIER_SERVICE_LEVEL', 'CR_SCP_CARRIER_SERVICE_LEVEL_C', 'CR_SCP_CARRIER_SERVICE_LEVEL_CLD');

-- SUPPLY_CHAIN_PLANNING_CATALOGS
INSERT INTO cr_objects (object_id, object_name, object_code, user_object_name, module_code, parent_object_id, fbdi_sheet, loader_endpoint, re_con_query, sequence_in_parent, interface_table_name, rejection_table_name, ctl_file_name, xlsm_file_name, immediate_parent, batch_size, base_tables, creation_date, created_by, last_update_date, last_update_by, attribute1, attribute2, attribute3, attribute4, attribute5, attribute6, attribute7, attribute8, attribute9, attribute10, attribute11, attribute12, attribute13, attribute14, attribute15, conversion_type,cld_template_code,cld_metadata_table_name,cld_template_name) VALUES 
(584,'Supply Chain Planning Catalogs', 'SUPPLY_CHAIN_PLANNING_CATALOGS', 'Supply Chain Planning Catalogs', 'SCM', NULL, '','FBDI', NULL, NULL, '','',  '', '', NULL, 30000, NULL, current_date, 'riteadmin', current_date, 'riteadmin', NULL, NULL, NULL, NULL,NULL, NULL, NULL, NULL, NULL, NULL, NULL, NULL, NULL, NULL, NULL,'DATA_MIGRATION', NULL, NULL, NULL);
INSERT INTO cr_objects (object_id, object_name, object_code, user_object_name, module_code, parent_object_id, fbdi_sheet, loader_endpoint, re_con_query, sequence_in_parent, interface_table_name, rejection_table_name, ctl_file_name, xlsm_file_name, immediate_parent, batch_size, base_tables, creation_date, created_by, last_update_date, last_update_by, attribute1, attribute2, attribute3, attribute4, attribute5, attribute6, attribute7, attribute8, attribute9, attribute10, attribute11, attribute12, attribute13, attribute14, attribute15, conversion_type,cld_template_code,cld_metadata_table_name,cld_template_name) VALUES 
(585,'SCP Catalog', 'SCP_CATALOG', 'SCP Catalog', 'SCM', 584, 'MSC_ST_CATEGORY_SETS','FBDI', NULL, 1, 'MSC_ST_CATEGORY_SETS','MSC_COLLECTION_DML_ERRORS',  'Catalogs', 'ScpCatalogImportTemplate', NULL, 30000, 'MSC_CATEGORY_SETS', current_date, 'riteadmin', current_date, 'riteadmin', NULL, NULL, NULL, NULL,NULL, NULL, NULL, NULL, NULL, NULL, NULL, NULL, NULL, NULL, NULL,'DATA_MIGRATION', 'SCP_CATALOG', 'CR_SCP_CATALOG_C', 'CR_SCP_CATALOG_CLD');
INSERT INTO cr_objects (object_id, object_name, object_code, user_object_name, module_code, parent_object_id, fbdi_sheet, loader_endpoint, re_con_query, sequence_in_parent, interface_table_name, rejection_table_name, ctl_file_name, xlsm_file_name, immediate_parent, batch_size, base_tables, creation_date, created_by, last_update_date, last_update_by, attribute1, attribute2, attribute3, attribute4, attribute5, attribute6, attribute7, attribute8, attribute9, attribute10, attribute11, attribute12, attribute13, attribute14, attribute15, conversion_type,cld_template_code,cld_metadata_table_name,cld_template_name) VALUES 
(586,'SCP Catalog Category Association', 'SCP_CATALOG_CATEGORY_ASSOCIATION', 'SCP Catalog Category Association', 'SCM', 584, 'MSC_ST_CATALOG_CATEGORIES','FBDI', NULL, 2, 'MSC_ST_CATALOG_CATEGORIES','MSC_COLLECTION_DML_ERRORS',  'CatalogCategoryAssociation', 'ScpCatalogImportTemplate', NULL, 30000, 'MSC_CATALOG_CATEGORIES', current_date, 'riteadmin', current_date, 'riteadmin', NULL, NULL, NULL, NULL,NULL, NULL, NULL, NULL, NULL, NULL, NULL, NULL, NULL, NULL, NULL,'DATA_MIGRATION', 'SCP_CATALOG_CAT_ASSOCIATION', 'CR_SCP_CATALOG_CAT_ASSOCIATION_C', 'CR_SCP_CATALOG_CAT_ASSOCIATION_CLD');
INSERT INTO cr_objects (object_id, object_name, object_code, user_object_name, module_code, parent_object_id, fbdi_sheet, loader_endpoint, re_con_query, sequence_in_parent, interface_table_name, rejection_table_name, ctl_file_name, xlsm_file_name, immediate_parent, batch_size, base_tables, creation_date, created_by, last_update_date, last_update_by, attribute1, attribute2, attribute3, attribute4, attribute5, attribute6, attribute7, attribute8, attribute9, attribute10, attribute11, attribute12, attribute13, attribute14, attribute15, conversion_type,cld_template_code,cld_metadata_table_name,cld_template_name) VALUES 
(587,'SCP Catalog Item Categoties', 'SCP_CATALOG_ITEM_CATEGOTIES', 'SCP Catalog Item Categoties', 'SCM', 584, 'MSC_ST_ITEM_CATEGORIES','FBDI', NULL, 3, 'MSC_ST_ITEM_CATEGORIES','MSC_COLLECTION_DML_ERRORS',  'ItemCategories', 'ScpCatalogImportTemplate', NULL, 30000, 'MSC_ITEM_CATEGORIES', current_date, 'riteadmin', current_date, 'riteadmin', NULL, NULL, NULL, NULL,NULL, NULL, NULL, NULL, NULL, NULL, NULL, NULL, NULL, NULL, NULL,'DATA_MIGRATION', 'SCP_CATALOG_ITEM_CATEGOTIES', 'CR_SCP_CATALOG_ITEM_CATEGOTIES_C', 'CR_SCP_CATALOG_ITEM_CATEGOTIES_CLD');

-- SUPPLY_CHAIN_PLANNING_CAUSAL_FACTORS
INSERT INTO cr_objects (object_id, object_name, object_code, user_object_name, module_code, parent_object_id, fbdi_sheet, loader_endpoint, re_con_query, sequence_in_parent, interface_table_name, rejection_table_name, ctl_file_name, xlsm_file_name, immediate_parent, batch_size, base_tables, creation_date, created_by, last_update_date, last_update_by, attribute1, attribute2, attribute3, attribute4, attribute5, attribute6, attribute7, attribute8, attribute9, attribute10, attribute11, attribute12, attribute13, attribute14, attribute15, conversion_type,cld_template_code,cld_metadata_table_name,cld_template_name) VALUES 
(588,'Supply Chain Planning Causal Factors', 'SUPPLY_CHAIN_PLANNING_CAUSAL_FACTORS', 'Supply Chain Planning Causal Factors', 'SCM', NULL, '','FBDI', NULL, NULL, '','',  '', '', NULL, 30000, NULL, current_date, 'riteadmin', current_date, 'riteadmin', NULL, NULL, NULL, NULL,NULL, NULL, NULL, NULL, NULL, NULL, NULL, NULL, NULL, NULL, NULL,'DATA_MIGRATION', NULL, NULL, NULL);
INSERT INTO cr_objects (object_id, object_name, object_code, user_object_name, module_code, parent_object_id, fbdi_sheet, loader_endpoint, re_con_query, sequence_in_parent, interface_table_name, rejection_table_name, ctl_file_name, xlsm_file_name, immediate_parent, batch_size, base_tables, creation_date, created_by, last_update_date, last_update_by, attribute1, attribute2, attribute3, attribute4, attribute5, attribute6, attribute7, attribute8, attribute9, attribute10, attribute11, attribute12, attribute13, attribute14, attribute15, conversion_type,cld_template_code,cld_metadata_table_name,cld_template_name) VALUES 
(589,'SCP Causal Factors ', 'SCP_CAUSAL_FACTORS_', 'SCP Causal Factors ', 'SCM', 588, 'MSC_ST_MEASURE_DATA','FBDI', NULL, 1, 'MSC_ST_MEASURE_DATA','MSC_COLLECTION_DML_ERRORS',  'CausalFactors', 'ScpCausalFactorsImportTemplate', NULL, 30000, 'MSC_MEASURE_DATA', current_date, 'riteadmin', current_date, 'riteadmin', NULL, NULL, NULL, NULL,NULL, NULL, NULL, NULL, NULL, NULL, NULL, NULL, NULL, NULL, NULL,'DATA_MIGRATION', 'SCP_CAUSAL_FACTORS_', 'CR_SCP_CAUSAL_FACTORS__C', 'CR_SCP_CAUSAL_FACTORS__CLD');

-- SUPPLY_CHAIN_PLANNING_CURRENCIES
INSERT INTO cr_objects (object_id, object_name, object_code, user_object_name, module_code, parent_object_id, fbdi_sheet, loader_endpoint, re_con_query, sequence_in_parent, interface_table_name, rejection_table_name, ctl_file_name, xlsm_file_name, immediate_parent, batch_size, base_tables, creation_date, created_by, last_update_date, last_update_by, attribute1, attribute2, attribute3, attribute4, attribute5, attribute6, attribute7, attribute8, attribute9, attribute10, attribute11, attribute12, attribute13, attribute14, attribute15, conversion_type,cld_template_code,cld_metadata_table_name,cld_template_name) VALUES 
(590,'Supply Chain Planning Currencies', 'SUPPLY_CHAIN_PLANNING_CURRENCIES', 'Supply Chain Planning Currencies', 'SCM', NULL, '','FBDI', NULL, NULL, '','',  '', '', NULL, 30000, NULL, current_date, 'riteadmin', current_date, 'riteadmin', NULL, NULL, NULL, NULL,NULL, NULL, NULL, NULL, NULL, NULL, NULL, NULL, NULL, NULL, NULL,'DATA_MIGRATION', NULL, NULL, NULL);
INSERT INTO cr_objects (object_id, object_name, object_code, user_object_name, module_code, parent_object_id, fbdi_sheet, loader_endpoint, re_con_query, sequence_in_parent, interface_table_name, rejection_table_name, ctl_file_name, xlsm_file_name, immediate_parent, batch_size, base_tables, creation_date, created_by, last_update_date, last_update_by, attribute1, attribute2, attribute3, attribute4, attribute5, attribute6, attribute7, attribute8, attribute9, attribute10, attribute11, attribute12, attribute13, attribute14, attribute15, conversion_type,cld_template_code,cld_metadata_table_name,cld_template_name) VALUES 
(591,'SCP Currency', 'SCP_CURRENCY', 'SCP Currency', 'SCM', 590, 'MSC_ST_CURRENCIES_W','FBDI', NULL, 1, 'MSC_ST_CURRENCIES_W','MSC_COLLECTION_DML_ERRORS',  'Currencies', 'ScpCurrencyImportTemplate', NULL, 30000, NULL, current_date, 'riteadmin', current_date, 'riteadmin', NULL, NULL, NULL, NULL,NULL, NULL, NULL, NULL, NULL, NULL, NULL, NULL, NULL, NULL, NULL,'DATA_MIGRATION', 'SCP_CURRENCY', 'CR_SCP_CURRENCY_C', 'CR_SCP_CURRENCY_CLD');
INSERT INTO cr_objects (object_id, object_name, object_code, user_object_name, module_code, parent_object_id, fbdi_sheet, loader_endpoint, re_con_query, sequence_in_parent, interface_table_name, rejection_table_name, ctl_file_name, xlsm_file_name, immediate_parent, batch_size, base_tables, creation_date, created_by, last_update_date, last_update_by, attribute1, attribute2, attribute3, attribute4, attribute5, attribute6, attribute7, attribute8, attribute9, attribute10, attribute11, attribute12, attribute13, attribute14, attribute15, conversion_type,cld_template_code,cld_metadata_table_name,cld_template_name) VALUES 
(592,'SCP Currency Conversion Type', 'SCP_CURRENCY_CONVERSION_TYPE', 'SCP Currency Conversion Type', 'SCM', 590, 'MSC_ST_CURRENCY_CONV_TYPES','FBDI', NULL, 2, 'MSC_ST_CURRENCY_CONV_TYPES','MSC_COLLECTION_DML_ERRORS',  'CurrencyConversionType', 'ScpCurrencyImportTemplate', NULL, 30000, 'MSC_CURRENCY_CONV_TYPES', current_date, 'riteadmin', current_date, 'riteadmin', NULL, NULL, NULL, NULL,NULL, NULL, NULL, NULL, NULL, NULL, NULL, NULL, NULL, NULL, NULL,'DATA_MIGRATION', 'SCP_CURRENCY_CONVERSION_TYPE', 'CR_SCP_CURRENCY_CONVERSION_TYPE_C', 'CR_SCP_CURRENCY_CONVERSION_TYPE_CLD');
INSERT INTO cr_objects (object_id, object_name, object_code, user_object_name, module_code, parent_object_id, fbdi_sheet, loader_endpoint, re_con_query, sequence_in_parent, interface_table_name, rejection_table_name, ctl_file_name, xlsm_file_name, immediate_parent, batch_size, base_tables, creation_date, created_by, last_update_date, last_update_by, attribute1, attribute2, attribute3, attribute4, attribute5, attribute6, attribute7, attribute8, attribute9, attribute10, attribute11, attribute12, attribute13, attribute14, attribute15, conversion_type,cld_template_code,cld_metadata_table_name,cld_template_name) VALUES 
(593,'SCP Currency Conversion', 'SCP_CURRENCY_CONVERSION', 'SCP Currency Conversion', 'SCM', 590, 'MSC_ST_CURRENCY_CONVERSIONS','FBDI', NULL, 3, 'MSC_ST_CURRENCY_CONVERSIONS','MSC_COLLECTION_DML_ERRORS',  'CurrencyConversion', 'ScpCurrencyImportTemplate', NULL, 30000, 'MSC_CURRENCY_CONVERSIONS', current_date, 'riteadmin', current_date, 'riteadmin', NULL, NULL, NULL, NULL,NULL, NULL, NULL, NULL, NULL, NULL, NULL, NULL, NULL, NULL, NULL,'DATA_MIGRATION', 'SCP_CURRENCY_CONVERSION', 'CR_SCP_CURRENCY_CONVERSION_C', 'CR_SCP_CURRENCY_CONVERSION_CLD');

-- SUPPLY_CHAIN_PLANNING_CUSTOMERS
INSERT INTO cr_objects (object_id, object_name, object_code, user_object_name, module_code, parent_object_id, fbdi_sheet, loader_endpoint, re_con_query, sequence_in_parent, interface_table_name, rejection_table_name, ctl_file_name, xlsm_file_name, immediate_parent, batch_size, base_tables, creation_date, created_by, last_update_date, last_update_by, attribute1, attribute2, attribute3, attribute4, attribute5, attribute6, attribute7, attribute8, attribute9, attribute10, attribute11, attribute12, attribute13, attribute14, attribute15, conversion_type,cld_template_code,cld_metadata_table_name,cld_template_name) VALUES 
(594,'Supply Chain Planning Customers', 'SUPPLY_CHAIN_PLANNING_CUSTOMERS', 'Supply Chain Planning Customers', 'SCM', NULL, '','FBDI', NULL, NULL, '','',  '', '', NULL, 30000, NULL, current_date, 'riteadmin', current_date, 'riteadmin', NULL, NULL, NULL, NULL,NULL, NULL, NULL, NULL, NULL, NULL, NULL, NULL, NULL, NULL, NULL,'DATA_MIGRATION', NULL, NULL, NULL);
INSERT INTO cr_objects (object_id, object_name, object_code, user_object_name, module_code, parent_object_id, fbdi_sheet, loader_endpoint, re_con_query, sequence_in_parent, interface_table_name, rejection_table_name, ctl_file_name, xlsm_file_name, immediate_parent, batch_size, base_tables, creation_date, created_by, last_update_date, last_update_by, attribute1, attribute2, attribute3, attribute4, attribute5, attribute6, attribute7, attribute8, attribute9, attribute10, attribute11, attribute12, attribute13, attribute14, attribute15, conversion_type,cld_template_code,cld_metadata_table_name,cld_template_name) VALUES 
(595,'SCP Customer', 'SCP_CUSTOMER', 'SCP Customer', 'SCM', 594, 'MSC_ST_GLOBAL_TRADING_PARTNERS','FBDI', NULL, 1, 'MSC_ST_GLOBAL_TRADING_PARTNERS','MSC_COLLECTION_DML_ERRORS',  'Customers', 'ScpCustomerImportTemplate', NULL, 30000, 'MSC_GLOBAL_TRADING_PARTNERS', current_date, 'riteadmin', current_date, 'riteadmin', NULL, NULL, NULL, NULL,NULL, NULL, NULL, NULL, NULL, NULL, NULL, NULL, NULL, NULL, NULL,'DATA_MIGRATION', 'SCP_CUSTOMER', 'CR_SCP_CUSTOMER_C', 'CR_SCP_CUSTOMER_CLD');
INSERT INTO cr_objects (object_id, object_name, object_code, user_object_name, module_code, parent_object_id, fbdi_sheet, loader_endpoint, re_con_query, sequence_in_parent, interface_table_name, rejection_table_name, ctl_file_name, xlsm_file_name, immediate_parent, batch_size, base_tables, creation_date, created_by, last_update_date, last_update_by, attribute1, attribute2, attribute3, attribute4, attribute5, attribute6, attribute7, attribute8, attribute9, attribute10, attribute11, attribute12, attribute13, attribute14, attribute15, conversion_type,cld_template_code,cld_metadata_table_name,cld_template_name) VALUES 
(596,'SCP Customer Site', 'SCP_CUSTOMER_SITE', 'SCP Customer Site', 'SCM', 594, 'MSC_ST_TRADING_PARTNER_SITES','FBDI', NULL, 2, 'MSC_ST_TRADING_PARTNER_SITES','MSC_COLLECTION_DML_ERRORS',  'CustomerSite', 'ScpCustomerImportTemplate', NULL, 30000, 'MSC_TRADING_PARTNER_SITES', current_date, 'riteadmin', current_date, 'riteadmin', NULL, NULL, NULL, NULL,NULL, NULL, NULL, NULL, NULL, NULL, NULL, NULL, NULL, NULL, NULL,'DATA_MIGRATION', 'SCP_CUSTOMER_SITE', 'CR_SCP_CUSTOMER_SITE_C', 'CR_SCP_CUSTOMER_SITE_CLD');

-- SUPPLY_CHAIN_PLANNING_DEMAND_CLASSES
INSERT INTO cr_objects (object_id, object_name, object_code, user_object_name, module_code, parent_object_id, fbdi_sheet, loader_endpoint, re_con_query, sequence_in_parent, interface_table_name, rejection_table_name, ctl_file_name, xlsm_file_name, immediate_parent, batch_size, base_tables, creation_date, created_by, last_update_date, last_update_by, attribute1, attribute2, attribute3, attribute4, attribute5, attribute6, attribute7, attribute8, attribute9, attribute10, attribute11, attribute12, attribute13, attribute14, attribute15, conversion_type,cld_template_code,cld_metadata_table_name,cld_template_name) VALUES 
(597,'Supply Chain Planning Demand Classes', 'SUPPLY_CHAIN_PLANNING_DEMAND_CLASSES', 'Supply Chain Planning Demand Classes', 'SCM', NULL, '','FBDI', NULL, NULL, '','',  '', '', NULL, 30000, NULL, current_date, 'riteadmin', current_date, 'riteadmin', NULL, NULL, NULL, NULL,NULL, NULL, NULL, NULL, NULL, NULL, NULL, NULL, NULL, NULL, NULL,'DATA_MIGRATION', NULL, NULL, NULL);
INSERT INTO cr_objects (object_id, object_name, object_code, user_object_name, module_code, parent_object_id, fbdi_sheet, loader_endpoint, re_con_query, sequence_in_parent, interface_table_name, rejection_table_name, ctl_file_name, xlsm_file_name, immediate_parent, batch_size, base_tables, creation_date, created_by, last_update_date, last_update_by, attribute1, attribute2, attribute3, attribute4, attribute5, attribute6, attribute7, attribute8, attribute9, attribute10, attribute11, attribute12, attribute13, attribute14, attribute15, conversion_type,cld_template_code,cld_metadata_table_name,cld_template_name) VALUES 
(598,'SCP Demand Class', 'SCP_DEMAND_CLASS', 'SCP Demand Class', 'SCM', 597, 'MSC_ST_SR_LOOKUP_VALUES_W','FBDI', NULL, 1, 'MSC_ST_SR_LOOKUP_VALUES_W','MSC_COLLECTION_DML_ERRORS',  'DemandClass', 'ScpDemandClassImportTemplate', NULL, 30000, 'MSC_ST_SR_LOOKUP_VALUES_B', current_date, 'riteadmin', current_date, 'riteadmin', NULL, NULL, NULL, NULL,NULL, NULL, NULL, NULL, NULL, NULL, NULL, NULL, NULL, NULL, NULL,'DATA_MIGRATION', 'SCP_DEMAND_CLASS', 'CR_SCP_DEMAND_CLASS_C', 'CR_SCP_DEMAND_CLASS_CLD');

-- SUPPLY_CHAIN_PLANNING_ERP_INTEGRATION_SERVICE_PARAMETERS
INSERT INTO cr_objects (object_id, object_name, object_code, user_object_name, module_code, parent_object_id, fbdi_sheet, loader_endpoint, re_con_query, sequence_in_parent, interface_table_name, rejection_table_name, ctl_file_name, xlsm_file_name, immediate_parent, batch_size, base_tables, creation_date, created_by, last_update_date, last_update_by, attribute1, attribute2, attribute3, attribute4, attribute5, attribute6, attribute7, attribute8, attribute9, attribute10, attribute11, attribute12, attribute13, attribute14, attribute15, conversion_type,cld_template_code,cld_metadata_table_name,cld_template_name) VALUES 
(599,'Supply Chain Planning ERP Integration Service Parameters', 'SUPPLY_CHAIN_PLANNING_ERP_INTEGRATION_SERVICE_PARAMETERS', 'Supply Chain Planning ERP Integration Service Parameters', 'SCM', NULL, '','FBDI', NULL, NULL, '','',  '', '', NULL, 30000, NULL, current_date, 'riteadmin', current_date, 'riteadmin', NULL, NULL, NULL, NULL,NULL, NULL, NULL, NULL, NULL, NULL, NULL, NULL, NULL, NULL, NULL,'DATA_MIGRATION', NULL, NULL, NULL);
INSERT INTO cr_objects (object_id, object_name, object_code, user_object_name, module_code, parent_object_id, fbdi_sheet, loader_endpoint, re_con_query, sequence_in_parent, interface_table_name, rejection_table_name, ctl_file_name, xlsm_file_name, immediate_parent, batch_size, base_tables, creation_date, created_by, last_update_date, last_update_by, attribute1, attribute2, attribute3, attribute4, attribute5, attribute6, attribute7, attribute8, attribute9, attribute10, attribute11, attribute12, attribute13, attribute14, attribute15, conversion_type,cld_template_code,cld_metadata_table_name,cld_template_name) VALUES 
(600,'Scp Erp Integration Service Parameters', 'SCP_ERP_INTEGRATION_SERVICE_PARAMETERS', 'Scp Erp Integration Service Parameters', 'SCM', 599, 'MSC_ST_ERP_INTG_PARAMS_INT','FBDI', NULL, 1, 'MSC_ST_ERP_INTG_PARAMS_INT','MSC_COLLECTION_DML_ERRORS',  'ScpErpIntegrationServiceParams', 'ScpErpIntegrationServiceParamsImportTemplate', NULL, 30000, NULL, current_date, 'riteadmin', current_date, 'riteadmin', NULL, NULL, NULL, NULL,NULL, NULL, NULL, NULL, NULL, NULL, NULL, NULL, NULL, NULL, NULL,'DATA_MIGRATION', 'SCP_ERP_INTEGRATION_SER_PARA', 'CR_SCP_ERP_INTEGRATION_SER_PARA_C', 'CR_SCP_ERP_INTEGRATION_SER_PARA_CLD');

-- SUPPLY_CHAIN_PLANNING_EXTERNAL_FORECASTS
INSERT INTO cr_objects (object_id, object_name, object_code, user_object_name, module_code, parent_object_id, fbdi_sheet, loader_endpoint, re_con_query, sequence_in_parent, interface_table_name, rejection_table_name, ctl_file_name, xlsm_file_name, immediate_parent, batch_size, base_tables, creation_date, created_by, last_update_date, last_update_by, attribute1, attribute2, attribute3, attribute4, attribute5, attribute6, attribute7, attribute8, attribute9, attribute10, attribute11, attribute12, attribute13, attribute14, attribute15, conversion_type,cld_template_code,cld_metadata_table_name,cld_template_name) VALUES 
(601,'Supply Chain Planning External Forecasts', 'SUPPLY_CHAIN_PLANNING_EXTERNAL_FORECASTS', 'Supply Chain Planning External Forecasts', 'SCM', NULL, '','FBDI', NULL, NULL, '','',  '', '', NULL, 30000, NULL, current_date, 'riteadmin', current_date, 'riteadmin', NULL, NULL, NULL, NULL,NULL, NULL, NULL, NULL, NULL, NULL, NULL, NULL, NULL, NULL, NULL,'DATA_MIGRATION', NULL, NULL, NULL);
INSERT INTO cr_objects (object_id, object_name, object_code, user_object_name, module_code, parent_object_id, fbdi_sheet, loader_endpoint, re_con_query, sequence_in_parent, interface_table_name, rejection_table_name, ctl_file_name, xlsm_file_name, immediate_parent, batch_size, base_tables, creation_date, created_by, last_update_date, last_update_by, attribute1, attribute2, attribute3, attribute4, attribute5, attribute6, attribute7, attribute8, attribute9, attribute10, attribute11, attribute12, attribute13, attribute14, attribute15, conversion_type,cld_template_code,cld_metadata_table_name,cld_template_name) VALUES 
(602,'SCP External Forecast', 'SCP_EXTERNAL_FORECAST', 'SCP External Forecast', 'SCM', 601, 'MSC_ST_DEMANDS','FBDI', NULL, 1, 'MSC_ST_DEMANDS','MSC_COLLECTION_DML_ERRORS',  'ExternalForecast', 'ScpExternalForecastImportTemplate', NULL, 30000, 'MSC_DEMANDS', current_date, 'riteadmin', current_date, 'riteadmin', NULL, NULL, NULL, NULL,NULL, NULL, NULL, NULL, NULL, NULL, NULL, NULL, NULL, NULL, NULL,'DATA_MIGRATION', 'SCP_EXTERNAL_FORECAST', 'CR_SCP_EXTERNAL_FORECAST_C', 'CR_SCP_EXTERNAL_FORECAST_CLD');

-- SUPPLY_CHAIN_PLANNING_FISCAL_CALENDARS
INSERT INTO cr_objects (object_id, object_name, object_code, user_object_name, module_code, parent_object_id, fbdi_sheet, loader_endpoint, re_con_query, sequence_in_parent, interface_table_name, rejection_table_name, ctl_file_name, xlsm_file_name, immediate_parent, batch_size, base_tables, creation_date, created_by, last_update_date, last_update_by, attribute1, attribute2, attribute3, attribute4, attribute5, attribute6, attribute7, attribute8, attribute9, attribute10, attribute11, attribute12, attribute13, attribute14, attribute15, conversion_type,cld_template_code,cld_metadata_table_name,cld_template_name) VALUES 
(603,'Supply Chain Planning Fiscal Calendars', 'SUPPLY_CHAIN_PLANNING_FISCAL_CALENDARS', 'Supply Chain Planning Fiscal Calendars', 'SCM', NULL, '','FBDI', NULL, NULL, '','',  '', '', NULL, 30000, NULL, current_date, 'riteadmin', current_date, 'riteadmin', NULL, NULL, NULL, NULL,NULL, NULL, NULL, NULL, NULL, NULL, NULL, NULL, NULL, NULL, NULL,'DATA_MIGRATION', NULL, NULL, NULL);
INSERT INTO cr_objects (object_id, object_name, object_code, user_object_name, module_code, parent_object_id, fbdi_sheet, loader_endpoint, re_con_query, sequence_in_parent, interface_table_name, rejection_table_name, ctl_file_name, xlsm_file_name, immediate_parent, batch_size, base_tables, creation_date, created_by, last_update_date, last_update_by, attribute1, attribute2, attribute3, attribute4, attribute5, attribute6, attribute7, attribute8, attribute9, attribute10, attribute11, attribute12, attribute13, attribute14, attribute15, conversion_type,cld_template_code,cld_metadata_table_name,cld_template_name) VALUES 
(604,'SCP Fiscal Calendars', 'SCP_FISCAL_CALENDARS', 'SCP Fiscal Calendars', 'SCM', 603, 'MSC_ST_CALENDAR_MONTHS','FBDI', NULL, 1, 'MSC_ST_CALENDAR_MONTHS','MSC_COLLECTION_DML_ERRORS',  'FiscalCalendar', 'ScpFiscalCalendarImportTemplate', NULL, 30000, 'MSC_CALENDAR_MONTHS', current_date, 'riteadmin', current_date, 'riteadmin', NULL, NULL, NULL, NULL,NULL, NULL, NULL, NULL, NULL, NULL, NULL, NULL, NULL, NULL, NULL,'DATA_MIGRATION', 'SCP_FISCAL_CALENDARS', 'CR_SCP_FISCAL_CALENDARS_C', 'CR_SCP_FISCAL_CALENDARS_CLD');

-- SUPPLY_CHAIN_PLANNING_FORECAST_MEASURES
INSERT INTO cr_objects (object_id, object_name, object_code, user_object_name, module_code, parent_object_id, fbdi_sheet, loader_endpoint, re_con_query, sequence_in_parent, interface_table_name, rejection_table_name, ctl_file_name, xlsm_file_name, immediate_parent, batch_size, base_tables, creation_date, created_by, last_update_date, last_update_by, attribute1, attribute2, attribute3, attribute4, attribute5, attribute6, attribute7, attribute8, attribute9, attribute10, attribute11, attribute12, attribute13, attribute14, attribute15, conversion_type,cld_template_code,cld_metadata_table_name,cld_template_name) VALUES 
(605,'Supply Chain Planning Forecast Measures', 'SUPPLY_CHAIN_PLANNING_FORECAST_MEASURES', 'Supply Chain Planning Forecast Measures', 'SCM', NULL, '','FBDI', NULL, NULL, '','',  '', '', NULL, 30000, NULL, current_date, 'riteadmin', current_date, 'riteadmin', NULL, NULL, NULL, NULL,NULL, NULL, NULL, NULL, NULL, NULL, NULL, NULL, NULL, NULL, NULL,'DATA_MIGRATION', NULL, NULL, NULL);
INSERT INTO cr_objects (object_id, object_name, object_code, user_object_name, module_code, parent_object_id, fbdi_sheet, loader_endpoint, re_con_query, sequence_in_parent, interface_table_name, rejection_table_name, ctl_file_name, xlsm_file_name, immediate_parent, batch_size, base_tables, creation_date, created_by, last_update_date, last_update_by, attribute1, attribute2, attribute3, attribute4, attribute5, attribute6, attribute7, attribute8, attribute9, attribute10, attribute11, attribute12, attribute13, attribute14, attribute15, conversion_type,cld_template_code,cld_metadata_table_name,cld_template_name) VALUES 
(606,'SCP Forecast Measures', 'SCP_FORECAST_MEASURES', 'SCP Forecast Measures', 'SCM', 605, 'MSC_ST_MEASURE_DATA','FBDI', NULL, 1, 'MSC_ST_MEASURE_DATA','MSC_COLLECTION_DML_ERRORS',  'DPForecasts', 'ScpForecastMeasureImportTemplate', NULL, 30000, 'MSC_MEASURE_DATA', current_date, 'riteadmin', current_date, 'riteadmin', NULL, NULL, NULL, NULL,NULL, NULL, NULL, NULL, NULL, NULL, NULL, NULL, NULL, NULL, NULL,'DATA_MIGRATION', 'SCP_FORECAST_MEASURES', 'CR_SCP_FORECAST_MEASURES_C', 'CR_SCP_FORECAST_MEASURES_CLD');

-- SUPPLY_CHAIN_PLANNING_INTERLOCATION_SHIPPING_METHODS
INSERT INTO cr_objects (object_id, object_name, object_code, user_object_name, module_code, parent_object_id, fbdi_sheet, loader_endpoint, re_con_query, sequence_in_parent, interface_table_name, rejection_table_name, ctl_file_name, xlsm_file_name, immediate_parent, batch_size, base_tables, creation_date, created_by, last_update_date, last_update_by, attribute1, attribute2, attribute3, attribute4, attribute5, attribute6, attribute7, attribute8, attribute9, attribute10, attribute11, attribute12, attribute13, attribute14, attribute15, conversion_type,cld_template_code,cld_metadata_table_name,cld_template_name) VALUES 
(607,'Supply Chain Planning Interlocation Shipping Methods', 'SUPPLY_CHAIN_PLANNING_INTERLOCATION_SHIPPING_METHODS', 'Supply Chain Planning Interlocation Shipping Methods', 'SCM', NULL, '','FBDI', NULL, NULL, '','',  '', '', NULL, 30000, NULL, current_date, 'riteadmin', current_date, 'riteadmin', NULL, NULL, NULL, NULL,NULL, NULL, NULL, NULL, NULL, NULL, NULL, NULL, NULL, NULL, NULL,'DATA_MIGRATION', NULL, NULL, NULL);
INSERT INTO cr_objects (object_id, object_name, object_code, user_object_name, module_code, parent_object_id, fbdi_sheet, loader_endpoint, re_con_query, sequence_in_parent, interface_table_name, rejection_table_name, ctl_file_name, xlsm_file_name, immediate_parent, batch_size, base_tables, creation_date, created_by, last_update_date, last_update_by, attribute1, attribute2, attribute3, attribute4, attribute5, attribute6, attribute7, attribute8, attribute9, attribute10, attribute11, attribute12, attribute13, attribute14, attribute15, conversion_type,cld_template_code,cld_metadata_table_name,cld_template_name) VALUES 
(608,'SCP InterLocationShipMethods', 'SCP_INTERLOCATIONSHIPMETHODS', 'SCP InterLocationShipMethods', 'SCM', 607, 'MSC_ST_INTERORG_SHIP_METHODS','FBDI', NULL, 1, 'MSC_ST_INTERORG_SHIP_METHODS','MSC_COLLECTION_DML_ERRORS',  'InterLocationShipMethods', 'ScpInterLocationShipMethodsImportTemplate', NULL, 30000, 'MSC_INTERORG_SHIP_METHODS', current_date, 'riteadmin', current_date, 'riteadmin', NULL, NULL, NULL, NULL,NULL, NULL, NULL, NULL, NULL, NULL, NULL, NULL, NULL, NULL, NULL,'DATA_MIGRATION', 'SCP_INTERLOCATIONSHIPMETHODS', 'CR_SCP_INTERLOCATIONSHIPMETHODS_C', 'CR_SCP_INTERLOCATIONSHIPMETHODS_CLD');

-- SUPPLY_CHAIN_PLANNING_ITEM_COST
INSERT INTO cr_objects (object_id, object_name, object_code, user_object_name, module_code, parent_object_id, fbdi_sheet, loader_endpoint, re_con_query, sequence_in_parent, interface_table_name, rejection_table_name, ctl_file_name, xlsm_file_name, immediate_parent, batch_size, base_tables, creation_date, created_by, last_update_date, last_update_by, attribute1, attribute2, attribute3, attribute4, attribute5, attribute6, attribute7, attribute8, attribute9, attribute10, attribute11, attribute12, attribute13, attribute14, attribute15, conversion_type,cld_template_code,cld_metadata_table_name,cld_template_name) VALUES 
(609,'Supply Chain Planning Item Cost', 'SUPPLY_CHAIN_PLANNING_ITEM_COST', 'Supply Chain Planning Item Cost', 'SCM', NULL, '','FBDI', NULL, NULL, '','',  '', '', NULL, 30000, NULL, current_date, 'riteadmin', current_date, 'riteadmin', NULL, NULL, NULL, NULL,NULL, NULL, NULL, NULL, NULL, NULL, NULL, NULL, NULL, NULL, NULL,'DATA_MIGRATION', NULL, NULL, NULL);
INSERT INTO cr_objects (object_id, object_name, object_code, user_object_name, module_code, parent_object_id, fbdi_sheet, loader_endpoint, re_con_query, sequence_in_parent, interface_table_name, rejection_table_name, ctl_file_name, xlsm_file_name, immediate_parent, batch_size, base_tables, creation_date, created_by, last_update_date, last_update_by, attribute1, attribute2, attribute3, attribute4, attribute5, attribute6, attribute7, attribute8, attribute9, attribute10, attribute11, attribute12, attribute13, attribute14, attribute15, conversion_type,cld_template_code,cld_metadata_table_name,cld_template_name) VALUES 
(610,'SCP Item Cost', 'SCP_ITEM_COST', 'SCP Item Cost', 'SCM', 609, 'MSC_ST_ITEMS_ADDTL_ATTRIB','FBDI', NULL, 1, 'MSC_ST_ITEMS_ADDTL_ATTRIB','MSC_COLLECTION_DML_ERRORS',  'ItemCost', 'ScpItemCostImportTemplate', NULL, 30000, 'MSC_ITEMS_ADDTL_ATTRIB', current_date, 'riteadmin', current_date, 'riteadmin', NULL, NULL, NULL, NULL,NULL, NULL, NULL, NULL, NULL, NULL, NULL, NULL, NULL, NULL, NULL,'DATA_MIGRATION', 'SCP_ITEM_COST', 'CR_SCP_ITEM_COST_C', 'CR_SCP_ITEM_COST_CLD');

-- SUPPLY_CHAIN_PLANNING_ITEM_POLICY_OVERRIDES
INSERT INTO cr_objects (object_id, object_name, object_code, user_object_name, module_code, parent_object_id, fbdi_sheet, loader_endpoint, re_con_query, sequence_in_parent, interface_table_name, rejection_table_name, ctl_file_name, xlsm_file_name, immediate_parent, batch_size, base_tables, creation_date, created_by, last_update_date, last_update_by, attribute1, attribute2, attribute3, attribute4, attribute5, attribute6, attribute7, attribute8, attribute9, attribute10, attribute11, attribute12, attribute13, attribute14, attribute15, conversion_type,cld_template_code,cld_metadata_table_name,cld_template_name) VALUES 
(611,'Supply Chain Planning Item Policy Overrides', 'SUPPLY_CHAIN_PLANNING_ITEM_POLICY_OVERRIDES', 'Supply Chain Planning Item Policy Overrides', 'SCM', NULL, '','FBDI', NULL, NULL, '','',  '', '', NULL, 30000, NULL, current_date, 'riteadmin', current_date, 'riteadmin', NULL, NULL, NULL, NULL,NULL, NULL, NULL, NULL, NULL, NULL, NULL, NULL, NULL, NULL, NULL,'DATA_MIGRATION', NULL, NULL, NULL);
INSERT INTO cr_objects (object_id, object_name, object_code, user_object_name, module_code, parent_object_id, fbdi_sheet, loader_endpoint, re_con_query, sequence_in_parent, interface_table_name, rejection_table_name, ctl_file_name, xlsm_file_name, immediate_parent, batch_size, base_tables, creation_date, created_by, last_update_date, last_update_by, attribute1, attribute2, attribute3, attribute4, attribute5, attribute6, attribute7, attribute8, attribute9, attribute10, attribute11, attribute12, attribute13, attribute14, attribute15, conversion_type,cld_template_code,cld_metadata_table_name,cld_template_name) VALUES 
(612,'SCP Item Policy Overrides', 'SCP_ITEM_POLICY_OVERRIDES', 'SCP Item Policy Overrides', 'SCM', 611, 'MSC_ST_INV_PA_OVERRIDES_INT','FBDI', NULL, 1, 'MSC_ST_INV_PA_OVERRIDES_INT','MSC_COLLECTION_DML_ERRORS',  'ItemPolicyOverrides', '	ScpItemPolicyOverridesImportTemplate', NULL, 30000, 'MSC_INV_PA_OVERRIDES', current_date, 'riteadmin', current_date, 'riteadmin', NULL, NULL, NULL, NULL,NULL, NULL, NULL, NULL, NULL, NULL, NULL, NULL, NULL, NULL, NULL,'DATA_MIGRATION', 'SCP_ITEM_POLICY_OVERRIDES', 'CR_SCP_ITEM_POLICY_OVERRIDES_C', 'CR_SCP_ITEM_POLICY_OVERRIDES_CLD');

-- SUPPLY_CHAIN_PLANNING_ITEM_STRUCTURES
INSERT INTO cr_objects (object_id, object_name, object_code, user_object_name, module_code, parent_object_id, fbdi_sheet, loader_endpoint, re_con_query, sequence_in_parent, interface_table_name, rejection_table_name, ctl_file_name, xlsm_file_name, immediate_parent, batch_size, base_tables, creation_date, created_by, last_update_date, last_update_by, attribute1, attribute2, attribute3, attribute4, attribute5, attribute6, attribute7, attribute8, attribute9, attribute10, attribute11, attribute12, attribute13, attribute14, attribute15, conversion_type,cld_template_code,cld_metadata_table_name,cld_template_name) VALUES 
(613,'Supply Chain Planning Item Structures', 'SUPPLY_CHAIN_PLANNING_ITEM_STRUCTURES', 'Supply Chain Planning Item Structures', 'SCM', NULL, '','FBDI', NULL, NULL, '','',  '', '', NULL, 30000, NULL, current_date, 'riteadmin', current_date, 'riteadmin', NULL, NULL, NULL, NULL,NULL, NULL, NULL, NULL, NULL, NULL, NULL, NULL, NULL, NULL, NULL,'DATA_MIGRATION', NULL, NULL, NULL);
INSERT INTO cr_objects (object_id, object_name, object_code, user_object_name, module_code, parent_object_id, fbdi_sheet, loader_endpoint, re_con_query, sequence_in_parent, interface_table_name, rejection_table_name, ctl_file_name, xlsm_file_name, immediate_parent, batch_size, base_tables, creation_date, created_by, last_update_date, last_update_by, attribute1, attribute2, attribute3, attribute4, attribute5, attribute6, attribute7, attribute8, attribute9, attribute10, attribute11, attribute12, attribute13, attribute14, attribute15, conversion_type,cld_template_code,cld_metadata_table_name,cld_template_name) VALUES 
(614,'SCP Bill Of Materials', 'SCP_BILL_OF_MATERIALS', 'SCP Bill Of Materials', 'SCM', 613, 'MSC_ST_BOMS','FBDI', NULL, 1, 'MSC_ST_BOMS','MSC_COLLECTION_DML_ERRORS',  'BillofMaterials', 'ScpBillofMaterialImportTemplate', NULL, 30000, 'MSC_BOMS', current_date, 'riteadmin', current_date, 'riteadmin', NULL, NULL, NULL, NULL,NULL, NULL, NULL, NULL, NULL, NULL, NULL, NULL, NULL, NULL, NULL,'DATA_MIGRATION', 'SCP_BILL_OF_MATERIALS', 'CR_SCP_BILL_OF_MATERIALS_C', 'CR_SCP_BILL_OF_MATERIALS_CLD');
INSERT INTO cr_objects (object_id, object_name, object_code, user_object_name, module_code, parent_object_id, fbdi_sheet, loader_endpoint, re_con_query, sequence_in_parent, interface_table_name, rejection_table_name, ctl_file_name, xlsm_file_name, immediate_parent, batch_size, base_tables, creation_date, created_by, last_update_date, last_update_by, attribute1, attribute2, attribute3, attribute4, attribute5, attribute6, attribute7, attribute8, attribute9, attribute10, attribute11, attribute12, attribute13, attribute14, attribute15, conversion_type,cld_template_code,cld_metadata_table_name,cld_template_name) VALUES 
(615,'SCP Bill Of Material Components', 'SCP_BILL_OF_MATERIAL_COMPONENTS', 'SCP Bill Of Material Components', 'SCM', 613, 'MSC_ST_BOM_COMPONENTS','FBDI', NULL, 2, 'MSC_ST_BOM_COMPONENTS','MSC_COLLECTION_DML_ERRORS',  'BillofMaterialComponents', 'ScpBillofMaterialImportTemplate', NULL, 30000, 'MSC_BOM_COMPONENTS', current_date, 'riteadmin', current_date, 'riteadmin', NULL, NULL, NULL, NULL,NULL, NULL, NULL, NULL, NULL, NULL, NULL, NULL, NULL, NULL, NULL,'DATA_MIGRATION', 'SCP_BOM_COMPONENTS', 'CR_SCP_BOM_COMPONENTS_C', 'CR_SCP_BOM_COMPONENTS_CLD');
INSERT INTO cr_objects (object_id, object_name, object_code, user_object_name, module_code, parent_object_id, fbdi_sheet, loader_endpoint, re_con_query, sequence_in_parent, interface_table_name, rejection_table_name, ctl_file_name, xlsm_file_name, immediate_parent, batch_size, base_tables, creation_date, created_by, last_update_date, last_update_by, attribute1, attribute2, attribute3, attribute4, attribute5, attribute6, attribute7, attribute8, attribute9, attribute10, attribute11, attribute12, attribute13, attribute14, attribute15, conversion_type,cld_template_code,cld_metadata_table_name,cld_template_name) VALUES 
(616,'SCP Bill Of Material Component Substitute', 'SCP_BILL_OF_MATERIAL_COMPONENT_SUBSTITUTE', 'SCP Bill Of Material Component Substitute', 'SCM', 613, 'MSC_ST_COMPONENT_SUBSTITUTES','FBDI', NULL, 3, 'MSC_ST_COMPONENT_SUBSTITUTES','MSC_COLLECTION_DML_ERRORS',  'BOMComponentSubstitutes', 'ScpBillofMaterialImportTemplate', NULL, 30000, 'MSC_COMPONENT_SUBSTITUTES', current_date, 'riteadmin', current_date, 'riteadmin', NULL, NULL, NULL, NULL,NULL, NULL, NULL, NULL, NULL, NULL, NULL, NULL, NULL, NULL, NULL,'DATA_MIGRATION', 'SCP_BOM_COMPONENT_SUBSTITUTE', 'CR_SCP_BOM_COMPONENT_SUBSTITUTE_C', 'CR_SCP_BOM_COMPONENT_SUBSTITUTE_CLD');

-- SUPPLY_CHAIN_PLANNING_ITEM_SUBINVENTORIES
INSERT INTO cr_objects (object_id, object_name, object_code, user_object_name, module_code, parent_object_id, fbdi_sheet, loader_endpoint, re_con_query, sequence_in_parent, interface_table_name, rejection_table_name, ctl_file_name, xlsm_file_name, immediate_parent, batch_size, base_tables, creation_date, created_by, last_update_date, last_update_by, attribute1, attribute2, attribute3, attribute4, attribute5, attribute6, attribute7, attribute8, attribute9, attribute10, attribute11, attribute12, attribute13, attribute14, attribute15, conversion_type,cld_template_code,cld_metadata_table_name,cld_template_name) VALUES 
(617,'Supply Chain Planning Item Subinventories', 'SUPPLY_CHAIN_PLANNING_ITEM_SUBINVENTORIES', 'Supply Chain Planning Item Subinventories', 'SCM', NULL, '','FBDI', NULL, NULL, '','',  '', '', NULL, 30000, NULL, current_date, 'riteadmin', current_date, 'riteadmin', NULL, NULL, NULL, NULL,NULL, NULL, NULL, NULL, NULL, NULL, NULL, NULL, NULL, NULL, NULL,'DATA_MIGRATION', NULL, NULL, NULL);
INSERT INTO cr_objects (object_id, object_name, object_code, user_object_name, module_code, parent_object_id, fbdi_sheet, loader_endpoint, re_con_query, sequence_in_parent, interface_table_name, rejection_table_name, ctl_file_name, xlsm_file_name, immediate_parent, batch_size, base_tables, creation_date, created_by, last_update_date, last_update_by, attribute1, attribute2, attribute3, attribute4, attribute5, attribute6, attribute7, attribute8, attribute9, attribute10, attribute11, attribute12, attribute13, attribute14, attribute15, conversion_type,cld_template_code,cld_metadata_table_name,cld_template_name) VALUES 
(618,'SCP Item Subinventories', 'SCP_ITEM_SUBINVENTORIES', 'SCP Item Subinventories', 'SCM', 617, 'MSC_ST_ITEM_SUBINVENTORIES_INT','FBDI', NULL, 1, 'MSC_ST_ITEM_SUBINVENTORIES_INT','MSC_COLLECTION_DML_ERRORS',  'ItemSubinventories', 'ScpItemSubinventoryImportTemplate', NULL, 30000, 'MSC_ITEM_SUBINVENTORIES', current_date, 'riteadmin', current_date, 'riteadmin', NULL, NULL, NULL, NULL,NULL, NULL, NULL, NULL, NULL, NULL, NULL, NULL, NULL, NULL, NULL,'DATA_MIGRATION', 'SCP_ITEM_SUBINVENTORIES', 'CR_SCP_ITEM_SUBINVENTORIES_C', 'CR_SCP_ITEM_SUBINVENTORIES_CLD');

-- SUPPLY_CHAIN_PLANNING_ITEM_SUBSTITUTE
INSERT INTO cr_objects (object_id, object_name, object_code, user_object_name, module_code, parent_object_id, fbdi_sheet, loader_endpoint, re_con_query, sequence_in_parent, interface_table_name, rejection_table_name, ctl_file_name, xlsm_file_name, immediate_parent, batch_size, base_tables, creation_date, created_by, last_update_date, last_update_by, attribute1, attribute2, attribute3, attribute4, attribute5, attribute6, attribute7, attribute8, attribute9, attribute10, attribute11, attribute12, attribute13, attribute14, attribute15, conversion_type,cld_template_code,cld_metadata_table_name,cld_template_name) VALUES 
(619,'Supply Chain Planning Item Substitute', 'SUPPLY_CHAIN_PLANNING_ITEM_SUBSTITUTE', 'Supply Chain Planning Item Substitute', 'SCM', NULL, '','FBDI', NULL, NULL, '','',  '', '', NULL, 30000, NULL, current_date, 'riteadmin', current_date, 'riteadmin', NULL, NULL, NULL, NULL,NULL, NULL, NULL, NULL, NULL, NULL, NULL, NULL, NULL, NULL, NULL,'DATA_MIGRATION', NULL, NULL, NULL);
INSERT INTO cr_objects (object_id, object_name, object_code, user_object_name, module_code, parent_object_id, fbdi_sheet, loader_endpoint, re_con_query, sequence_in_parent, interface_table_name, rejection_table_name, ctl_file_name, xlsm_file_name, immediate_parent, batch_size, base_tables, creation_date, created_by, last_update_date, last_update_by, attribute1, attribute2, attribute3, attribute4, attribute5, attribute6, attribute7, attribute8, attribute9, attribute10, attribute11, attribute12, attribute13, attribute14, attribute15, conversion_type,cld_template_code,cld_metadata_table_name,cld_template_name) VALUES 
(620,'SCP Item Substitute', 'SCP_ITEM_SUBSTITUTE', 'SCP Item Substitute', 'SCM', 619, 'MSC_ST_ITEM_SUBSTITUTES','FBDI', NULL, 1, 'MSC_ST_ITEM_SUBSTITUTES','MSC_COLLECTION_DML_ERRORS',  'ItemSubstitute', 'ScpItemSubstituteImportTemplate', NULL, 30000, 'MSC_ITEM_SUBSTITUTES', current_date, 'riteadmin', current_date, 'riteadmin', NULL, NULL, NULL, NULL,NULL, NULL, NULL, NULL, NULL, NULL, NULL, NULL, NULL, NULL, NULL,'DATA_MIGRATION', 'SCP_ITEM_SUBSTITUTE', 'CR_SCP_ITEM_SUBSTITUTE_C', 'CR_SCP_ITEM_SUBSTITUTE_CLD');

-- SUPPLY_CHAIN_PLANNING_ITEMS
INSERT INTO cr_objects (object_id, object_name, object_code, user_object_name, module_code, parent_object_id, fbdi_sheet, loader_endpoint, re_con_query, sequence_in_parent, interface_table_name, rejection_table_name, ctl_file_name, xlsm_file_name, immediate_parent, batch_size, base_tables, creation_date, created_by, last_update_date, last_update_by, attribute1, attribute2, attribute3, attribute4, attribute5, attribute6, attribute7, attribute8, attribute9, attribute10, attribute11, attribute12, attribute13, attribute14, attribute15, conversion_type,cld_template_code,cld_metadata_table_name,cld_template_name) VALUES 
(621,'Supply Chain Planning Items', 'SUPPLY_CHAIN_PLANNING_ITEMS', 'Supply Chain Planning Items', 'SCM', NULL, '','FBDI', NULL, NULL, '','',  '', '', NULL, 30000, NULL, current_date, 'riteadmin', current_date, 'riteadmin', NULL, NULL, NULL, NULL,NULL, NULL, NULL, NULL, NULL, NULL, NULL, NULL, NULL, NULL, NULL,'DATA_MIGRATION', NULL, NULL, NULL);
INSERT INTO cr_objects (object_id, object_name, object_code, user_object_name, module_code, parent_object_id, fbdi_sheet, loader_endpoint, re_con_query, sequence_in_parent, interface_table_name, rejection_table_name, ctl_file_name, xlsm_file_name, immediate_parent, batch_size, base_tables, creation_date, created_by, last_update_date, last_update_by, attribute1, attribute2, attribute3, attribute4, attribute5, attribute6, attribute7, attribute8, attribute9, attribute10, attribute11, attribute12, attribute13, attribute14, attribute15, conversion_type,cld_template_code,cld_metadata_table_name,cld_template_name) VALUES 
(622,'SCP Item', 'SCP_ITEM', 'SCP Item', 'SCM', 621, 'MSC_ST_SYSTEM_ITEMS','FBDI', NULL, 1, 'MSC_ST_SYSTEM_ITEMS','MSC_COLLECTION_DML_ERRORS',  'Items', 'ScpItemImportTemplate', NULL, 30000, 'MSC_SYSTEM_ITEMS', current_date, 'riteadmin', current_date, 'riteadmin', NULL, NULL, NULL, NULL,NULL, NULL, NULL, NULL, NULL, NULL, NULL, NULL, NULL, NULL, NULL,'DATA_MIGRATION', 'SCP_ITEM', 'CR_SCP_ITEM_C', 'CR_SCP_ITEM_CLD');

-- SUPPLY_CHAIN_PLANNING_KEY_CUSTOMER_OPTIONS
INSERT INTO cr_objects (object_id, object_name, object_code, user_object_name, module_code, parent_object_id, fbdi_sheet, loader_endpoint, re_con_query, sequence_in_parent, interface_table_name, rejection_table_name, ctl_file_name, xlsm_file_name, immediate_parent, batch_size, base_tables, creation_date, created_by, last_update_date, last_update_by, attribute1, attribute2, attribute3, attribute4, attribute5, attribute6, attribute7, attribute8, attribute9, attribute10, attribute11, attribute12, attribute13, attribute14, attribute15, conversion_type,cld_template_code,cld_metadata_table_name,cld_template_name) VALUES 
(623,'Supply Chain Planning Key Customer Options', 'SUPPLY_CHAIN_PLANNING_KEY_CUSTOMER_OPTIONS', 'Supply Chain Planning Key Customer Options', 'SCM', NULL, '','FBDI', NULL, NULL, '','',  '', '', NULL, 30000, NULL, current_date, 'riteadmin', current_date, 'riteadmin', NULL, NULL, NULL, NULL,NULL, NULL, NULL, NULL, NULL, NULL, NULL, NULL, NULL, NULL, NULL,'DATA_MIGRATION', NULL, NULL, NULL);
INSERT INTO cr_objects (object_id, object_name, object_code, user_object_name, module_code, parent_object_id, fbdi_sheet, loader_endpoint, re_con_query, sequence_in_parent, interface_table_name, rejection_table_name, ctl_file_name, xlsm_file_name, immediate_parent, batch_size, base_tables, creation_date, created_by, last_update_date, last_update_by, attribute1, attribute2, attribute3, attribute4, attribute5, attribute6, attribute7, attribute8, attribute9, attribute10, attribute11, attribute12, attribute13, attribute14, attribute15, conversion_type,cld_template_code,cld_metadata_table_name,cld_template_name) VALUES 
(624,'SCP Key Customer Options Header', 'SCP_KEY_CUSTOMER_OPTIONS_HEADER', 'SCP Key Customer Options Header', 'SCM', 623, 'MSC_ST_KEY_CUS_OPTN_HDR_INT','FBDI', NULL, 1, 'MSC_ST_KEY_CUS_OPTN_HDR_INT','MSC_COLLECTION_DML_ERRORS',  'KeyCusOptnHeader', 'ScpKeyCustomerOptionsImportTemplate', NULL, 30000, 'MSC_KEY_CUS_OPTN_HEADER', current_date, 'riteadmin', current_date, 'riteadmin', NULL, NULL, NULL, NULL,NULL, NULL, NULL, NULL, NULL, NULL, NULL, NULL, NULL, NULL, NULL,'DATA_MIGRATION', 'SCP_KEY_CUST_OPTIONS_HEADER', 'CR_SCP_KEY_CUST_OPTIONS_HEADER_C', 'CR_SCP_KEY_CUST_OPTIONS_HEADER_CLD');
INSERT INTO cr_objects (object_id, object_name, object_code, user_object_name, module_code, parent_object_id, fbdi_sheet, loader_endpoint, re_con_query, sequence_in_parent, interface_table_name, rejection_table_name, ctl_file_name, xlsm_file_name, immediate_parent, batch_size, base_tables, creation_date, created_by, last_update_date, last_update_by, attribute1, attribute2, attribute3, attribute4, attribute5, attribute6, attribute7, attribute8, attribute9, attribute10, attribute11, attribute12, attribute13, attribute14, attribute15, conversion_type,cld_template_code,cld_metadata_table_name,cld_template_name) VALUES 
(625,'SCP Key Customer Options Member', 'SCP_KEY_CUSTOMER_OPTIONS_MEMBER', 'SCP Key Customer Options Member', 'SCM', 623, 'MSC_ST_KEY_CUS_OPTN_MEM_INT','FBDI', NULL, 2, 'MSC_ST_KEY_CUS_OPTN_MEM_INT','MSC_COLLECTION_DML_ERRORS',  'KeyCusOptnMembers', 'ScpKeyCustomerOptionsImportTemplate', NULL, 30000, 'MSC_KEY_CUS_OPTN_MEMBERS', current_date, 'riteadmin', current_date, 'riteadmin', NULL, NULL, NULL, NULL,NULL, NULL, NULL, NULL, NULL, NULL, NULL, NULL, NULL, NULL, NULL,'DATA_MIGRATION', 'SCP_KEY_CUST_OPTIONS_MEMBER', 'CR_SCP_KEY_CUST_OPTIONS_MEMBER_C', 'CR_SCP_KEY_CUST_OPTIONS_MEMBER_CLD');

-- SUPPLY_CHAIN_PLANNING_LOCATIONS
INSERT INTO cr_objects (object_id, object_name, object_code, user_object_name, module_code, parent_object_id, fbdi_sheet, loader_endpoint, re_con_query, sequence_in_parent, interface_table_name, rejection_table_name, ctl_file_name, xlsm_file_name, immediate_parent, batch_size, base_tables, creation_date, created_by, last_update_date, last_update_by, attribute1, attribute2, attribute3, attribute4, attribute5, attribute6, attribute7, attribute8, attribute9, attribute10, attribute11, attribute12, attribute13, attribute14, attribute15, conversion_type,cld_template_code,cld_metadata_table_name,cld_template_name) VALUES 
(626,'Supply Chain Planning Locations', 'SUPPLY_CHAIN_PLANNING_LOCATIONS', 'Supply Chain Planning Locations', 'SCM', NULL, '','FBDI', NULL, NULL, '','',  '', '', NULL, 30000, NULL, current_date, 'riteadmin', current_date, 'riteadmin', NULL, NULL, NULL, NULL,NULL, NULL, NULL, NULL, NULL, NULL, NULL, NULL, NULL, NULL, NULL,'DATA_MIGRATION', NULL, NULL, NULL);
INSERT INTO cr_objects (object_id, object_name, object_code, user_object_name, module_code, parent_object_id, fbdi_sheet, loader_endpoint, re_con_query, sequence_in_parent, interface_table_name, rejection_table_name, ctl_file_name, xlsm_file_name, immediate_parent, batch_size, base_tables, creation_date, created_by, last_update_date, last_update_by, attribute1, attribute2, attribute3, attribute4, attribute5, attribute6, attribute7, attribute8, attribute9, attribute10, attribute11, attribute12, attribute13, attribute14, attribute15, conversion_type,cld_template_code,cld_metadata_table_name,cld_template_name) VALUES 
(627,'SCP Locations', 'SCP_LOCATIONS', 'SCP Locations', 'SCM', 625, 'MSC_ST_LOCATIONS','FBDI', NULL, 1, 'MSC_ST_LOCATIONS','MSC_COLLECTION_DML_ERRORS',  'Locations', 'ScpLocationsImportTemplate', NULL, 30000, 'MSC_LOCATIONS', current_date, 'riteadmin', current_date, 'riteadmin', NULL, NULL, NULL, NULL,NULL, NULL, NULL, NULL, NULL, NULL, NULL, NULL, NULL, NULL, NULL,'DATA_MIGRATION', 'SCP_LOCATIONS', 'CR_SCP_LOCATIONS_C', 'CR_SCP_LOCATIONS_CLD');

-- SUPPLY_CHAIN_PLANNING_MEASURES
INSERT INTO cr_objects (object_id, object_name, object_code, user_object_name, module_code, parent_object_id, fbdi_sheet, loader_endpoint, re_con_query, sequence_in_parent, interface_table_name, rejection_table_name, ctl_file_name, xlsm_file_name, immediate_parent, batch_size, base_tables, creation_date, created_by, last_update_date, last_update_by, attribute1, attribute2, attribute3, attribute4, attribute5, attribute6, attribute7, attribute8, attribute9, attribute10, attribute11, attribute12, attribute13, attribute14, attribute15, conversion_type,cld_template_code,cld_metadata_table_name,cld_template_name) VALUES 
(628,'Supply Chain Planning Measures', 'SUPPLY_CHAIN_PLANNING_MEASURES', 'Supply Chain Planning Measures', 'SCM', NULL, '','FBDI', NULL, NULL, '','',  '', '', NULL, 30000, NULL, current_date, 'riteadmin', current_date, 'riteadmin', NULL, NULL, NULL, NULL,NULL, NULL, NULL, NULL, NULL, NULL, NULL, NULL, NULL, NULL, NULL,'DATA_MIGRATION', NULL, NULL, NULL);
INSERT INTO cr_objects (object_id, object_name, object_code, user_object_name, module_code, parent_object_id, fbdi_sheet, loader_endpoint, re_con_query, sequence_in_parent, interface_table_name, rejection_table_name, ctl_file_name, xlsm_file_name, immediate_parent, batch_size, base_tables, creation_date, created_by, last_update_date, last_update_by, attribute1, attribute2, attribute3, attribute4, attribute5, attribute6, attribute7, attribute8, attribute9, attribute10, attribute11, attribute12, attribute13, attribute14, attribute15, conversion_type,cld_template_code,cld_metadata_table_name,cld_template_name) VALUES 
(629,'SCP Measures', 'SCP_MEASURES', 'SCP Measures', 'SCM', 628, 'MSC_ST_MEASURE_DATA','FBDI', NULL, 1, 'MSC_ST_MEASURE_DATA','MSC_COLLECTION_DML_ERRORS',  'Measures', 'ScpMeasuresImportTemplate', NULL, 30000, 'MSC_MEASURE_DATA', current_date, 'riteadmin', current_date, 'riteadmin', NULL, NULL, NULL, NULL,NULL, NULL, NULL, NULL, NULL, NULL, NULL, NULL, NULL, NULL, NULL,'DATA_MIGRATION', 'SCP_MEASURES', 'CR_SCP_MEASURES_C', 'CR_SCP_MEASURES_CLD');

-- SUPPLY_CHAIN_PLANNING_MOVEMENT_REQUESTS
INSERT INTO cr_objects (object_id, object_name, object_code, user_object_name, module_code, parent_object_id, fbdi_sheet, loader_endpoint, re_con_query, sequence_in_parent, interface_table_name, rejection_table_name, ctl_file_name, xlsm_file_name, immediate_parent, batch_size, base_tables, creation_date, created_by, last_update_date, last_update_by, attribute1, attribute2, attribute3, attribute4, attribute5, attribute6, attribute7, attribute8, attribute9, attribute10, attribute11, attribute12, attribute13, attribute14, attribute15, conversion_type,cld_template_code,cld_metadata_table_name,cld_template_name) VALUES 
(630,'Supply Chain Planning Movement Requests', 'SUPPLY_CHAIN_PLANNING_MOVEMENT_REQUESTS', 'Supply Chain Planning Movement Requests', 'SCM', NULL, '','FBDI', NULL, NULL, '','',  '', '', NULL, 30000, NULL, current_date, 'riteadmin', current_date, 'riteadmin', NULL, NULL, NULL, NULL,NULL, NULL, NULL, NULL, NULL, NULL, NULL, NULL, NULL, NULL, NULL,'DATA_MIGRATION', NULL, NULL, NULL);
INSERT INTO cr_objects (object_id, object_name, object_code, user_object_name, module_code, parent_object_id, fbdi_sheet, loader_endpoint, re_con_query, sequence_in_parent, interface_table_name, rejection_table_name, ctl_file_name, xlsm_file_name, immediate_parent, batch_size, base_tables, creation_date, created_by, last_update_date, last_update_by, attribute1, attribute2, attribute3, attribute4, attribute5, attribute6, attribute7, attribute8, attribute9, attribute10, attribute11, attribute12, attribute13, attribute14, attribute15, conversion_type,cld_template_code,cld_metadata_table_name,cld_template_name) VALUES 
(631,'SCP Movement Request', 'SCP_MOVEMENT_REQUEST', 'SCP Movement Request', 'SCM', 630, 'MSC_ST_SUPPLIES','FBDI', NULL, 1, 'MSC_ST_SUPPLIES','MSC_COLLECTION_DML_ERRORS',  'MovementRequests', 'ScpMovementRequestsImportTemplate', NULL, 30000, 'MSC_SUPPLIES', current_date, 'riteadmin', current_date, 'riteadmin', NULL, NULL, NULL, NULL,NULL, NULL, NULL, NULL, NULL, NULL, NULL, NULL, NULL, NULL, NULL,'DATA_MIGRATION', 'SCP_MOVEMENT_REQUEST', 'CR_SCP_MOVEMENT_REQUEST_C', 'CR_SCP_MOVEMENT_REQUEST_CLD');

-- SUPPLY_CHAIN_PLANNING_OPTION_BOOKINGS_HISTORY
INSERT INTO cr_objects (object_id, object_name, object_code, user_object_name, module_code, parent_object_id, fbdi_sheet, loader_endpoint, re_con_query, sequence_in_parent, interface_table_name, rejection_table_name, ctl_file_name, xlsm_file_name, immediate_parent, batch_size, base_tables, creation_date, created_by, last_update_date, last_update_by, attribute1, attribute2, attribute3, attribute4, attribute5, attribute6, attribute7, attribute8, attribute9, attribute10, attribute11, attribute12, attribute13, attribute14, attribute15, conversion_type,cld_template_code,cld_metadata_table_name,cld_template_name) VALUES 
(632,'Supply Chain Planning Option Bookings History', 'SUPPLY_CHAIN_PLANNING_OPTION_BOOKINGS_HISTORY', 'Supply Chain Planning Option Bookings History', 'SCM', NULL, '','FBDI', NULL, NULL, '','',  '', '', NULL, 30000, NULL, current_date, 'riteadmin', current_date, 'riteadmin', NULL, NULL, NULL, NULL,NULL, NULL, NULL, NULL, NULL, NULL, NULL, NULL, NULL, NULL, NULL,'DATA_MIGRATION', NULL, NULL, NULL);
INSERT INTO cr_objects (object_id, object_name, object_code, user_object_name, module_code, parent_object_id, fbdi_sheet, loader_endpoint, re_con_query, sequence_in_parent, interface_table_name, rejection_table_name, ctl_file_name, xlsm_file_name, immediate_parent, batch_size, base_tables, creation_date, created_by, last_update_date, last_update_by, attribute1, attribute2, attribute3, attribute4, attribute5, attribute6, attribute7, attribute8, attribute9, attribute10, attribute11, attribute12, attribute13, attribute14, attribute15, conversion_type,cld_template_code,cld_metadata_table_name,cld_template_name) VALUES 
(633,'SCP Option Booking History', 'SCP_OPTION_BOOKING_HISTORY', 'SCP Option Booking History', 'SCM', 632, 'MSC_ST_MEASURE_DATA','FBDI', NULL, 1, 'MSC_ST_MEASURE_DATA','MSC_COLLECTION_DML_ERRORS',  'OptionBookingHistory', 'ScpOptionBookingHistoryImportTemplate', NULL, 30000, 'MSC_MEASURE_DATA', current_date, 'riteadmin', current_date, 'riteadmin', NULL, NULL, NULL, NULL,NULL, NULL, NULL, NULL, NULL, NULL, NULL, NULL, NULL, NULL, NULL,'DATA_MIGRATION', 'SCP_OPTION_BOOKING_HISTORY', 'CR_SCP_OPTION_BOOKING_HISTORY_C', 'CR_SCP_OPTION_BOOKING_HISTORY_CLD');

-- SUPPLY_CHAIN_PLANNING_OPTION_SHIPMENTS_HISTORY
INSERT INTO cr_objects (object_id, object_name, object_code, user_object_name, module_code, parent_object_id, fbdi_sheet, loader_endpoint, re_con_query, sequence_in_parent, interface_table_name, rejection_table_name, ctl_file_name, xlsm_file_name, immediate_parent, batch_size, base_tables, creation_date, created_by, last_update_date, last_update_by, attribute1, attribute2, attribute3, attribute4, attribute5, attribute6, attribute7, attribute8, attribute9, attribute10, attribute11, attribute12, attribute13, attribute14, attribute15, conversion_type,cld_template_code,cld_metadata_table_name,cld_template_name) VALUES 
(634,'Supply Chain Planning Option Shipments History', 'SUPPLY_CHAIN_PLANNING_OPTION_SHIPMENTS_HISTORY', 'Supply Chain Planning Option Shipments History', 'SCM', NULL, '','FBDI', NULL, NULL, '','',  '', '', NULL, 30000, NULL, current_date, 'riteadmin', current_date, 'riteadmin', NULL, NULL, NULL, NULL,NULL, NULL, NULL, NULL, NULL, NULL, NULL, NULL, NULL, NULL, NULL,'DATA_MIGRATION', NULL, NULL, NULL);
INSERT INTO cr_objects (object_id, object_name, object_code, user_object_name, module_code, parent_object_id, fbdi_sheet, loader_endpoint, re_con_query, sequence_in_parent, interface_table_name, rejection_table_name, ctl_file_name, xlsm_file_name, immediate_parent, batch_size, base_tables, creation_date, created_by, last_update_date, last_update_by, attribute1, attribute2, attribute3, attribute4, attribute5, attribute6, attribute7, attribute8, attribute9, attribute10, attribute11, attribute12, attribute13, attribute14, attribute15, conversion_type,cld_template_code,cld_metadata_table_name,cld_template_name) VALUES 
(635,'SCP Option Shipment History', 'SCP_OPTION_SHIPMENT_HISTORY', 'SCP Option Shipment History', 'SCM', 634, 'MSC_ST_MEASURE_DATA','FBDI', NULL, 1, 'MSC_ST_MEASURE_DATA','MSC_COLLECTION_DML_ERRORS',  'OptionShipmentHistory', 'ScpOptionShipmentHistoryImportTemplate', NULL, 30000, 'MSC_MEASURE_DATA', current_date, 'riteadmin', current_date, 'riteadmin', NULL, NULL, NULL, NULL,NULL, NULL, NULL, NULL, NULL, NULL, NULL, NULL, NULL, NULL, NULL,'DATA_MIGRATION', 'SCP_OPTION_SHIPMENT_HISTORY', 'CR_SCP_OPTION_SHIPMENT_HISTORY_C', 'CR_SCP_OPTION_SHIPMENT_HISTORY_CLD');

-- SUPPLY_CHAIN_PLANNING_ORGANIZATIONS
INSERT INTO cr_objects (object_id, object_name, object_code, user_object_name, module_code, parent_object_id, fbdi_sheet, loader_endpoint, re_con_query, sequence_in_parent, interface_table_name, rejection_table_name, ctl_file_name, xlsm_file_name, immediate_parent, batch_size, base_tables, creation_date, created_by, last_update_date, last_update_by, attribute1, attribute2, attribute3, attribute4, attribute5, attribute6, attribute7, attribute8, attribute9, attribute10, attribute11, attribute12, attribute13, attribute14, attribute15, conversion_type,cld_template_code,cld_metadata_table_name,cld_template_name) VALUES 
(636,'Supply Chain Planning Organizations', 'SUPPLY_CHAIN_PLANNING_ORGANIZATIONS', 'Supply Chain Planning Organizations', 'SCM', NULL, '','FBDI', NULL, NULL, '','',  '', '', NULL, 30000, NULL, current_date, 'riteadmin', current_date, 'riteadmin', NULL, NULL, NULL, NULL,NULL, NULL, NULL, NULL, NULL, NULL, NULL, NULL, NULL, NULL, NULL,'DATA_MIGRATION', NULL, NULL, NULL);
INSERT INTO cr_objects (object_id, object_name, object_code, user_object_name, module_code, parent_object_id, fbdi_sheet, loader_endpoint, re_con_query, sequence_in_parent, interface_table_name, rejection_table_name, ctl_file_name, xlsm_file_name, immediate_parent, batch_size, base_tables, creation_date, created_by, last_update_date, last_update_by, attribute1, attribute2, attribute3, attribute4, attribute5, attribute6, attribute7, attribute8, attribute9, attribute10, attribute11, attribute12, attribute13, attribute14, attribute15, conversion_type,cld_template_code,cld_metadata_table_name,cld_template_name) VALUES 
(637,'SCP Organization', 'SCP_ORGANIZATION', 'SCP Organization', 'SCM', 636, 'MSC_ST_PARAMETERS','FBDI', NULL, 1, 'MSC_ST_PARAMETERS','MSC_COLLECTION_DML_ERRORS',  'Organizations', 'ScpOrganizationImportTemplate', NULL, 30000, 'MSC_PARAMETERS', current_date, 'riteadmin', current_date, 'riteadmin', NULL, NULL, NULL, NULL,NULL, NULL, NULL, NULL, NULL, NULL, NULL, NULL, NULL, NULL, NULL,'DATA_MIGRATION', 'SCP_ORGANIZATION', 'CR_SCP_ORGANIZATION_C', 'CR_SCP_ORGANIZATION_CLD');
INSERT INTO cr_objects (object_id, object_name, object_code, user_object_name, module_code, parent_object_id, fbdi_sheet, loader_endpoint, re_con_query, sequence_in_parent, interface_table_name, rejection_table_name, ctl_file_name, xlsm_file_name, immediate_parent, batch_size, base_tables, creation_date, created_by, last_update_date, last_update_by, attribute1, attribute2, attribute3, attribute4, attribute5, attribute6, attribute7, attribute8, attribute9, attribute10, attribute11, attribute12, attribute13, attribute14, attribute15, conversion_type,cld_template_code,cld_metadata_table_name,cld_template_name) VALUES 
(638,'SCP Organization Site', 'SCP_ORGANIZATION_SITE', 'SCP Organization Site', 'SCM', 636, 'MSC_ST_LOCATION_ASSOCIATIONS','FBDI', NULL, 2, 'MSC_ST_LOCATION_ASSOCIATIONS','MSC_COLLECTION_DML_ERRORS',  'OrganizationSite', 'ScpOrganizationImportTemplate', NULL, 30000, 'MSC_LOCATION_ASSOCIATIONS', current_date, 'riteadmin', current_date, 'riteadmin', NULL, NULL, NULL, NULL,NULL, NULL, NULL, NULL, NULL, NULL, NULL, NULL, NULL, NULL, NULL,'DATA_MIGRATION', 'SCP_ORGANIZATION_SITE', 'CR_SCP_ORGANIZATION_SITE_C', 'CR_SCP_ORGANIZATION_SITE_CLD');
INSERT INTO cr_objects (object_id, object_name, object_code, user_object_name, module_code, parent_object_id, fbdi_sheet, loader_endpoint, re_con_query, sequence_in_parent, interface_table_name, rejection_table_name, ctl_file_name, xlsm_file_name, immediate_parent, batch_size, base_tables, creation_date, created_by, last_update_date, last_update_by, attribute1, attribute2, attribute3, attribute4, attribute5, attribute6, attribute7, attribute8, attribute9, attribute10, attribute11, attribute12, attribute13, attribute14, attribute15, conversion_type,cld_template_code,cld_metadata_table_name,cld_template_name) VALUES 
(639,'SCP Organization Location', 'SCP_ORGANIZATION_LOCATION', 'SCP Organization Location', 'SCM', 636, 'MSC_ST_LOCATIONS','FBDI', NULL, 3, 'MSC_ST_LOCATIONS','MSC_COLLECTION_DML_ERRORS',  'InternalLocations', 'ScpOrganizationImportTemplate', NULL, 30000, 'MSC_LOCATIONS', current_date, 'riteadmin', current_date, 'riteadmin', NULL, NULL, NULL, NULL,NULL, NULL, NULL, NULL, NULL, NULL, NULL, NULL, NULL, NULL, NULL,'DATA_MIGRATION', 'SCP_ORGANIZATION_LOCATION', 'CR_SCP_ORGANIZATION_LOCATION_C', 'CR_SCP_ORGANIZATION_LOCATION_CLD');

-- SUPPLY_CHAIN_PLANNING_PLANNED_ORDER_SUPPLY
INSERT INTO cr_objects (object_id, object_name, object_code, user_object_name, module_code, parent_object_id, fbdi_sheet, loader_endpoint, re_con_query, sequence_in_parent, interface_table_name, rejection_table_name, ctl_file_name, xlsm_file_name, immediate_parent, batch_size, base_tables, creation_date, created_by, last_update_date, last_update_by, attribute1, attribute2, attribute3, attribute4, attribute5, attribute6, attribute7, attribute8, attribute9, attribute10, attribute11, attribute12, attribute13, attribute14, attribute15, conversion_type,cld_template_code,cld_metadata_table_name,cld_template_name) VALUES 
(640,'Supply Chain Planning Planned Order Supply', 'SUPPLY_CHAIN_PLANNING_PLANNED_ORDER_SUPPLY', 'Supply Chain Planning Planned Order Supply', 'SCM', NULL, '','FBDI', NULL, NULL, '','',  '', '', NULL, 30000, NULL, current_date, 'riteadmin', current_date, 'riteadmin', NULL, NULL, NULL, NULL,NULL, NULL, NULL, NULL, NULL, NULL, NULL, NULL, NULL, NULL, NULL,'DATA_MIGRATION', NULL, NULL, NULL);
INSERT INTO cr_objects (object_id, object_name, object_code, user_object_name, module_code, parent_object_id, fbdi_sheet, loader_endpoint, re_con_query, sequence_in_parent, interface_table_name, rejection_table_name, ctl_file_name, xlsm_file_name, immediate_parent, batch_size, base_tables, creation_date, created_by, last_update_date, last_update_by, attribute1, attribute2, attribute3, attribute4, attribute5, attribute6, attribute7, attribute8, attribute9, attribute10, attribute11, attribute12, attribute13, attribute14, attribute15, conversion_type,cld_template_code,cld_metadata_table_name,cld_template_name) VALUES 
(641,'SCP Planned Order Supply', 'SCP_PLANNED_ORDER_SUPPLY', 'SCP Planned Order Supply', 'SCM', 640, 'MSC_ST_SUPPLIES','FBDI', NULL, 1, 'MSC_ST_SUPPLIES','MSC_COLLECTION_DML_ERRORS',  'PlannedOrderSupply', 'ScpPlannedOrderSupplyImportTemplate', NULL, 30000, 'MSC_SUPPLIES', current_date, 'riteadmin', current_date, 'riteadmin', NULL, NULL, NULL, NULL,NULL, NULL, NULL, NULL, NULL, NULL, NULL, NULL, NULL, NULL, NULL,'DATA_MIGRATION', 'SCP_PLANNED_ORDER_SUPPLY', 'CR_SCP_PLANNED_ORDER_SUPPLY_C', 'CR_SCP_PLANNED_ORDER_SUPPLY_CLD');


-- SUPPLY_CHAIN_PLANNING_PLANNERS
INSERT INTO cr_objects (object_id, object_name, object_code, user_object_name, module_code, parent_object_id, fbdi_sheet, loader_endpoint, re_con_query, sequence_in_parent, interface_table_name, rejection_table_name, ctl_file_name, xlsm_file_name, immediate_parent, batch_size, base_tables, creation_date, created_by, last_update_date, last_update_by, attribute1, attribute2, attribute3, attribute4, attribute5, attribute6, attribute7, attribute8, attribute9, attribute10, attribute11, attribute12, attribute13, attribute14, attribute15, conversion_type,cld_template_code,cld_metadata_table_name,cld_template_name) VALUES 
(642,'Supply Chain Planning Planners', 'SUPPLY_CHAIN_PLANNING_PLANNERS', 'Supply Chain Planning Planners', 'SCM', NULL, '','FBDI', NULL, NULL, '','',  '', '', NULL, 30000, NULL, current_date, 'riteadmin', current_date, 'riteadmin', NULL, NULL, NULL, NULL,NULL, NULL, NULL, NULL, NULL, NULL, NULL, NULL, NULL, NULL, NULL,'DATA_MIGRATION', NULL, NULL, NULL);
INSERT INTO cr_objects (object_id, object_name, object_code, user_object_name, module_code, parent_object_id, fbdi_sheet, loader_endpoint, re_con_query, sequence_in_parent, interface_table_name, rejection_table_name, ctl_file_name, xlsm_file_name, immediate_parent, batch_size, base_tables, creation_date, created_by, last_update_date, last_update_by, attribute1, attribute2, attribute3, attribute4, attribute5, attribute6, attribute7, attribute8, attribute9, attribute10, attribute11, attribute12, attribute13, attribute14, attribute15, conversion_type,cld_template_code,cld_metadata_table_name,cld_template_name) VALUES 
(643,'SCP Planners', 'SCP_PLANNERS', 'SCP Planners', 'SCM', 642, 'MSC_ST_PLANNERS','FBDI', NULL, 1, 'MSC_ST_PLANNERS','MSC_COLLECTION_DML_ERRORS',  'Planners', 'ScpPlannersImportTemplate', NULL, 30000, 'MSC_PLANNERS', current_date, 'riteadmin', current_date, 'riteadmin', NULL, NULL, NULL, NULL,NULL, NULL, NULL, NULL, NULL, NULL, NULL, NULL, NULL, NULL, NULL,'DATA_MIGRATION', 'SCP_PLANNERS', 'CR_SCP_PLANNERS_C', 'CR_SCP_PLANNERS_CLD');

-- SUPPLY_CHAIN_PLANNING_PLANNING_ALLOCATION_RULES
INSERT INTO cr_objects (object_id, object_name, object_code, user_object_name, module_code, parent_object_id, fbdi_sheet, loader_endpoint, re_con_query, sequence_in_parent, interface_table_name, rejection_table_name, ctl_file_name, xlsm_file_name, immediate_parent, batch_size, base_tables, creation_date, created_by, last_update_date, last_update_by, attribute1, attribute2, attribute3, attribute4, attribute5, attribute6, attribute7, attribute8, attribute9, attribute10, attribute11, attribute12, attribute13, attribute14, attribute15, conversion_type,cld_template_code,cld_metadata_table_name,cld_template_name) VALUES 
(644,'Supply Chain Planning Planning Allocation Rules', 'SUPPLY_CHAIN_PLANNING_PLANNING_ALLOCATION_RULES', 'Supply Chain Planning Planning Allocation Rules', 'SCM', NULL, '','FBDI', NULL, NULL, '','',  '', '', NULL, 30000, NULL, current_date, 'riteadmin', current_date, 'riteadmin', NULL, NULL, NULL, NULL,NULL, NULL, NULL, NULL, NULL, NULL, NULL, NULL, NULL, NULL, NULL,'DATA_MIGRATION', NULL, NULL, NULL);
INSERT INTO cr_objects (object_id, object_name, object_code, user_object_name, module_code, parent_object_id, fbdi_sheet, loader_endpoint, re_con_query, sequence_in_parent, interface_table_name, rejection_table_name, ctl_file_name, xlsm_file_name, immediate_parent, batch_size, base_tables, creation_date, created_by, last_update_date, last_update_by, attribute1, attribute2, attribute3, attribute4, attribute5, attribute6, attribute7, attribute8, attribute9, attribute10, attribute11, attribute12, attribute13, attribute14, attribute15, conversion_type,cld_template_code,cld_metadata_table_name,cld_template_name) VALUES 
(645,'SCP Planning Allocation Rules', 'SCP_PLANNING_ALLOCATION_RULES', 'SCP Planning Allocation Rules', 'SCM', 644, 'MSC_ST_ALLOCATION_RULES','FBDI', NULL, 1, 'MSC_ST_ALLOCATION_RULES','MSC_COLLECTION_DML_ERRORS',  'PlanningAllocationRules', 'ScpPlanningAllocationRulesImportTemplate', NULL, 30000, 'MSC_ALLOCATION_RULES', current_date, 'riteadmin', current_date, 'riteadmin', NULL, NULL, NULL, NULL,NULL, NULL, NULL, NULL, NULL, NULL, NULL, NULL, NULL, NULL, NULL,'DATA_MIGRATION', 'SCP_PLANNING_ALLOCATION_RULES', 'CR_SCP_PLANNING_ALLOCATION_RULES_C', 'CR_SCP_PLANNING_ALLOCATION_RULES_CLD');
INSERT INTO cr_objects (object_id, object_name, object_code, user_object_name, module_code, parent_object_id, fbdi_sheet, loader_endpoint, re_con_query, sequence_in_parent, interface_table_name, rejection_table_name, ctl_file_name, xlsm_file_name, immediate_parent, batch_size, base_tables, creation_date, created_by, last_update_date, last_update_by, attribute1, attribute2, attribute3, attribute4, attribute5, attribute6, attribute7, attribute8, attribute9, attribute10, attribute11, attribute12, attribute13, attribute14, attribute15, conversion_type,cld_template_code,cld_metadata_table_name,cld_template_name) VALUES 
(646,'SCP Allocation Rule Assignments', 'SCP_ALLOCATION_RULE_ASSIGNMENTS', 'SCP Allocation Rule Assignments', 'SCM', 644, 'MSC_ST_ALLOC_ASSIGNMENTS','FBDI', NULL, 2, 'MSC_ST_ALLOC_ASSIGNMENTS','MSC_COLLECTION_DML_ERRORS',  'AllocationRuleAssignments', 'ScpPlanningAllocationRulesImportTemplate', NULL, 30000, 'MSC_ALLOCATION_ASSIGNMENTS', current_date, 'riteadmin', current_date, 'riteadmin', NULL, NULL, NULL, NULL,NULL, NULL, NULL, NULL, NULL, NULL, NULL, NULL, NULL, NULL, NULL,'DATA_MIGRATION', 'SCP_ALLOC_RULE_ASSIGNMENTS', 'CR_SCP_ALLOC_RULE_ASSIGNMENTS_C', 'CR_SCP_ALLOC_RULE_ASSIGNMENTS_CLD');
INSERT INTO cr_objects (object_id, object_name, object_code, user_object_name, module_code, parent_object_id, fbdi_sheet, loader_endpoint, re_con_query, sequence_in_parent, interface_table_name, rejection_table_name, ctl_file_name, xlsm_file_name, immediate_parent, batch_size, base_tables, creation_date, created_by, last_update_date, last_update_by, attribute1, attribute2, attribute3, attribute4, attribute5, attribute6, attribute7, attribute8, attribute9, attribute10, attribute11, attribute12, attribute13, attribute14, attribute15, conversion_type,cld_template_code,cld_metadata_table_name,cld_template_name) VALUES 
(647,'SCP Ship Hist Date Range For Allocation', 'SCP_SHIP_HIST_DATE_RANGE_FOR_ALLOCATION', 'SCP Ship Hist Date Range For Allocation', 'SCM', 644, 'MSC_ST_ALLOC_TIME_HISTORY_INT','FBDI', NULL, 3, 'MSC_ST_ALLOC_TIME_HISTORY_INT','MSC_COLLECTION_DML_ERRORS',  'ShipHistDateRangeForAllocation', 'ScpPlanningAllocationRulesImportTemplate', NULL, 30000, 'MSC_ALLOC_TIME_HISTORY', current_date, 'riteadmin', current_date, 'riteadmin', NULL, NULL, NULL, NULL,NULL, NULL, NULL, NULL, NULL, NULL, NULL, NULL, NULL, NULL, NULL,'DATA_MIGRATION', 'SCP_SHIP_HIST_DATE_RANGE_ALLOC', 'CR_SCP_SHIP_HIST_DATE_RANGE_ALLOC_C', 'CR_SCP_SHIP_HIST_DATE_RANGE_ALLOC_CLD');
INSERT INTO cr_objects (object_id, object_name, object_code, user_object_name, module_code, parent_object_id, fbdi_sheet, loader_endpoint, re_con_query, sequence_in_parent, interface_table_name, rejection_table_name, ctl_file_name, xlsm_file_name, immediate_parent, batch_size, base_tables, creation_date, created_by, last_update_date, last_update_by, attribute1, attribute2, attribute3, attribute4, attribute5, attribute6, attribute7, attribute8, attribute9, attribute10, attribute11, attribute12, attribute13, attribute14, attribute15, conversion_type,cld_template_code,cld_metadata_table_name,cld_template_name) VALUES 
(648,'SCP Supply Allocation Quantities', 'SCP_SUPPLY_ALLOCATION_QUANTITIES', 'SCP Supply Allocation Quantities', 'SCM', 644, 'MSC_ST_SUPPLY_ALLOC_QTY_INT','FBDI', NULL, 4, 'MSC_ST_SUPPLY_ALLOC_QTY_INT','MSC_COLLECTION_DML_ERRORS',  'SupplyAllocationQuantities', 'ScpPlanningAllocationRulesImportTemplate', NULL, 30000, NULL, current_date, 'riteadmin', current_date, 'riteadmin', NULL, NULL, NULL, NULL,NULL, NULL, NULL, NULL, NULL, NULL, NULL, NULL, NULL, NULL, NULL,'DATA_MIGRATION', 'SCP_SUPPLY_ALLOC_QUANTITIES', 'CR_SCP_SUPPLY_ALLOC_QUANTITIES_C', 'CR_SCP_SUPPLY_ALLOC_QUANTITIES_CLD');

-- SUPPLY_CHAIN_PLANNING_PRICE_LISTS
INSERT INTO cr_objects (object_id, object_name, object_code, user_object_name, module_code, parent_object_id, fbdi_sheet, loader_endpoint, re_con_query, sequence_in_parent, interface_table_name, rejection_table_name, ctl_file_name, xlsm_file_name, immediate_parent, batch_size, base_tables, creation_date, created_by, last_update_date, last_update_by, attribute1, attribute2, attribute3, attribute4, attribute5, attribute6, attribute7, attribute8, attribute9, attribute10, attribute11, attribute12, attribute13, attribute14, attribute15, conversion_type,cld_template_code,cld_metadata_table_name,cld_template_name) VALUES 
(649,'Supply Chain Planning Price Lists', 'SUPPLY_CHAIN_PLANNING_PRICE_LISTS', 'Supply Chain Planning Price Lists', 'SCM', NULL, '','FBDI', NULL, NULL, '','',  '', '', NULL, 30000, NULL, current_date, 'riteadmin', current_date, 'riteadmin', NULL, NULL, NULL, NULL,NULL, NULL, NULL, NULL, NULL, NULL, NULL, NULL, NULL, NULL, NULL,'DATA_MIGRATION', NULL, NULL, NULL);
INSERT INTO cr_objects (object_id, object_name, object_code, user_object_name, module_code, parent_object_id, fbdi_sheet, loader_endpoint, re_con_query, sequence_in_parent, interface_table_name, rejection_table_name, ctl_file_name, xlsm_file_name, immediate_parent, batch_size, base_tables, creation_date, created_by, last_update_date, last_update_by, attribute1, attribute2, attribute3, attribute4, attribute5, attribute6, attribute7, attribute8, attribute9, attribute10, attribute11, attribute12, attribute13, attribute14, attribute15, conversion_type,cld_template_code,cld_metadata_table_name,cld_template_name) VALUES 
(650,'SCP Price Lists', 'SCP_PRICE_LISTS', 'SCP Price Lists', 'SCM', 649, 'MSC_ST_PRICE_LIST_DETAILS','FBDI', NULL, 1, 'MSC_ST_PRICE_LIST_DETAILS','MSC_COLLECTION_DML_ERRORS',  'PriceList', 'ScpPriceListImportTemplate', NULL, 30000, 'MSC_PRICE_LIST_DETAILS', current_date, 'riteadmin', current_date, 'riteadmin', NULL, NULL, NULL, NULL,NULL, NULL, NULL, NULL, NULL, NULL, NULL, NULL, NULL, NULL, NULL,'DATA_MIGRATION', 'SCP_PRICE_LISTS', 'CR_SCP_PRICE_LISTS_C', 'CR_SCP_PRICE_LISTS_CLD');

-- SUPPLY_CHAIN_PLANNING_PURCHASE_ORDER_RECEIPT_HISTORY
INSERT INTO cr_objects (object_id, object_name, object_code, user_object_name, module_code, parent_object_id, fbdi_sheet, loader_endpoint, re_con_query, sequence_in_parent, interface_table_name, rejection_table_name, ctl_file_name, xlsm_file_name, immediate_parent, batch_size, base_tables, creation_date, created_by, last_update_date, last_update_by, attribute1, attribute2, attribute3, attribute4, attribute5, attribute6, attribute7, attribute8, attribute9, attribute10, attribute11, attribute12, attribute13, attribute14, attribute15, conversion_type,cld_template_code,cld_metadata_table_name,cld_template_name) VALUES 
(651,'Supply Chain Planning Purchase Order Receipt History', 'SUPPLY_CHAIN_PLANNING_PURCHASE_ORDER_RECEIPT_HISTORY', 'Supply Chain Planning Purchase Order Receipt History', 'SCM', NULL, '','FBDI', NULL, NULL, '','',  '', '', NULL, 30000, NULL, current_date, 'riteadmin', current_date, 'riteadmin', NULL, NULL, NULL, NULL,NULL, NULL, NULL, NULL, NULL, NULL, NULL, NULL, NULL, NULL, NULL,'DATA_MIGRATION', NULL, NULL, NULL);
INSERT INTO cr_objects (object_id, object_name, object_code, user_object_name, module_code, parent_object_id, fbdi_sheet, loader_endpoint, re_con_query, sequence_in_parent, interface_table_name, rejection_table_name, ctl_file_name, xlsm_file_name, immediate_parent, batch_size, base_tables, creation_date, created_by, last_update_date, last_update_by, attribute1, attribute2, attribute3, attribute4, attribute5, attribute6, attribute7, attribute8, attribute9, attribute10, attribute11, attribute12, attribute13, attribute14, attribute15, conversion_type,cld_template_code,cld_metadata_table_name,cld_template_name) VALUES 
(652,'SCP Purchase Order Receipt', 'SCP_PURCHASE_ORDER_RECEIPT', 'SCP Purchase Order Receipt', 'SCM', 651, 'MSC_ST_SHIP_RCV_HISTORY_INT','FBDI', NULL, 1, 'MSC_ST_SHIP_RCV_HISTORY_INT','MSC_COLLECTION_DML_ERRORS',  'PurchaseOrderRcvHistory', 'ScpPurchaseOrderRcvHistoryImportTemplate', NULL, 30000, 'MSC_SHIP_RCV_HISTORY', current_date, 'riteadmin', current_date, 'riteadmin', NULL, NULL, NULL, NULL,NULL, NULL, NULL, NULL, NULL, NULL, NULL, NULL, NULL, NULL, NULL,'DATA_MIGRATION', 'SCP_PURCHASE_ORDER_RECEIPT', 'CR_SCP_PURCHASE_ORDER_RECEIPT_C', 'CR_SCP_PURCHASE_ORDER_RECEIPT_CLD');

-- SUPPLY_CHAIN_PLANNING_PURCHASE_ORDER_REQUISITIONS
INSERT INTO cr_objects (object_id, object_name, object_code, user_object_name, module_code, parent_object_id, fbdi_sheet, loader_endpoint, re_con_query, sequence_in_parent, interface_table_name, rejection_table_name, ctl_file_name, xlsm_file_name, immediate_parent, batch_size, base_tables, creation_date, created_by, last_update_date, last_update_by, attribute1, attribute2, attribute3, attribute4, attribute5, attribute6, attribute7, attribute8, attribute9, attribute10, attribute11, attribute12, attribute13, attribute14, attribute15, conversion_type,cld_template_code,cld_metadata_table_name,cld_template_name) VALUES 
(653,'Supply Chain Planning Purchase Order Requisitions', 'SUPPLY_CHAIN_PLANNING_PURCHASE_ORDER_REQUISITIONS', 'Supply Chain Planning Purchase Order Requisitions', 'SCM', NULL, '','FBDI', NULL, NULL, '','',  '', '', NULL, 30000, NULL, current_date, 'riteadmin', current_date, 'riteadmin', NULL, NULL, NULL, NULL,NULL, NULL, NULL, NULL, NULL, NULL, NULL, NULL, NULL, NULL, NULL,'DATA_MIGRATION', NULL, NULL, NULL);
INSERT INTO cr_objects (object_id, object_name, object_code, user_object_name, module_code, parent_object_id, fbdi_sheet, loader_endpoint, re_con_query, sequence_in_parent, interface_table_name, rejection_table_name, ctl_file_name, xlsm_file_name, immediate_parent, batch_size, base_tables, creation_date, created_by, last_update_date, last_update_by, attribute1, attribute2, attribute3, attribute4, attribute5, attribute6, attribute7, attribute8, attribute9, attribute10, attribute11, attribute12, attribute13, attribute14, attribute15, conversion_type,cld_template_code,cld_metadata_table_name,cld_template_name) VALUES 
(654,'SCP Purchase Order Requisition', 'SCP_PURCHASE_ORDER_REQUISITION', 'SCP Purchase Order Requisition', 'SCM', 653, 'MSC_ST_SUPPLIES','FBDI', NULL, 1, 'MSC_ST_SUPPLIES','MSC_COLLECTION_DML_ERRORS',  'PurchaseOrderRequisition', 'ScpPurchaseOrderRequisitionImportTemplate1', NULL, 30000, 'MSC_SUPPLIES', current_date, 'riteadmin', current_date, 'riteadmin', NULL, NULL, NULL, NULL,NULL, NULL, NULL, NULL, NULL, NULL, NULL, NULL, NULL, NULL, NULL,'DATA_MIGRATION', 'SCP_PURCHASE_ORDER_REQUISITION', 'CR_SCP_PURCHASE_ORDER_REQUISITION_C', 'CR_SCP_PURCHASE_ORDER_REQUISITION_CLD');

-- SUPPLY_CHAIN_PLANNING_REAL_TIME_SUPPLY_UPDATES
INSERT INTO cr_objects (object_id, object_name, object_code, user_object_name, module_code, parent_object_id, fbdi_sheet, loader_endpoint, re_con_query, sequence_in_parent, interface_table_name, rejection_table_name, ctl_file_name, xlsm_file_name, immediate_parent, batch_size, base_tables, creation_date, created_by, last_update_date, last_update_by, attribute1, attribute2, attribute3, attribute4, attribute5, attribute6, attribute7, attribute8, attribute9, attribute10, attribute11, attribute12, attribute13, attribute14, attribute15, conversion_type,cld_template_code,cld_metadata_table_name,cld_template_name) VALUES 
(655,'Supply Chain Planning Real Time Supply Updates', 'SUPPLY_CHAIN_PLANNING_REAL_TIME_SUPPLY_UPDATES', 'Supply Chain Planning Real Time Supply Updates', 'SCM', NULL, '','FBDI', NULL, NULL, '','',  '', '', NULL, 30000, NULL, current_date, 'riteadmin', current_date, 'riteadmin', NULL, NULL, NULL, NULL,NULL, NULL, NULL, NULL, NULL, NULL, NULL, NULL, NULL, NULL, NULL,'DATA_MIGRATION', NULL, NULL, NULL);
INSERT INTO cr_objects (object_id, object_name, object_code, user_object_name, module_code, parent_object_id, fbdi_sheet, loader_endpoint, re_con_query, sequence_in_parent, interface_table_name, rejection_table_name, ctl_file_name, xlsm_file_name, immediate_parent, batch_size, base_tables, creation_date, created_by, last_update_date, last_update_by, attribute1, attribute2, attribute3, attribute4, attribute5, attribute6, attribute7, attribute8, attribute9, attribute10, attribute11, attribute12, attribute13, attribute14, attribute15, conversion_type,cld_template_code,cld_metadata_table_name,cld_template_name) VALUES 
(656,'SCP Real Time Supply Updates', 'SCP_REAL_TIME_SUPPLY_UPDATES', 'SCP Real Time Supply Updates', 'SCM', 655, 'MSC_ST_SUP_UPDATE_ASSIGNMENTS','FBDI', NULL, 1, 'MSC_ST_SUP_UPDATE_ASSIGNMENTS','MSC_COLLECTION_DML_ERRORS',  'RealTimeSupplyUpdates', 'ScpRealTimeSupplyUpdatesImportTemplate', NULL, 30000, 'MSC_SUPPLY_UPDATE_ASSIGNMENTS', current_date, 'riteadmin', current_date, 'riteadmin', NULL, NULL, NULL, NULL,NULL, NULL, NULL, NULL, NULL, NULL, NULL, NULL, NULL, NULL, NULL,'DATA_MIGRATION', 'SCP_REAL_TIME_SUPPLY_UPDATES', 'CR_SCP_REAL_TIME_SUPPLY_UPDATES_C', 'CR_SCP_REAL_TIME_SUPPLY_UPDATES_CLD');

-- SUPPLY_CHAIN_PLANNING_REGION_ZONE_MAPPINGS
INSERT INTO cr_objects (object_id, object_name, object_code, user_object_name, module_code, parent_object_id, fbdi_sheet, loader_endpoint, re_con_query, sequence_in_parent, interface_table_name, rejection_table_name, ctl_file_name, xlsm_file_name, immediate_parent, batch_size, base_tables, creation_date, created_by, last_update_date, last_update_by, attribute1, attribute2, attribute3, attribute4, attribute5, attribute6, attribute7, attribute8, attribute9, attribute10, attribute11, attribute12, attribute13, attribute14, attribute15, conversion_type,cld_template_code,cld_metadata_table_name,cld_template_name) VALUES 
(657,'Supply Chain Planning Region Zone Mappings', 'SUPPLY_CHAIN_PLANNING_REGION_ZONE_MAPPINGS', 'Supply Chain Planning Region Zone Mappings', 'SCM', NULL, '','FBDI', NULL, NULL, '','',  '', '', NULL, 30000, NULL, current_date, 'riteadmin', current_date, 'riteadmin', NULL, NULL, NULL, NULL,NULL, NULL, NULL, NULL, NULL, NULL, NULL, NULL, NULL, NULL, NULL,'DATA_MIGRATION', NULL, NULL, NULL);
INSERT INTO cr_objects (object_id, object_name, object_code, user_object_name, module_code, parent_object_id, fbdi_sheet, loader_endpoint, re_con_query, sequence_in_parent, interface_table_name, rejection_table_name, ctl_file_name, xlsm_file_name, immediate_parent, batch_size, base_tables, creation_date, created_by, last_update_date, last_update_by, attribute1, attribute2, attribute3, attribute4, attribute5, attribute6, attribute7, attribute8, attribute9, attribute10, attribute11, attribute12, attribute13, attribute14, attribute15, conversion_type,cld_template_code,cld_metadata_table_name,cld_template_name) VALUES 
(658,'SCP Region Zone Mapping', 'SCP_REGION_ZONE_MAPPING', 'SCP Region Zone Mapping', 'SCM', 657, 'MSC_ST_ZONE_REGIONS','FBDI', NULL, 1, 'MSC_ST_ZONE_REGIONS','MSC_COLLECTION_DML_ERRORS',  'RegionZoneMapping', 'ScpRegionZoneMappingImportTemplate', NULL, 30000, 'MSC_ZONE_REGIONS', current_date, 'riteadmin', current_date, 'riteadmin', NULL, NULL, NULL, NULL,NULL, NULL, NULL, NULL, NULL, NULL, NULL, NULL, NULL, NULL, NULL,'DATA_MIGRATION', 'SCP_REGION_ZONE_MAPPING', 'CR_SCP_REGION_ZONE_MAPPING_C', 'CR_SCP_REGION_ZONE_MAPPING_CLD');

-- SUPPLY_CHAIN_PLANNING_REGIONS
INSERT INTO cr_objects (object_id, object_name, object_code, user_object_name, module_code, parent_object_id, fbdi_sheet, loader_endpoint, re_con_query, sequence_in_parent, interface_table_name, rejection_table_name, ctl_file_name, xlsm_file_name, immediate_parent, batch_size, base_tables, creation_date, created_by, last_update_date, last_update_by, attribute1, attribute2, attribute3, attribute4, attribute5, attribute6, attribute7, attribute8, attribute9, attribute10, attribute11, attribute12, attribute13, attribute14, attribute15, conversion_type,cld_template_code,cld_metadata_table_name,cld_template_name) VALUES 
(659,'Supply Chain Planning Regions', 'SUPPLY_CHAIN_PLANNING_REGIONS', 'Supply Chain Planning Regions', 'SCM', NULL, '','FBDI', NULL, NULL, '','',  '', '', NULL, 30000, NULL, current_date, 'riteadmin', current_date, 'riteadmin', NULL, NULL, NULL, NULL,NULL, NULL, NULL, NULL, NULL, NULL, NULL, NULL, NULL, NULL, NULL,'DATA_MIGRATION', NULL, NULL, NULL);
INSERT INTO cr_objects (object_id, object_name, object_code, user_object_name, module_code, parent_object_id, fbdi_sheet, loader_endpoint, re_con_query, sequence_in_parent, interface_table_name, rejection_table_name, ctl_file_name, xlsm_file_name, immediate_parent, batch_size, base_tables, creation_date, created_by, last_update_date, last_update_by, attribute1, attribute2, attribute3, attribute4, attribute5, attribute6, attribute7, attribute8, attribute9, attribute10, attribute11, attribute12, attribute13, attribute14, attribute15, conversion_type,cld_template_code,cld_metadata_table_name,cld_template_name) VALUES 
(660,'SCP Regions', 'SCP_REGIONS', 'SCP Regions', 'SCM', 659, 'MSC_ST_REGIONS','FBDI', NULL, 1, 'MSC_ST_REGIONS','MSC_COLLECTION_DML_ERRORS',  'Regions', '	ScpRegionsImportTemplate', NULL, 30000, 'MSC_REGIONS', current_date, 'riteadmin', current_date, 'riteadmin', NULL, NULL, NULL, NULL,NULL, NULL, NULL, NULL, NULL, NULL, NULL, NULL, NULL, NULL, NULL,'DATA_MIGRATION', 'SCP_REGIONS', 'CR_SCP_REGIONS_C', 'CR_SCP_REGIONS_CLD');

-- SUPPLY_CHAIN_PLANNING_RESERVATIONS
INSERT INTO cr_objects (object_id, object_name, object_code, user_object_name, module_code, parent_object_id, fbdi_sheet, loader_endpoint, re_con_query, sequence_in_parent, interface_table_name, rejection_table_name, ctl_file_name, xlsm_file_name, immediate_parent, batch_size, base_tables, creation_date, created_by, last_update_date, last_update_by, attribute1, attribute2, attribute3, attribute4, attribute5, attribute6, attribute7, attribute8, attribute9, attribute10, attribute11, attribute12, attribute13, attribute14, attribute15, conversion_type,cld_template_code,cld_metadata_table_name,cld_template_name) VALUES 
(661,'Supply Chain Planning Reservations', 'SUPPLY_CHAIN_PLANNING_RESERVATIONS', 'Supply Chain Planning Reservations', 'SCM', NULL, '','FBDI', NULL, NULL, '','',  '', '', NULL, 30000, NULL, current_date, 'riteadmin', current_date, 'riteadmin', NULL, NULL, NULL, NULL,NULL, NULL, NULL, NULL, NULL, NULL, NULL, NULL, NULL, NULL, NULL,'DATA_MIGRATION', NULL, NULL, NULL);
INSERT INTO cr_objects (object_id, object_name, object_code, user_object_name, module_code, parent_object_id, fbdi_sheet, loader_endpoint, re_con_query, sequence_in_parent, interface_table_name, rejection_table_name, ctl_file_name, xlsm_file_name, immediate_parent, batch_size, base_tables, creation_date, created_by, last_update_date, last_update_by, attribute1, attribute2, attribute3, attribute4, attribute5, attribute6, attribute7, attribute8, attribute9, attribute10, attribute11, attribute12, attribute13, attribute14, attribute15, conversion_type,cld_template_code,cld_metadata_table_name,cld_template_name) VALUES 
(662,'SCP Reservation', 'SCP_RESERVATION', 'SCP Reservation', 'SCM', 661, 'MSC_ST_RESERVATIONS','FBDI', NULL, 1, 'MSC_ST_RESERVATIONS','MSC_COLLECTION_DML_ERRORS',  'Reservation', 'ScpReservationImportTemplate', NULL, 30000, 'MSC_RESERVATIONS', current_date, 'riteadmin', current_date, 'riteadmin', NULL, NULL, NULL, NULL,NULL, NULL, NULL, NULL, NULL, NULL, NULL, NULL, NULL, NULL, NULL,'DATA_MIGRATION', 'SCP_RESERVATION', 'CR_SCP_RESERVATION_C', 'CR_SCP_RESERVATION_CLD');

-- SUPPLY_CHAIN_PLANNING_RESOURCE_AVAILABILITY
INSERT INTO cr_objects (object_id, object_name, object_code, user_object_name, module_code, parent_object_id, fbdi_sheet, loader_endpoint, re_con_query, sequence_in_parent, interface_table_name, rejection_table_name, ctl_file_name, xlsm_file_name, immediate_parent, batch_size, base_tables, creation_date, created_by, last_update_date, last_update_by, attribute1, attribute2, attribute3, attribute4, attribute5, attribute6, attribute7, attribute8, attribute9, attribute10, attribute11, attribute12, attribute13, attribute14, attribute15, conversion_type,cld_template_code,cld_metadata_table_name,cld_template_name) VALUES 
(663,'Supply Chain Planning Resource Availability', 'SUPPLY_CHAIN_PLANNING_RESOURCE_AVAILABILITY', 'Supply Chain Planning Resource Availability', 'SCM', NULL, '','FBDI', NULL, NULL, '','',  '', '', NULL, 30000, NULL, current_date, 'riteadmin', current_date, 'riteadmin', NULL, NULL, NULL, NULL,NULL, NULL, NULL, NULL, NULL, NULL, NULL, NULL, NULL, NULL, NULL,'DATA_MIGRATION', NULL, NULL, NULL);
INSERT INTO cr_objects (object_id, object_name, object_code, user_object_name, module_code, parent_object_id, fbdi_sheet, loader_endpoint, re_con_query, sequence_in_parent, interface_table_name, rejection_table_name, ctl_file_name, xlsm_file_name, immediate_parent, batch_size, base_tables, creation_date, created_by, last_update_date, last_update_by, attribute1, attribute2, attribute3, attribute4, attribute5, attribute6, attribute7, attribute8, attribute9, attribute10, attribute11, attribute12, attribute13, attribute14, attribute15, conversion_type,cld_template_code,cld_metadata_table_name,cld_template_name) VALUES 
(664,'Resource Availability', 'RESOURCE_AVAILABILITY', 'Resource Availability', 'SCM', 663, 'MSC_ST_NET_RESOURCE_AVAIL','FBDI', NULL, 1, 'MSC_ST_NET_RESOURCE_AVAIL','MSC_COLLECTION_DML_ERRORS',  'ResourceAvailability', 'ScpResourceAvailabilityImportTemplate', NULL, 30000, NULL, current_date, 'riteadmin', current_date, 'riteadmin', NULL, NULL, NULL, NULL,NULL, NULL, NULL, NULL, NULL, NULL, NULL, NULL, NULL, NULL, NULL,'DATA_MIGRATION', 'RESOURCE_AVAILABILITY', 'CR_RESOURCE_AVAILABILITY_C', 'CR_RESOURCE_AVAILABILITY_CLD');

-- SUPPLY_CHAIN_PLANNING_RESOURCES
INSERT INTO cr_objects (object_id, object_name, object_code, user_object_name, module_code, parent_object_id, fbdi_sheet, loader_endpoint, re_con_query, sequence_in_parent, interface_table_name, rejection_table_name, ctl_file_name, xlsm_file_name, immediate_parent, batch_size, base_tables, creation_date, created_by, last_update_date, last_update_by, attribute1, attribute2, attribute3, attribute4, attribute5, attribute6, attribute7, attribute8, attribute9, attribute10, attribute11, attribute12, attribute13, attribute14, attribute15, conversion_type,cld_template_code,cld_metadata_table_name,cld_template_name) VALUES 
(665,'Supply Chain Planning Resources', 'SUPPLY_CHAIN_PLANNING_RESOURCES', 'Supply Chain Planning Resources', 'SCM', NULL, '','FBDI', NULL, NULL, '','',  '', '', NULL, 30000, NULL, current_date, 'riteadmin', current_date, 'riteadmin', NULL, NULL, NULL, NULL,NULL, NULL, NULL, NULL, NULL, NULL, NULL, NULL, NULL, NULL, NULL,'DATA_MIGRATION', NULL, NULL, NULL);
INSERT INTO cr_objects (object_id, object_name, object_code, user_object_name, module_code, parent_object_id, fbdi_sheet, loader_endpoint, re_con_query, sequence_in_parent, interface_table_name, rejection_table_name, ctl_file_name, xlsm_file_name, immediate_parent, batch_size, base_tables, creation_date, created_by, last_update_date, last_update_by, attribute1, attribute2, attribute3, attribute4, attribute5, attribute6, attribute7, attribute8, attribute9, attribute10, attribute11, attribute12, attribute13, attribute14, attribute15, conversion_type,cld_template_code,cld_metadata_table_name,cld_template_name) VALUES 
(666,'Work Center Resources', 'WORK_CENTER_RESOURCES', 'Work Center Resources', 'SCM', 665, 'MSC_ST_DEPARTMENT_RESOURCES','FBDI', NULL, 1, 'MSC_ST_DEPARTMENT_RESOURCES','MSC_COLLECTION_DML_ERRORS',  'WorkCenterResources', 'ScpResourcesImportTemplate', NULL, 30000, 'MSC_DEPARTMENT_RESOURCES', current_date, 'riteadmin', current_date, 'riteadmin', NULL, NULL, NULL, NULL,NULL, NULL, NULL, NULL, NULL, NULL, NULL, NULL, NULL, NULL, NULL,'DATA_MIGRATION', 'WORK_CENTER_RESOURCES', 'CR_WORK_CENTER_RESOURCES_C', 'CR_WORK_CENTER_RESOURCES_CLD');
INSERT INTO cr_objects (object_id, object_name, object_code, user_object_name, module_code, parent_object_id, fbdi_sheet, loader_endpoint, re_con_query, sequence_in_parent, interface_table_name, rejection_table_name, ctl_file_name, xlsm_file_name, immediate_parent, batch_size, base_tables, creation_date, created_by, last_update_date, last_update_by, attribute1, attribute2, attribute3, attribute4, attribute5, attribute6, attribute7, attribute8, attribute9, attribute10, attribute11, attribute12, attribute13, attribute14, attribute15, conversion_type,cld_template_code,cld_metadata_table_name,cld_template_name) VALUES 
(667,'Resource Shifts', 'RESOURCE_SHIFTS', 'Resource Shifts', 'SCM', 665, 'MSC_ST_RESOURCE_SHIFTS','FBDI', NULL, 2, 'MSC_ST_RESOURCE_SHIFTS','MSC_COLLECTION_DML_ERRORS',  'ResourceShifts', 'ScpResourcesImportTemplate', NULL, 30000, 'MSC_RESOURCE_SHIFTS', current_date, 'riteadmin', current_date, 'riteadmin', NULL, NULL, NULL, NULL,NULL, NULL, NULL, NULL, NULL, NULL, NULL, NULL, NULL, NULL, NULL,'DATA_MIGRATION', 'RESOURCE_SHIFTS', 'CR_RESOURCE_SHIFTS_C', 'CR_RESOURCE_SHIFTS_CLD');

-- SUPPLY_CHAIN_PLANNING_ROUTINGS
INSERT INTO cr_objects (object_id, object_name, object_code, user_object_name, module_code, parent_object_id, fbdi_sheet, loader_endpoint, re_con_query, sequence_in_parent, interface_table_name, rejection_table_name, ctl_file_name, xlsm_file_name, immediate_parent, batch_size, base_tables, creation_date, created_by, last_update_date, last_update_by, attribute1, attribute2, attribute3, attribute4, attribute5, attribute6, attribute7, attribute8, attribute9, attribute10, attribute11, attribute12, attribute13, attribute14, attribute15, conversion_type,cld_template_code,cld_metadata_table_name,cld_template_name) VALUES 
(668,'Supply Chain Planning Routings', 'SUPPLY_CHAIN_PLANNING_ROUTINGS', 'Supply Chain Planning Routings', 'SCM', NULL, '','FBDI', NULL, NULL, '','',  '', '', NULL, 30000, NULL, current_date, 'riteadmin', current_date, 'riteadmin', NULL, NULL, NULL, NULL,NULL, NULL, NULL, NULL, NULL, NULL, NULL, NULL, NULL, NULL, NULL,'DATA_MIGRATION', NULL, NULL, NULL);
INSERT INTO cr_objects (object_id, object_name, object_code, user_object_name, module_code, parent_object_id, fbdi_sheet, loader_endpoint, re_con_query, sequence_in_parent, interface_table_name, rejection_table_name, ctl_file_name, xlsm_file_name, immediate_parent, batch_size, base_tables, creation_date, created_by, last_update_date, last_update_by, attribute1, attribute2, attribute3, attribute4, attribute5, attribute6, attribute7, attribute8, attribute9, attribute10, attribute11, attribute12, attribute13, attribute14, attribute15, conversion_type,cld_template_code,cld_metadata_table_name,cld_template_name) VALUES 
(669,'Routings', 'ROUTINGS', 'Routings', 'SCM', 668, 'MSC_ST_ROUTINGS','FBDI', NULL, 1, 'MSC_ST_ROUTINGS','MSC_COLLECTION_DML_ERRORS',  'Routings', 'ScpRoutingsImportTemplate', NULL, 30000, 'MSC_ROUTINGS', current_date, 'riteadmin', current_date, 'riteadmin', NULL, NULL, NULL, NULL,NULL, NULL, NULL, NULL, NULL, NULL, NULL, NULL, NULL, NULL, NULL,'DATA_MIGRATION', 'ROUTINGS', 'CR_ROUTINGS_C', 'CR_ROUTINGS_CLD');
INSERT INTO cr_objects (object_id, object_name, object_code, user_object_name, module_code, parent_object_id, fbdi_sheet, loader_endpoint, re_con_query, sequence_in_parent, interface_table_name, rejection_table_name, ctl_file_name, xlsm_file_name, immediate_parent, batch_size, base_tables, creation_date, created_by, last_update_date, last_update_by, attribute1, attribute2, attribute3, attribute4, attribute5, attribute6, attribute7, attribute8, attribute9, attribute10, attribute11, attribute12, attribute13, attribute14, attribute15, conversion_type,cld_template_code,cld_metadata_table_name,cld_template_name) VALUES 
(670,'Routing Operations', 'ROUTING_OPERATIONS', 'Routing Operations', 'SCM', 668, 'MSC_ST_ROUTING_OPERATIONS','FBDI', NULL, 2, 'MSC_ST_ROUTING_OPERATIONS','MSC_COLLECTION_DML_ERRORS',  'RoutingOperations', 'ScpRoutingsImportTemplate', NULL, 30000, 'MSC_ROUTING_OPERATIONS', current_date, 'riteadmin', current_date, 'riteadmin', NULL, NULL, NULL, NULL,NULL, NULL, NULL, NULL, NULL, NULL, NULL, NULL, NULL, NULL, NULL,'DATA_MIGRATION', 'ROUTING_OPERATIONS', 'CR_ROUTING_OPERATIONS_C', 'CR_ROUTING_OPERATIONS_CLD');
INSERT INTO cr_objects (object_id, object_name, object_code, user_object_name, module_code, parent_object_id, fbdi_sheet, loader_endpoint, re_con_query, sequence_in_parent, interface_table_name, rejection_table_name, ctl_file_name, xlsm_file_name, immediate_parent, batch_size, base_tables, creation_date, created_by, last_update_date, last_update_by, attribute1, attribute2, attribute3, attribute4, attribute5, attribute6, attribute7, attribute8, attribute9, attribute10, attribute11, attribute12, attribute13, attribute14, attribute15, conversion_type,cld_template_code,cld_metadata_table_name,cld_template_name) VALUES 
(671,'Routing Operation', 'ROUTING_OPERATION', 'Routing Operation', 'SCM', 668, 'MSC_ST_OPERATION_RESOURCES','FBDI', NULL, 3, 'MSC_ST_OPERATION_RESOURCES','MSC_COLLECTION_DML_ERRORS',  'RoutingOperationResources', 'ScpRoutingsImportTemplate', NULL, 30000, 'MSC_OPERATION_RESOURCES', current_date, 'riteadmin', current_date, 'riteadmin', NULL, NULL, NULL, NULL,NULL, NULL, NULL, NULL, NULL, NULL, NULL, NULL, NULL, NULL, NULL,'DATA_MIGRATION', 'ROUTING_OPERATION', 'CR_ROUTING_OPERATION_C', 'CR_ROUTING_OPERATION_CLD');
INSERT INTO cr_objects (object_id, object_name, object_code, user_object_name, module_code, parent_object_id, fbdi_sheet, loader_endpoint, re_con_query, sequence_in_parent, interface_table_name, rejection_table_name, ctl_file_name, xlsm_file_name, immediate_parent, batch_size, base_tables, creation_date, created_by, last_update_date, last_update_by, attribute1, attribute2, attribute3, attribute4, attribute5, attribute6, attribute7, attribute8, attribute9, attribute10, attribute11, attribute12, attribute13, attribute14, attribute15, conversion_type,cld_template_code,cld_metadata_table_name,cld_template_name) VALUES 
(672,'Routing Operation Outputs', 'ROUTING_OPERATION_OUTPUTS', 'Routing Operation Outputs', 'SCM', 668, 'MSC_ST_WD_ROPER_OUTPUTS_INT','FBDI', NULL, 4, 'MSC_ST_WD_ROPER_OUTPUTS_INT','MSC_COLLECTION_DML_ERRORS',  'RoutingOperationOutputs', 'ScpRoutingsImportTemplate', NULL, 30000, NULL, current_date, 'riteadmin', current_date, 'riteadmin', NULL, NULL, NULL, NULL,NULL, NULL, NULL, NULL, NULL, NULL, NULL, NULL, NULL, NULL, NULL,'DATA_MIGRATION', 'ROUTING_OPERATION_OUTPUTS', 'CR_ROUTING_OPERATION_OUTPUTS_C', 'CR_ROUTING_OPERATION_OUTPUTS_CLD');

-- SUPPLY_CHAIN_PLANNING_SAFETY_STOCK_LEVELS
INSERT INTO cr_objects (object_id, object_name, object_code, user_object_name, module_code, parent_object_id, fbdi_sheet, loader_endpoint, re_con_query, sequence_in_parent, interface_table_name, rejection_table_name, ctl_file_name, xlsm_file_name, immediate_parent, batch_size, base_tables, creation_date, created_by, last_update_date, last_update_by, attribute1, attribute2, attribute3, attribute4, attribute5, attribute6, attribute7, attribute8, attribute9, attribute10, attribute11, attribute12, attribute13, attribute14, attribute15, conversion_type,cld_template_code,cld_metadata_table_name,cld_template_name) VALUES 
(673,'Supply Chain Planning Safety Stock Levels', 'SUPPLY_CHAIN_PLANNING_SAFETY_STOCK_LEVELS', 'Supply Chain Planning Safety Stock Levels', 'SCM', NULL, '','FBDI', NULL, NULL, '','',  '', '', NULL, 30000, NULL, current_date, 'riteadmin', current_date, 'riteadmin', NULL, NULL, NULL, NULL,NULL, NULL, NULL, NULL, NULL, NULL, NULL, NULL, NULL, NULL, NULL,'DATA_MIGRATION', NULL, NULL, NULL);
INSERT INTO cr_objects (object_id, object_name, object_code, user_object_name, module_code, parent_object_id, fbdi_sheet, loader_endpoint, re_con_query, sequence_in_parent, interface_table_name, rejection_table_name, ctl_file_name, xlsm_file_name, immediate_parent, batch_size, base_tables, creation_date, created_by, last_update_date, last_update_by, attribute1, attribute2, attribute3, attribute4, attribute5, attribute6, attribute7, attribute8, attribute9, attribute10, attribute11, attribute12, attribute13, attribute14, attribute15, conversion_type,cld_template_code,cld_metadata_table_name,cld_template_name) VALUES 
(674,'Safety Stock Level', 'SAFETY_STOCK_LEVEL', 'Safety Stock Level', 'SCM', 673, 'MSC_ST_SAFETY_STOCKS','FBDI', NULL, 1, 'MSC_ST_SAFETY_STOCKS','MSC_COLLECTION_DML_ERRORS',  'SafetyStockLevel', 'ScpSafetyStockLevelImportTemplate', NULL, 30000, 'MSC_SAFETY_STOCKS', current_date, 'riteadmin', current_date, 'riteadmin', NULL, NULL, NULL, NULL,NULL, NULL, NULL, NULL, NULL, NULL, NULL, NULL, NULL, NULL, NULL,'DATA_MIGRATION', 'SAFETY_STOCK_LEVEL', 'CR_SAFETY_STOCK_LEVEL_C', 'CR_SAFETY_STOCK_LEVEL_CLD');

-- SUPPLY_CHAIN_PLANNING_SALES_ORDERS
INSERT INTO cr_objects (object_id, object_name, object_code, user_object_name, module_code, parent_object_id, fbdi_sheet, loader_endpoint, re_con_query, sequence_in_parent, interface_table_name, rejection_table_name, ctl_file_name, xlsm_file_name, immediate_parent, batch_size, base_tables, creation_date, created_by, last_update_date, last_update_by, attribute1, attribute2, attribute3, attribute4, attribute5, attribute6, attribute7, attribute8, attribute9, attribute10, attribute11, attribute12, attribute13, attribute14, attribute15, conversion_type,cld_template_code,cld_metadata_table_name,cld_template_name) VALUES 
(675,'Supply Chain Planning Sales Orders', 'SUPPLY_CHAIN_PLANNING_SALES_ORDERS', 'Supply Chain Planning Sales Orders', 'SCM', NULL, '','FBDI', NULL, NULL, '','',  '', '', NULL, 30000, NULL, current_date, 'riteadmin', current_date, 'riteadmin', NULL, NULL, NULL, NULL,NULL, NULL, NULL, NULL, NULL, NULL, NULL, NULL, NULL, NULL, NULL,'DATA_MIGRATION', NULL, NULL, NULL);
INSERT INTO cr_objects (object_id, object_name, object_code, user_object_name, module_code, parent_object_id, fbdi_sheet, loader_endpoint, re_con_query, sequence_in_parent, interface_table_name, rejection_table_name, ctl_file_name, xlsm_file_name, immediate_parent, batch_size, base_tables, creation_date, created_by, last_update_date, last_update_by, attribute1, attribute2, attribute3, attribute4, attribute5, attribute6, attribute7, attribute8, attribute9, attribute10, attribute11, attribute12, attribute13, attribute14, attribute15, conversion_type,cld_template_code,cld_metadata_table_name,cld_template_name) VALUES 
(676,'SCP Sales Order', 'SCP_SALES_ORDER', 'SCP Sales Order', 'SCM', 675, 'MSC_ST_DEMANDS','FBDI', NULL, 1, 'MSC_ST_DEMANDS','MSC_COLLECTION_DML_ERRORS',  'SalesOrder', 'ScpSalesOrderImportTemplate', NULL, 30000, 'MSC_DEMANDS', current_date, 'riteadmin', current_date, 'riteadmin', NULL, NULL, NULL, NULL,NULL, NULL, NULL, NULL, NULL, NULL, NULL, NULL, NULL, NULL, NULL,'DATA_MIGRATION', 'SCP_SALES_ORDER', 'CR_SCP_SALES_ORDER_C', 'CR_SCP_SALES_ORDER_CLD');

-- SUPPLY_CHAIN_PLANNING_SHIPMENTS_HISTORY
INSERT INTO cr_objects (object_id, object_name, object_code, user_object_name, module_code, parent_object_id, fbdi_sheet, loader_endpoint, re_con_query, sequence_in_parent, interface_table_name, rejection_table_name, ctl_file_name, xlsm_file_name, immediate_parent, batch_size, base_tables, creation_date, created_by, last_update_date, last_update_by, attribute1, attribute2, attribute3, attribute4, attribute5, attribute6, attribute7, attribute8, attribute9, attribute10, attribute11, attribute12, attribute13, attribute14, attribute15, conversion_type,cld_template_code,cld_metadata_table_name,cld_template_name) VALUES 
(677,'Supply Chain Planning Shipments History', 'SUPPLY_CHAIN_PLANNING_SHIPMENTS_HISTORY', 'Supply Chain Planning Shipments History', 'SCM', NULL, '','FBDI', NULL, NULL, '','',  '', '', NULL, 30000, NULL, current_date, 'riteadmin', current_date, 'riteadmin', NULL, NULL, NULL, NULL,NULL, NULL, NULL, NULL, NULL, NULL, NULL, NULL, NULL, NULL, NULL,'DATA_MIGRATION', NULL, NULL, NULL);
INSERT INTO cr_objects (object_id, object_name, object_code, user_object_name, module_code, parent_object_id, fbdi_sheet, loader_endpoint, re_con_query, sequence_in_parent, interface_table_name, rejection_table_name, ctl_file_name, xlsm_file_name, immediate_parent, batch_size, base_tables, creation_date, created_by, last_update_date, last_update_by, attribute1, attribute2, attribute3, attribute4, attribute5, attribute6, attribute7, attribute8, attribute9, attribute10, attribute11, attribute12, attribute13, attribute14, attribute15, conversion_type,cld_template_code,cld_metadata_table_name,cld_template_name) VALUES 
(678,'SCP Shipment History', 'SCP_SHIPMENT_HISTORY', 'SCP Shipment History', 'SCM', 677, 'MSC_ST_MEASURE_DATA','FBDI', NULL, 1, 'MSC_ST_MEASURE_DATA','MSC_COLLECTION_DML_ERRORS',  'ShipmentHistory', 'ScpShipmentHistoryImportTemplate', NULL, 30000, 'MSC_MEASURE_DATA', current_date, 'riteadmin', current_date, 'riteadmin', NULL, NULL, NULL, NULL,NULL, NULL, NULL, NULL, NULL, NULL, NULL, NULL, NULL, NULL, NULL,'DATA_MIGRATION', 'SCP_SHIPMENT_HISTORY', 'CR_SCP_SHIPMENT_HISTORY_C', 'CR_SCP_SHIPMENT_HISTORY_CLD');

-- SUPPLY_CHAIN_PLANNING_SOURCING_RULES
INSERT INTO cr_objects (object_id, object_name, object_code, user_object_name, module_code, parent_object_id, fbdi_sheet, loader_endpoint, re_con_query, sequence_in_parent, interface_table_name, rejection_table_name, ctl_file_name, xlsm_file_name, immediate_parent, batch_size, base_tables, creation_date, created_by, last_update_date, last_update_by, attribute1, attribute2, attribute3, attribute4, attribute5, attribute6, attribute7, attribute8, attribute9, attribute10, attribute11, attribute12, attribute13, attribute14, attribute15, conversion_type,cld_template_code,cld_metadata_table_name,cld_template_name) VALUES 
(679,'Supply Chain Planning Sourcing Rules', 'SUPPLY_CHAIN_PLANNING_SOURCING_RULES', 'Supply Chain Planning Sourcing Rules', 'SCM', NULL, '','FBDI', NULL, NULL, '','',  '', '', NULL, 30000, NULL, current_date, 'riteadmin', current_date, 'riteadmin', NULL, NULL, NULL, NULL,NULL, NULL, NULL, NULL, NULL, NULL, NULL, NULL, NULL, NULL, NULL,'DATA_MIGRATION', NULL, NULL, NULL);
INSERT INTO cr_objects (object_id, object_name, object_code, user_object_name, module_code, parent_object_id, fbdi_sheet, loader_endpoint, re_con_query, sequence_in_parent, interface_table_name, rejection_table_name, ctl_file_name, xlsm_file_name, immediate_parent, batch_size, base_tables, creation_date, created_by, last_update_date, last_update_by, attribute1, attribute2, attribute3, attribute4, attribute5, attribute6, attribute7, attribute8, attribute9, attribute10, attribute11, attribute12, attribute13, attribute14, attribute15, conversion_type,cld_template_code,cld_metadata_table_name,cld_template_name) VALUES 
(680,'SCP Sourcing ', 'SCP_SOURCING_', 'SCP Sourcing ', 'SCM', 679, 'MSC_ST_SOURCING_RULES','FBDI', NULL, 1, 'MSC_ST_SOURCING_RULES','MSC_COLLECTION_DML_ERRORS',  'SourcingRules', 'ScpSourcingImportTemplate', NULL, 30000, 'MSC_SOURCING_RULES', current_date, 'riteadmin', current_date, 'riteadmin', NULL, NULL, NULL, NULL,NULL, NULL, NULL, NULL, NULL, NULL, NULL, NULL, NULL, NULL, NULL,'DATA_MIGRATION', 'SCP_SOURCING_', 'CR_SCP_SOURCING__C', 'CR_SCP_SOURCING__CLD');
INSERT INTO cr_objects (object_id, object_name, object_code, user_object_name, module_code, parent_object_id, fbdi_sheet, loader_endpoint, re_con_query, sequence_in_parent, interface_table_name, rejection_table_name, ctl_file_name, xlsm_file_name, immediate_parent, batch_size, base_tables, creation_date, created_by, last_update_date, last_update_by, attribute1, attribute2, attribute3, attribute4, attribute5, attribute6, attribute7, attribute8, attribute9, attribute10, attribute11, attribute12, attribute13, attribute14, attribute15, conversion_type,cld_template_code,cld_metadata_table_name,cld_template_name) VALUES 
(681,'SCP Assignment Sets', 'SCP_ASSIGNMENT_SETS', 'SCP Assignment Sets', 'SCM', 679, 'MSC_ST_ASSIGNMENT_SETS','FBDI', NULL, 2, 'MSC_ST_ASSIGNMENT_SETS','MSC_COLLECTION_DML_ERRORS',  'AssignmentSets', 'ScpSourcingImportTemplate', NULL, 30000, 'MSC_ASSIGNMENT_SETS', current_date, 'riteadmin', current_date, 'riteadmin', NULL, NULL, NULL, NULL,NULL, NULL, NULL, NULL, NULL, NULL, NULL, NULL, NULL, NULL, NULL,'DATA_MIGRATION', 'SCP_ASSIGNMENT_SETS', 'CR_SCP_ASSIGNMENT_SETS_C', 'CR_SCP_ASSIGNMENT_SETS_CLD');

-- SUPPLY_CHAIN_PLANNING_SUBINVENTORIES
INSERT INTO cr_objects (object_id, object_name, object_code, user_object_name, module_code, parent_object_id, fbdi_sheet, loader_endpoint, re_con_query, sequence_in_parent, interface_table_name, rejection_table_name, ctl_file_name, xlsm_file_name, immediate_parent, batch_size, base_tables, creation_date, created_by, last_update_date, last_update_by, attribute1, attribute2, attribute3, attribute4, attribute5, attribute6, attribute7, attribute8, attribute9, attribute10, attribute11, attribute12, attribute13, attribute14, attribute15, conversion_type,cld_template_code,cld_metadata_table_name,cld_template_name) VALUES 
(682,'Supply Chain Planning Subinventories', 'SUPPLY_CHAIN_PLANNING_SUBINVENTORIES', 'Supply Chain Planning Subinventories', 'SCM', NULL, '','FBDI', NULL, NULL, '','',  '', '', NULL, 30000, NULL, current_date, 'riteadmin', current_date, 'riteadmin', NULL, NULL, NULL, NULL,NULL, NULL, NULL, NULL, NULL, NULL, NULL, NULL, NULL, NULL, NULL,'DATA_MIGRATION', NULL, NULL, NULL);
INSERT INTO cr_objects (object_id, object_name, object_code, user_object_name, module_code, parent_object_id, fbdi_sheet, loader_endpoint, re_con_query, sequence_in_parent, interface_table_name, rejection_table_name, ctl_file_name, xlsm_file_name, immediate_parent, batch_size, base_tables, creation_date, created_by, last_update_date, last_update_by, attribute1, attribute2, attribute3, attribute4, attribute5, attribute6, attribute7, attribute8, attribute9, attribute10, attribute11, attribute12, attribute13, attribute14, attribute15, conversion_type,cld_template_code,cld_metadata_table_name,cld_template_name) VALUES 
(683,'SCP Subinventory', 'SCP_SUBINVENTORY', 'SCP Subinventory', 'SCM', 682, 'MSC_ST_SUB_INVENTORIES','FBDI', NULL, 1, 'MSC_ST_SUB_INVENTORIES','MSC_COLLECTION_DML_ERRORS',  'SubInventory', 'ScpSubInventoryImportTemplate', NULL, 30000, 'MSC_SUB_INVENTORIES', current_date, 'riteadmin', current_date, 'riteadmin', NULL, NULL, NULL, NULL,NULL, NULL, NULL, NULL, NULL, NULL, NULL, NULL, NULL, NULL, NULL,'DATA_MIGRATION', 'SCP_SUBINVENTORY', 'CR_SCP_SUBINVENTORY_C', 'CR_SCP_SUBINVENTORY_CLD');

-- SUPPLY_CHAIN_PLANNING_SUPPLIERS
INSERT INTO cr_objects (object_id, object_name, object_code, user_object_name, module_code, parent_object_id, fbdi_sheet, loader_endpoint, re_con_query, sequence_in_parent, interface_table_name, rejection_table_name, ctl_file_name, xlsm_file_name, immediate_parent, batch_size, base_tables, creation_date, created_by, last_update_date, last_update_by, attribute1, attribute2, attribute3, attribute4, attribute5, attribute6, attribute7, attribute8, attribute9, attribute10, attribute11, attribute12, attribute13, attribute14, attribute15, conversion_type,cld_template_code,cld_metadata_table_name,cld_template_name) VALUES 
(684,'Supply Chain Planning Suppliers', 'SUPPLY_CHAIN_PLANNING_SUPPLIERS', 'Supply Chain Planning Suppliers', 'SCM', NULL, '','FBDI', NULL, NULL, '','',  '', '', NULL, 30000, NULL, current_date, 'riteadmin', current_date, 'riteadmin', NULL, NULL, NULL, NULL,NULL, NULL, NULL, NULL, NULL, NULL, NULL, NULL, NULL, NULL, NULL,'DATA_MIGRATION', NULL, NULL, NULL);
INSERT INTO cr_objects (object_id, object_name, object_code, user_object_name, module_code, parent_object_id, fbdi_sheet, loader_endpoint, re_con_query, sequence_in_parent, interface_table_name, rejection_table_name, ctl_file_name, xlsm_file_name, immediate_parent, batch_size, base_tables, creation_date, created_by, last_update_date, last_update_by, attribute1, attribute2, attribute3, attribute4, attribute5, attribute6, attribute7, attribute8, attribute9, attribute10, attribute11, attribute12, attribute13, attribute14, attribute15, conversion_type,cld_template_code,cld_metadata_table_name,cld_template_name) VALUES 
(685,'SCP Suppliers', 'SCP_SUPPLIERS', 'SCP Suppliers', 'SCM', 684, 'MSC_ST_GLOBAL_TRADING_PARTNERS','FBDI', NULL, 1, 'MSC_ST_GLOBAL_TRADING_PARTNERS','MSC_COLLECTION_DML_ERRORS',  'Suppliers', 'ScpSupplierImportTemplate', NULL, 30000, 'MSC_GLOBAL_TRADING_PARTNERS', current_date, 'riteadmin', current_date, 'riteadmin', NULL, NULL, NULL, NULL,NULL, NULL, NULL, NULL, NULL, NULL, NULL, NULL, NULL, NULL, NULL,'DATA_MIGRATION', 'SCP_SUPPLIERS', 'CR_SCP_SUPPLIERS_C', 'CR_SCP_SUPPLIERS_CLD');
INSERT INTO cr_objects (object_id, object_name, object_code, user_object_name, module_code, parent_object_id, fbdi_sheet, loader_endpoint, re_con_query, sequence_in_parent, interface_table_name, rejection_table_name, ctl_file_name, xlsm_file_name, immediate_parent, batch_size, base_tables, creation_date, created_by, last_update_date, last_update_by, attribute1, attribute2, attribute3, attribute4, attribute5, attribute6, attribute7, attribute8, attribute9, attribute10, attribute11, attribute12, attribute13, attribute14, attribute15, conversion_type,cld_template_code,cld_metadata_table_name,cld_template_name) VALUES 
(686,'SCP Supplier Site', 'SCP_SUPPLIER_SITE', 'SCP Supplier Site', 'SCM', 684, 'MSC_ST_TRADING_PARTNER_SITES','FBDI', NULL, 2, 'MSC_ST_TRADING_PARTNER_SITES','MSC_COLLECTION_DML_ERRORS',  'SupplierSite', 'ScpSupplierImportTemplate', NULL, 30000, 'MSC_TRADING_PARTNER_SITES', current_date, 'riteadmin', current_date, 'riteadmin', NULL, NULL, NULL, NULL,NULL, NULL, NULL, NULL, NULL, NULL, NULL, NULL, NULL, NULL, NULL,'DATA_MIGRATION', 'SCP_SUPPLIER_SITE', 'CR_SCP_SUPPLIER_SITE_C', 'CR_SCP_SUPPLIER_SITE_CLD');

-- SUPPLY_CHAIN_PLANNING_SUPPLY_ON_HAND
INSERT INTO cr_objects (object_id, object_name, object_code, user_object_name, module_code, parent_object_id, fbdi_sheet, loader_endpoint, re_con_query, sequence_in_parent, interface_table_name, rejection_table_name, ctl_file_name, xlsm_file_name, immediate_parent, batch_size, base_tables, creation_date, created_by, last_update_date, last_update_by, attribute1, attribute2, attribute3, attribute4, attribute5, attribute6, attribute7, attribute8, attribute9, attribute10, attribute11, attribute12, attribute13, attribute14, attribute15, conversion_type,cld_template_code,cld_metadata_table_name,cld_template_name) VALUES 
(687,'Supply Chain Planning Supply On Hand', 'SUPPLY_CHAIN_PLANNING_SUPPLY_ON_HAND', 'Supply Chain Planning Supply On Hand', 'SCM', NULL, '','FBDI', NULL, NULL, '','',  '', '', NULL, 30000, NULL, current_date, 'riteadmin', current_date, 'riteadmin', NULL, NULL, NULL, NULL,NULL, NULL, NULL, NULL, NULL, NULL, NULL, NULL, NULL, NULL, NULL,'DATA_MIGRATION', NULL, NULL, NULL);
INSERT INTO cr_objects (object_id, object_name, object_code, user_object_name, module_code, parent_object_id, fbdi_sheet, loader_endpoint, re_con_query, sequence_in_parent, interface_table_name, rejection_table_name, ctl_file_name, xlsm_file_name, immediate_parent, batch_size, base_tables, creation_date, created_by, last_update_date, last_update_by, attribute1, attribute2, attribute3, attribute4, attribute5, attribute6, attribute7, attribute8, attribute9, attribute10, attribute11, attribute12, attribute13, attribute14, attribute15, conversion_type,cld_template_code,cld_metadata_table_name,cld_template_name) VALUES 
(688,'Supply Onhand', 'SUPPLY_ONHAND', 'Supply Onhand', 'SCM', 687, 'MSC_ST_SUPPLIES','FBDI', NULL, 1, 'MSC_ST_SUPPLIES','MSC_COLLECTION_DML_ERRORS',  'SupplyOnhand', 'ScpOnhandImportTemplate', NULL, 30000, 'MSC_SUPPLIES', current_date, 'riteadmin', current_date, 'riteadmin', NULL, NULL, NULL, NULL,NULL, NULL, NULL, NULL, NULL, NULL, NULL, NULL, NULL, NULL, NULL,'DATA_MIGRATION', 'SUPPLY_ONHAND', 'CR_SUPPLY_ONHAND_C', 'CR_SUPPLY_ONHAND_CLD');

-- SUPPLY_CHAIN_PLANNING_TRANSFER_ORDERS
INSERT INTO cr_objects (object_id, object_name, object_code, user_object_name, module_code, parent_object_id, fbdi_sheet, loader_endpoint, re_con_query, sequence_in_parent, interface_table_name, rejection_table_name, ctl_file_name, xlsm_file_name, immediate_parent, batch_size, base_tables, creation_date, created_by, last_update_date, last_update_by, attribute1, attribute2, attribute3, attribute4, attribute5, attribute6, attribute7, attribute8, attribute9, attribute10, attribute11, attribute12, attribute13, attribute14, attribute15, conversion_type,cld_template_code,cld_metadata_table_name,cld_template_name) VALUES 
(689,'Supply Chain Planning Transfer Orders', 'SUPPLY_CHAIN_PLANNING_TRANSFER_ORDERS', 'Supply Chain Planning Transfer Orders', 'SCM', NULL, '','FBDI', NULL, NULL, '','',  '', '', NULL, 30000, NULL, current_date, 'riteadmin', current_date, 'riteadmin', NULL, NULL, NULL, NULL,NULL, NULL, NULL, NULL, NULL, NULL, NULL, NULL, NULL, NULL, NULL,'DATA_MIGRATION', NULL, NULL, NULL);
INSERT INTO cr_objects (object_id, object_name, object_code, user_object_name, module_code, parent_object_id, fbdi_sheet, loader_endpoint, re_con_query, sequence_in_parent, interface_table_name, rejection_table_name, ctl_file_name, xlsm_file_name, immediate_parent, batch_size, base_tables, creation_date, created_by, last_update_date, last_update_by, attribute1, attribute2, attribute3, attribute4, attribute5, attribute6, attribute7, attribute8, attribute9, attribute10, attribute11, attribute12, attribute13, attribute14, attribute15, conversion_type,cld_template_code,cld_metadata_table_name,cld_template_name) VALUES 
(690,'Transfer Order', 'TRANSFER_ORDER', 'Transfer Order', 'SCM', 689, 'MSC_ST_SUPPLIES','FBDI', NULL, 1, 'MSC_ST_SUPPLIES','MSC_COLLECTION_DML_ERRORS',  'TransferOrder', 'ScpTransferOrderImportTemplate', NULL, 30000, 'MSC_SUPPLIES', current_date, 'riteadmin', current_date, 'riteadmin', NULL, NULL, NULL, NULL,NULL, NULL, NULL, NULL, NULL, NULL, NULL, NULL, NULL, NULL, NULL,'DATA_MIGRATION', 'TRANSFER_ORDER', 'CR_TRANSFER_ORDER_C', 'CR_TRANSFER_ORDER_CLD');

-- SUPPLY_CHAIN_PLANNING_UNITS_OF_MEASURE
INSERT INTO cr_objects (object_id, object_name, object_code, user_object_name, module_code, parent_object_id, fbdi_sheet, loader_endpoint, re_con_query, sequence_in_parent, interface_table_name, rejection_table_name, ctl_file_name, xlsm_file_name, immediate_parent, batch_size, base_tables, creation_date, created_by, last_update_date, last_update_by, attribute1, attribute2, attribute3, attribute4, attribute5, attribute6, attribute7, attribute8, attribute9, attribute10, attribute11, attribute12, attribute13, attribute14, attribute15, conversion_type,cld_template_code,cld_metadata_table_name,cld_template_name) VALUES 
(691,'Supply Chain Planning Units of Measure', 'SUPPLY_CHAIN_PLANNING_UNITS_OF_MEASURE', 'Supply Chain Planning Units of Measure', 'SCM', NULL, '','FBDI', NULL, NULL, '','',  '', '', NULL, 30000, NULL, current_date, 'riteadmin', current_date, 'riteadmin', NULL, NULL, NULL, NULL,NULL, NULL, NULL, NULL, NULL, NULL, NULL, NULL, NULL, NULL, NULL,'DATA_MIGRATION', NULL, NULL, NULL);
INSERT INTO cr_objects (object_id, object_name, object_code, user_object_name, module_code, parent_object_id, fbdi_sheet, loader_endpoint, re_con_query, sequence_in_parent, interface_table_name, rejection_table_name, ctl_file_name, xlsm_file_name, immediate_parent, batch_size, base_tables, creation_date, created_by, last_update_date, last_update_by, attribute1, attribute2, attribute3, attribute4, attribute5, attribute6, attribute7, attribute8, attribute9, attribute10, attribute11, attribute12, attribute13, attribute14, attribute15, conversion_type,cld_template_code,cld_metadata_table_name,cld_template_name) VALUES 
(692,'UOM Import', 'UOM_IMPORT', 'UOM Import', 'SCM', 691, 'MSC_ST_UNITS_OF_MEASURE','FBDI', NULL, 1, 'MSC_ST_UNITS_OF_MEASURE','MSC_COLLECTION_DML_ERRORS',  'UOMS', 'ScpUOMImportTemplate', NULL, 30000, 'MSC_UNITS_OF_MEASURE', current_date, 'riteadmin', current_date, 'riteadmin', NULL, NULL, NULL, NULL,NULL, NULL, NULL, NULL, NULL, NULL, NULL, NULL, NULL, NULL, NULL,'DATA_MIGRATION', 'UOM_IMPORT', 'CR_UOM_IMPORT_C', 'CR_UOM_IMPORT_CLD');
INSERT INTO cr_objects (object_id, object_name, object_code, user_object_name, module_code, parent_object_id, fbdi_sheet, loader_endpoint, re_con_query, sequence_in_parent, interface_table_name, rejection_table_name, ctl_file_name, xlsm_file_name, immediate_parent, batch_size, base_tables, creation_date, created_by, last_update_date, last_update_by, attribute1, attribute2, attribute3, attribute4, attribute5, attribute6, attribute7, attribute8, attribute9, attribute10, attribute11, attribute12, attribute13, attribute14, attribute15, conversion_type,cld_template_code,cld_metadata_table_name,cld_template_name) VALUES 
(693,'UOM Class Conversion', 'UOM_CLASS_CONVERSION', 'UOM Class Conversion', 'SCM', 691, 'MSC_ST_UOM_CLASS_CONVERSIONS','FBDI', NULL, 2, 'MSC_ST_UOM_CLASS_CONVERSIONS','MSC_COLLECTION_DML_ERRORS',  'UOMClassConversion', 'ScpUOMImportTemplate', NULL, 30000, 'MSC_UOM_CLASS_CONVERSIONS', current_date, 'riteadmin', current_date, 'riteadmin', NULL, NULL, NULL, NULL,NULL, NULL, NULL, NULL, NULL, NULL, NULL, NULL, NULL, NULL, NULL,'DATA_MIGRATION', 'UOM_CLASS_CONVERSION', 'CR_UOM_CLASS_CONVERSION_C', 'CR_UOM_CLASS_CONVERSION_CLD');
INSERT INTO cr_objects (object_id, object_name, object_code, user_object_name, module_code, parent_object_id, fbdi_sheet, loader_endpoint, re_con_query, sequence_in_parent, interface_table_name, rejection_table_name, ctl_file_name, xlsm_file_name, immediate_parent, batch_size, base_tables, creation_date, created_by, last_update_date, last_update_by, attribute1, attribute2, attribute3, attribute4, attribute5, attribute6, attribute7, attribute8, attribute9, attribute10, attribute11, attribute12, attribute13, attribute14, attribute15, conversion_type,cld_template_code,cld_metadata_table_name,cld_template_name) VALUES 
(694,'UOM Conversion', 'UOM_CONVERSION', 'UOM Conversion', 'SCM', 691, 'MSC_ST_UOM_CONVERSIONS','FBDI', NULL, 3, 'MSC_ST_UOM_CONVERSIONS','MSC_COLLECTION_DML_ERRORS',  'UOMConversion', 'ScpUOMImportTemplate', NULL, 30000, 'MSC_UOM_CONVERSIONS', current_date, 'riteadmin', current_date, 'riteadmin', NULL, NULL, NULL, NULL,NULL, NULL, NULL, NULL, NULL, NULL, NULL, NULL, NULL, NULL, NULL,'DATA_MIGRATION', 'UOM_CONVERSION', 'CR_UOM_CONVERSION_C', 'CR_UOM_CONVERSION_CLD');

-- SUPPLY_CHAIN_PLANNING_USER
INSERT INTO cr_objects (object_id, object_name, object_code, user_object_name, module_code, parent_object_id, fbdi_sheet, loader_endpoint, re_con_query, sequence_in_parent, interface_table_name, rejection_table_name, ctl_file_name, xlsm_file_name, immediate_parent, batch_size, base_tables, creation_date, created_by, last_update_date, last_update_by, attribute1, attribute2, attribute3, attribute4, attribute5, attribute6, attribute7, attribute8, attribute9, attribute10, attribute11, attribute12, attribute13, attribute14, attribute15, conversion_type,cld_template_code,cld_metadata_table_name,cld_template_name) VALUES 
(695,'Supply Chain Planning User-Defined Hierarchy', 'SUPPLY_CHAIN_PLANNING_USER-DEFINED_HIERARCHY', 'Supply Chain Planning User-Defined Hierarchy', 'SCM', NULL, '','FBDI', NULL, NULL, '','',  '', '', NULL, 30000, NULL, current_date, 'riteadmin', current_date, 'riteadmin', NULL, NULL, NULL, NULL,NULL, NULL, NULL, NULL, NULL, NULL, NULL, NULL, NULL, NULL, NULL,'DATA_MIGRATION', NULL, NULL, NULL);
INSERT INTO cr_objects (object_id, object_name, object_code, user_object_name, module_code, parent_object_id, fbdi_sheet, loader_endpoint, re_con_query, sequence_in_parent, interface_table_name, rejection_table_name, ctl_file_name, xlsm_file_name, immediate_parent, batch_size, base_tables, creation_date, created_by, last_update_date, last_update_by, attribute1, attribute2, attribute3, attribute4, attribute5, attribute6, attribute7, attribute8, attribute9, attribute10, attribute11, attribute12, attribute13, attribute14, attribute15, conversion_type,cld_template_code,cld_metadata_table_name,cld_template_name) VALUES 
(696,'User-Defined Hierarchy Master', 'USER-DEFINED_HIERARCHY_MASTER', 'User-Defined Hierarchy Master', 'SCM', 695, 'MSC_ST_CSTMHRCHY_INT','FBDI', NULL, 1, 'MSC_ST_CSTMHRCHY_INT','MSC_COLLECTION_DML_ERRORS',  'User-DefinedHierarchyMaster', 'ScpUser-DefinedHierarchyImportTemplate', NULL, 30000, NULL, current_date, 'riteadmin', current_date, 'riteadmin', NULL, NULL, NULL, NULL,NULL, NULL, NULL, NULL, NULL, NULL, NULL, NULL, NULL, NULL, NULL,'DATA_MIGRATION', 'USER-DEFINED_HIERARCHY_MASTER', 'CR_USER-DEFINED_HIERARCHY_MASTER_C', 'CR_USER-DEFINED_HIERARCHY_MASTER_CLD');
INSERT INTO cr_objects (object_id, object_name, object_code, user_object_name, module_code, parent_object_id, fbdi_sheet, loader_endpoint, re_con_query, sequence_in_parent, interface_table_name, rejection_table_name, ctl_file_name, xlsm_file_name, immediate_parent, batch_size, base_tables, creation_date, created_by, last_update_date, last_update_by, attribute1, attribute2, attribute3, attribute4, attribute5, attribute6, attribute7, attribute8, attribute9, attribute10, attribute11, attribute12, attribute13, attribute14, attribute15, conversion_type,cld_template_code,cld_metadata_table_name,cld_template_name) VALUES 
(697,'User-Defined Hierarchy Detail', 'USER-DEFINED_HIERARCHY_DETAIL', 'User-Defined Hierarchy Detail', 'SCM', 695, 'MSC_ST_CSTMHRCHY_DTL_INT','FBDI', NULL, 2, 'MSC_ST_CSTMHRCHY_DTL_INT','MSC_COLLECTION_DML_ERRORS',  'User-DefinedHierarchyDetail', 'ScpUser-DefinedHierarchyImportTemplate', NULL, 30000, NULL, current_date, 'riteadmin', current_date, 'riteadmin', NULL, NULL, NULL, NULL,NULL, NULL, NULL, NULL, NULL, NULL, NULL, NULL, NULL, NULL, NULL,'DATA_MIGRATION', 'USER-DEFINED_HIERARCHY_DETAIL', 'CR_USER-DEFINED_HIERARCHY_DETAIL_C', 'CR_USER-DEFINED_HIERARCHY_DETAIL_CLD');

-- SUPPLY_CHAIN_PLANNING_WORK_ORDER_COMPONENT_DEMANDS
INSERT INTO cr_objects (object_id, object_name, object_code, user_object_name, module_code, parent_object_id, fbdi_sheet, loader_endpoint, re_con_query, sequence_in_parent, interface_table_name, rejection_table_name, ctl_file_name, xlsm_file_name, immediate_parent, batch_size, base_tables, creation_date, created_by, last_update_date, last_update_by, attribute1, attribute2, attribute3, attribute4, attribute5, attribute6, attribute7, attribute8, attribute9, attribute10, attribute11, attribute12, attribute13, attribute14, attribute15, conversion_type,cld_template_code,cld_metadata_table_name,cld_template_name) VALUES 
(698,'Supply Chain Planning Work Order Component Demands', 'SUPPLY_CHAIN_PLANNING_WORK_ORDER_COMPONENT_DEMANDS', 'Supply Chain Planning Work Order Component Demands', 'SCM', NULL, '','FBDI', NULL, NULL, '','',  '', '', NULL, 30000, NULL, current_date, 'riteadmin', current_date, 'riteadmin', NULL, NULL, NULL, NULL,NULL, NULL, NULL, NULL, NULL, NULL, NULL, NULL, NULL, NULL, NULL,'DATA_MIGRATION', NULL, NULL, NULL);
INSERT INTO cr_objects (object_id, object_name, object_code, user_object_name, module_code, parent_object_id, fbdi_sheet, loader_endpoint, re_con_query, sequence_in_parent, interface_table_name, rejection_table_name, ctl_file_name, xlsm_file_name, immediate_parent, batch_size, base_tables, creation_date, created_by, last_update_date, last_update_by, attribute1, attribute2, attribute3, attribute4, attribute5, attribute6, attribute7, attribute8, attribute9, attribute10, attribute11, attribute12, attribute13, attribute14, attribute15, conversion_type,cld_template_code,cld_metadata_table_name,cld_template_name) VALUES 
(699,'WIP Component Demands', 'WIP_COMPONENT_DEMANDS', 'WIP Component Demands', 'SCM', 698, 'MSC_ST_DEMANDS','FBDI', NULL, 1, 'MSC_ST_DEMANDS','MSC_COLLECTION_DML_ERRORS',  'WIPComponentDemands', 'ScpWIPComponentDemandsImportTemplate', NULL, 30000, 'MSC_DEMANDS', current_date, 'riteadmin', current_date, 'riteadmin', NULL, NULL, NULL, NULL,NULL, NULL, NULL, NULL, NULL, NULL, NULL, NULL, NULL, NULL, NULL,'DATA_MIGRATION', 'WIP_COMPONENT_DEMANDS', 'CR_WIP_COMPONENT_DEMANDS_C', 'CR_WIP_COMPONENT_DEMANDS_CLD');

-- SUPPLY_CHAIN_PLANNING_WORK_ORDER_OPERATION_RESOURCES
INSERT INTO cr_objects (object_id, object_name, object_code, user_object_name, module_code, parent_object_id, fbdi_sheet, loader_endpoint, re_con_query, sequence_in_parent, interface_table_name, rejection_table_name, ctl_file_name, xlsm_file_name, immediate_parent, batch_size, base_tables, creation_date, created_by, last_update_date, last_update_by, attribute1, attribute2, attribute3, attribute4, attribute5, attribute6, attribute7, attribute8, attribute9, attribute10, attribute11, attribute12, attribute13, attribute14, attribute15, conversion_type,cld_template_code,cld_metadata_table_name,cld_template_name) VALUES 
(700,'Supply Chain Planning Work Order Operation Resources', 'SUPPLY_CHAIN_PLANNING_WORK_ORDER_OPERATION_RESOURCES', 'Supply Chain Planning Work Order Operation Resources', 'SCM', NULL, '','FBDI', NULL, NULL, '','',  '', '', NULL, 30000, NULL, current_date, 'riteadmin', current_date, 'riteadmin', NULL, NULL, NULL, NULL,NULL, NULL, NULL, NULL, NULL, NULL, NULL, NULL, NULL, NULL, NULL,'DATA_MIGRATION', NULL, NULL, NULL);
INSERT INTO cr_objects (object_id, object_name, object_code, user_object_name, module_code, parent_object_id, fbdi_sheet, loader_endpoint, re_con_query, sequence_in_parent, interface_table_name, rejection_table_name, ctl_file_name, xlsm_file_name, immediate_parent, batch_size, base_tables, creation_date, created_by, last_update_date, last_update_by, attribute1, attribute2, attribute3, attribute4, attribute5, attribute6, attribute7, attribute8, attribute9, attribute10, attribute11, attribute12, attribute13, attribute14, attribute15, conversion_type,cld_template_code,cld_metadata_table_name,cld_template_name) VALUES 
(701,'WIP Operation Resource', 'WIP_OPERATION_RESOURCE', 'WIP Operation Resource', 'SCM', 700, 'MSC_ST_RESOURCE_REQUIREMENTS','FBDI', NULL, 1, 'MSC_ST_RESOURCE_REQUIREMENTS','MSC_COLLECTION_DML_ERRORS',  'WIPOperationResource', 'ScpWIPOperationResourceImportTemplate', NULL, 30000, 'MSC_RESOURCE_REQUIREMENTS', current_date, 'riteadmin', current_date, 'riteadmin', NULL, NULL, NULL, NULL,NULL, NULL, NULL, NULL, NULL, NULL, NULL, NULL, NULL, NULL, NULL,'DATA_MIGRATION', 'WIP_OPERATION_RESOURCE', 'CR_WIP_OPERATION_RESOURCE_C', 'CR_WIP_OPERATION_RESOURCE_CLD');

-- SUPPLY_CHAIN_PLANNING_WORK_ORDER_SUPPLIES
INSERT INTO cr_objects (object_id, object_name, object_code, user_object_name, module_code, parent_object_id, fbdi_sheet, loader_endpoint, re_con_query, sequence_in_parent, interface_table_name, rejection_table_name, ctl_file_name, xlsm_file_name, immediate_parent, batch_size, base_tables, creation_date, created_by, last_update_date, last_update_by, attribute1, attribute2, attribute3, attribute4, attribute5, attribute6, attribute7, attribute8, attribute9, attribute10, attribute11, attribute12, attribute13, attribute14, attribute15, conversion_type,cld_template_code,cld_metadata_table_name,cld_template_name) VALUES 
(702,'Supply Chain Planning Work Order Supplies', 'Supply_Chain_Planning_Work_Order_Supplies', 'Supply Chain Planning Work Order Supplies', 'SCM', NULL, '','FBDI', NULL, NULL, '','',  '', '', NULL, 30000, NULL, current_date, 'riteadmin', current_date, 'riteadmin', NULL, NULL, NULL, NULL,NULL, NULL, NULL, NULL, NULL, NULL, NULL, NULL, NULL, NULL, NULL,'DATA_MIGRATION', NULL, NULL, NULL);
INSERT INTO cr_objects (object_id, object_name, object_code, user_object_name, module_code, parent_object_id, fbdi_sheet, loader_endpoint, re_con_query, sequence_in_parent, interface_table_name, rejection_table_name, ctl_file_name, xlsm_file_name, immediate_parent, batch_size, base_tables, creation_date, created_by, last_update_date, last_update_by, attribute1, attribute2, attribute3, attribute4, attribute5, attribute6, attribute7, attribute8, attribute9, attribute10, attribute11, attribute12, attribute13, attribute14, attribute15, conversion_type,cld_template_code,cld_metadata_table_name,cld_template_name) VALUES 
(703,'Work Order Supplies', 'WORK_ORDER_SUPPLIES', 'Work Order Supplies', 'SCM', 702, 'MSC_ST_SUPPLIES','FBDI', NULL, 1, 'MSC_ST_SUPPLIES','MSC_COLLECTION_DML_ERRORS',  'WorkOrderSupplies', 'ScpWorkOrderSuppliesImportTemplate', NULL, 30000, 'MSC_SUPPLIES', current_date, 'riteadmin', current_date, 'riteadmin', NULL, NULL, NULL, NULL,NULL, NULL, NULL, NULL, NULL, NULL, NULL, NULL, NULL, NULL, NULL,'DATA_MIGRATION', 'WORK_ORDER_SUPPLIES', 'CR_WORK_ORDER_SUPPLIES_C', 'CR_WORK_ORDER_SUPPLIES_CLD');

-- SUPPLY_CHAIN_PLANNING_ZONES
INSERT INTO cr_objects (object_id, object_name, object_code, user_object_name, module_code, parent_object_id, fbdi_sheet, loader_endpoint, re_con_query, sequence_in_parent, interface_table_name, rejection_table_name, ctl_file_name, xlsm_file_name, immediate_parent, batch_size, base_tables, creation_date, created_by, last_update_date, last_update_by, attribute1, attribute2, attribute3, attribute4, attribute5, attribute6, attribute7, attribute8, attribute9, attribute10, attribute11, attribute12, attribute13, attribute14, attribute15, conversion_type,cld_template_code,cld_metadata_table_name,cld_template_name) VALUES 
(704,'Supply Chain Planning Zones', 'SUPPLY_CHAIN_PLANNING_ZONES', 'Supply Chain Planning Zones', 'SCM', NULL, '','FBDI', NULL, NULL, '','',  '', '', NULL, 30000, NULL, current_date, 'riteadmin', current_date, 'riteadmin', NULL, NULL, NULL, NULL,NULL, NULL, NULL, NULL, NULL, NULL, NULL, NULL, NULL, NULL, NULL,'DATA_MIGRATION', NULL, NULL, NULL);
INSERT INTO cr_objects (object_id, object_name, object_code, user_object_name, module_code, parent_object_id, fbdi_sheet, loader_endpoint, re_con_query, sequence_in_parent, interface_table_name, rejection_table_name, ctl_file_name, xlsm_file_name, immediate_parent, batch_size, base_tables, creation_date, created_by, last_update_date, last_update_by, attribute1, attribute2, attribute3, attribute4, attribute5, attribute6, attribute7, attribute8, attribute9, attribute10, attribute11, attribute12, attribute13, attribute14, attribute15, conversion_type,cld_template_code,cld_metadata_table_name,cld_template_name) VALUES 
(705,'SCP Zones', 'SCP_ZONES', 'SCP Zones', 'SCM', 704, 'MSC_ST_REGIONS','FBDI', NULL, 1, 'MSC_ST_REGIONS','MSC_COLLECTION_DML_ERRORS',  'Zones', 'ScpZonesImportTemplate', NULL, 30000, 'MSC_REGIONS', current_date, 'riteadmin', current_date, 'riteadmin', NULL, NULL, NULL, NULL,NULL, NULL, NULL, NULL, NULL, NULL, NULL, NULL, NULL, NULL, NULL,'DATA_MIGRATION', 'SCP_ZONES', 'CR_SCP_ZONES_C', 'CR_SCP_ZONES_CLD');

-- VENDOR-MANAGED_INVENTORY_RELATIONSHIPS
INSERT INTO cr_objects (object_id, object_name, object_code, user_object_name, module_code, parent_object_id, fbdi_sheet, loader_endpoint, re_con_query, sequence_in_parent, interface_table_name, rejection_table_name, ctl_file_name, xlsm_file_name, immediate_parent, batch_size, base_tables, creation_date, created_by, last_update_date, last_update_by, attribute1, attribute2, attribute3, attribute4, attribute5, attribute6, attribute7, attribute8, attribute9, attribute10, attribute11, attribute12, attribute13, attribute14, attribute15, conversion_type,cld_template_code,cld_metadata_table_name,cld_template_name) VALUES 
(706,'Vendor-Managed Inventory Relationships', 'VENDOR-MANAGED_INVENTORY_RELATIONSHIPS', 'Vendor-Managed Inventory Relationships', 'SCM', NULL, '','FBDI', NULL, NULL, '','',  '', '', NULL, 30000, NULL, current_date, 'riteadmin', current_date, 'riteadmin', NULL, NULL, NULL, NULL,NULL, NULL, NULL, NULL, NULL, NULL, NULL, NULL, NULL, NULL, NULL,'DATA_MIGRATION', NULL, NULL, NULL);
INSERT INTO cr_objects (object_id, object_name, object_code, user_object_name, module_code, parent_object_id, fbdi_sheet, loader_endpoint, re_con_query, sequence_in_parent, interface_table_name, rejection_table_name, ctl_file_name, xlsm_file_name, immediate_parent, batch_size, base_tables, creation_date, created_by, last_update_date, last_update_by, attribute1, attribute2, attribute3, attribute4, attribute5, attribute6, attribute7, attribute8, attribute9, attribute10, attribute11, attribute12, attribute13, attribute14, attribute15, conversion_type,cld_template_code,cld_metadata_table_name,cld_template_name) VALUES 
(707,'Vendor-Managed Inventory Relationships', 'VENDOR-MANAGED_INVENTORY_RELATIONSHIPS', 'Vendor-Managed Inventory Relationships', 'SCM', 706, 'VCS_VMI_RELATIONSHIPS_INT','FBDI', NULL, 1, 'VCS_VMI_RELATIONSHIPS_INT','MSC_COLLECTION_DML_ERRORS',  'VcsVMIRelationships', 'VcsVMIRelationshipsImportTemplate', NULL, 30000, 'VCS_VMI_RELATIONSHIPS', current_date, 'riteadmin', current_date, 'riteadmin', NULL, NULL, NULL, NULL,NULL, NULL, NULL, NULL, NULL, NULL, NULL, NULL, NULL, NULL, NULL,'DATA_MIGRATION', 'VENDOR_MANAGED_INV_REL', 'CR_VENDOR_MANAGED_INV_REL_C', 'CR_VENDOR_MANAGED_INV_REL_CLD');
INSERT INTO cr_objects (object_id, object_name, object_code, user_object_name, module_code, parent_object_id, fbdi_sheet, loader_endpoint, re_con_query, sequence_in_parent, interface_table_name, rejection_table_name, ctl_file_name, xlsm_file_name, immediate_parent, batch_size, base_tables, creation_date, created_by, last_update_date, last_update_by, attribute1, attribute2, attribute3, attribute4, attribute5, attribute6, attribute7, attribute8, attribute9, attribute10, attribute11, attribute12, attribute13, attribute14, attribute15, conversion_type,cld_template_code,cld_metadata_table_name,cld_template_name) VALUES 
(708,'Vendor-Managed Inventory Relationships Subinventory', 'VENDOR-MANAGED_INVENTORY_RELATIONSHIPS_SUBINVENTORY', 'Vendor-Managed Inventory Relationships Subinventory', 'SCM', 706, 'VCS_VMI_RELATIONSHIP_SUBS_INT','FBDI', NULL, 2, 'VCS_VMI_RELATIONSHIP_SUBS_INT','MSC_COLLECTION_DML_ERRORS',  'VcsVMIRelationshipSubs', 'VcsVMIRelationshipsImportTemplate', NULL, 30000, 'VCS_VMI_RELATIONSHIP_SUBS', current_date, 'riteadmin', current_date, 'riteadmin', NULL, NULL, NULL, NULL,NULL, NULL, NULL, NULL, NULL, NULL, NULL, NULL, NULL, NULL, NULL,'DATA_MIGRATION', 'VENDOR_MANAGED_INV_REL_SUB', 'CR_VENDOR_MANAGED_INV_REL_SUB_C', 'CR_VENDOR_MANAGED_INV_REL_SUB_CLD');


-- WORKER
INSERT INTO cr_objects (object_id,object_name,object_code,user_object_name,module_code,parent_object_id,fbdi_sheet,hdl_sheet,loader_endpoint,re_con_query,sequence_in_parent,interface_table_name,rejection_table_name,ctl_file_name,xlsm_file_name,immediate_parent,batch_size,base_tables,creation_date,created_by,last_update_date,last_update_by,attribute1,attribute2,attribute3,attribute4,attribute5,attribute6,attribute7,attribute8,attribute9,attribute10,attribute11,attribute12,attribute13,attribute14,attribute15,conversion_type,cld_template_code,cld_metadata_table_name,cld_template_name) VALUES
	(709,'Worker Parent','WORKER','Worker','HCM',NULL,NULL,NULL,NULL,NULL,NULL,NULL,NULL,NULL,NULL,NULL,NULL,NULL,current_date,'riteadmin',current_date,'riteadmin',NULL,NULL,NULL,NULL,NULL,NULL,NULL,NULL,NULL,NULL,NULL,NULL,NULL,NULL,NULL,NULL,NULL,NULL,NULL);
INSERT INTO cr_objects (object_id,object_name,object_code,user_object_name,module_code,parent_object_id,fbdi_sheet,hdl_sheet,loader_endpoint,re_con_query,sequence_in_parent,interface_table_name,rejection_table_name,ctl_file_name,xlsm_file_name,immediate_parent,batch_size,base_tables,creation_date,created_by,last_update_date,last_update_by,attribute1,attribute2,attribute3,attribute4,attribute5,attribute6,attribute7,attribute8,attribute9,attribute10,attribute11,attribute12,attribute13,attribute14,attribute15,conversion_type,cld_template_code,cld_metadata_table_name,cld_template_name) VALUES
	(710,'Assignment','ASSIGNMENT','Assignment','HCM',709,'','','HDL',NULL,NULL,NULL,NULL,NULL,NULL,'WORKER',NULL,NULL,current_date,'riteadmin',current_date,'riteadmin',NULL,NULL,NULL,NULL,NULL,NULL,NULL,NULL,NULL,NULL,NULL,NULL,NULL,NULL,NULL,NULL,'ASSIGNMENT','CR_ASSIGNMENT_CLD','CR_ASSIGNMENT_C');
INSERT INTO cr_object_information (object_id,info_type,info_value,info_description,additional_information1,additional_information2,additional_information3,additional_information4,additional_information5,creation_date,created_by,last_update_date,last_update_by,attribute1,attribute2,attribute3,attribute4,attribute5,attribute6,attribute7,attribute8,attribute9,attribute10,attribute11,attribute12,attribute13,attribute14,attribute15) VALUES
	(710,'DocumentAccount','hcm$/dataloader$/import$','','',NULL,NULL,NULL,NULL,current_date,'riteadmin',current_date,'riteadmin',NULL,NULL,NULL,NULL,NULL,NULL,NULL,NULL,NULL,NULL,NULL,NULL,NULL,NULL,NULL),
	(710,'DocumentSecurityGroup','FAFusionImportExport','','',NULL,NULL,NULL,NULL,current_date,'riteadmin',current_date,'riteadmin',NULL,NULL,NULL,NULL,NULL,NULL,NULL,NULL,NULL,NULL,NULL,NULL,NULL,NULL,NULL),
	(710,'Enable Object','Y','','',NULL,NULL,NULL,NULL,current_date,'riteadmin',current_date,'riteadmin',NULL,NULL,NULL,NULL,NULL,NULL,NULL,NULL,NULL,NULL,NULL,NULL,NULL,NULL,NULL);


INSERT INTO cr_objects (object_id,object_name,object_code,user_object_name,module_code,parent_object_id,fbdi_sheet,hdl_sheet,loader_endpoint,re_con_query,sequence_in_parent,interface_table_name,rejection_table_name,ctl_file_name,xlsm_file_name,immediate_parent,batch_size,base_tables,creation_date,created_by,last_update_date,last_update_by,attribute1,attribute2,attribute3,attribute4,attribute5,attribute6,attribute7,attribute8,attribute9,attribute10,attribute11,attribute12,attribute13,attribute14,attribute15,conversion_type,cld_template_code,cld_metadata_table_name,cld_template_name) VALUES
	(711,'Assignment Supervisor','ASSIGNMENT_SUPERVISOR','Assignment Supervisor','HCM',709,'','','HDL',NULL,NULL,NULL,NULL,NULL,NULL,'WORKER',NULL,NULL,current_date,'riteadmin',current_date,'riteadmin',NULL,NULL,NULL,NULL,NULL,NULL,NULL,NULL,NULL,NULL,NULL,NULL,NULL,NULL,NULL,NULL,'ASSIGNMENT_SUPERVISOR','CR_ASSIGNMENT_SUPERVISOR_CLD','CR_ASSIGNMENT_SUPERVISOR_C');
INSERT INTO cr_object_information (object_id,info_type,info_value,info_description,additional_information1,additional_information2,additional_information3,additional_information4,additional_information5,creation_date,created_by,last_update_date,last_update_by,attribute1,attribute2,attribute3,attribute4,attribute5,attribute6,attribute7,attribute8,attribute9,attribute10,attribute11,attribute12,attribute13,attribute14,attribute15) VALUES
	(711,'DocumentAccount','hcm$/dataloader$/import$','','',NULL,NULL,NULL,NULL,current_date,'riteadmin',current_date,'riteadmin',NULL,NULL,NULL,NULL,NULL,NULL,NULL,NULL,NULL,NULL,NULL,NULL,NULL,NULL,NULL),
	(711,'DocumentSecurityGroup','FAFusionImportExport','','',NULL,NULL,NULL,NULL,current_date,'riteadmin',current_date,'riteadmin',NULL,NULL,NULL,NULL,NULL,NULL,NULL,NULL,NULL,NULL,NULL,NULL,NULL,NULL,NULL),
	(711,'Enable Object','Y','','',NULL,NULL,NULL,NULL,current_date,'riteadmin',current_date,'riteadmin',NULL,NULL,NULL,NULL,NULL,NULL,NULL,NULL,NULL,NULL,NULL,NULL,NULL,NULL,NULL);


INSERT INTO cr_objects (object_id,object_name,object_code,user_object_name,module_code,parent_object_id,fbdi_sheet,hdl_sheet,loader_endpoint,re_con_query,sequence_in_parent,interface_table_name,rejection_table_name,ctl_file_name,xlsm_file_name,immediate_parent,batch_size,base_tables,creation_date,created_by,last_update_date,last_update_by,attribute1,attribute2,attribute3,attribute4,attribute5,attribute6,attribute7,attribute8,attribute9,attribute10,attribute11,attribute12,attribute13,attribute14,attribute15,conversion_type,cld_template_code,cld_metadata_table_name,cld_template_name) VALUES
	(712,'Person Email','PERSON_EMAIL','Person Email','HCM',709,'','','HDL',NULL,NULL,NULL,NULL,NULL,NULL,'WORKER',NULL,NULL,current_date,'riteadmin',current_date,'riteadmin',NULL,NULL,NULL,NULL,NULL,NULL,NULL,NULL,NULL,NULL,NULL,NULL,NULL,NULL,NULL,NULL,'PERSON_EMAIL','CR_PERSON_EMAIL_CLD','CR_PERSON_EMAIL_C');

INSERT INTO cr_object_information (object_id,info_type,info_value,info_description,additional_information1,additional_information2,additional_information3,additional_information4,additional_information5,creation_date,created_by,last_update_date,last_update_by,attribute1,attribute2,attribute3,attribute4,attribute5,attribute6,attribute7,attribute8,attribute9,attribute10,attribute11,attribute12,attribute13,attribute14,attribute15) VALUES
	(712,'DocumentAccount','hcm$/dataloader$/import$','','',NULL,NULL,NULL,NULL,current_date,'riteadmin',current_date,'riteadmin',NULL,NULL,NULL,NULL,NULL,NULL,NULL,NULL,NULL,NULL,NULL,NULL,NULL,NULL,NULL),
	(712,'DocumentSecurityGroup','FAFusionImportExport','','',NULL,NULL,NULL,NULL,current_date,'riteadmin',current_date,'riteadmin',NULL,NULL,NULL,NULL,NULL,NULL,NULL,NULL,NULL,NULL,NULL,NULL,NULL,NULL,NULL),
	(712,'Enable Object','Y','','',NULL,NULL,NULL,NULL,current_date,'riteadmin',current_date,'riteadmin',NULL,NULL,NULL,NULL,NULL,NULL,NULL,NULL,NULL,NULL,NULL,NULL,NULL,NULL,NULL);


INSERT INTO cr_objects (object_id,object_name,object_code,user_object_name,module_code,parent_object_id,fbdi_sheet,hdl_sheet,loader_endpoint,re_con_query,sequence_in_parent,interface_table_name,rejection_table_name,ctl_file_name,xlsm_file_name,immediate_parent,batch_size,base_tables,creation_date,created_by,last_update_date,last_update_by,attribute1,attribute2,attribute3,attribute4,attribute5,attribute6,attribute7,attribute8,attribute9,attribute10,attribute11,attribute12,attribute13,attribute14,attribute15,conversion_type,cld_template_code,cld_metadata_table_name,cld_template_name) VALUES
	(713,'Person Name','PERSON_NAME','Person Name','HCM',709,'','','HDL',NULL,NULL,NULL,NULL,NULL,NULL,'WORKER',NULL,NULL,current_date,'riteadmin',current_date,'riteadmin',NULL,NULL,NULL,NULL,NULL,NULL,NULL,NULL,NULL,NULL,NULL,NULL,NULL,NULL,NULL,NULL,'PERSON_NAME','CR_PERSON_NAME_CLD','CR_PERSON_NAME_C');

INSERT INTO cr_object_information (object_id,info_type,info_value,info_description,additional_information1,additional_information2,additional_information3,additional_information4,additional_information5,creation_date,created_by,last_update_date,last_update_by,attribute1,attribute2,attribute3,attribute4,attribute5,attribute6,attribute7,attribute8,attribute9,attribute10,attribute11,attribute12,attribute13,attribute14,attribute15) VALUES
	(713,'DocumentAccount','hcm$/dataloader$/import$','','',NULL,NULL,NULL,NULL,current_date,'riteadmin',current_date,'riteadmin',NULL,NULL,NULL,NULL,NULL,NULL,NULL,NULL,NULL,NULL,NULL,NULL,NULL,NULL,NULL),
	(713,'DocumentSecurityGroup','FAFusionImportExport','','',NULL,NULL,NULL,NULL,current_date,'riteadmin',current_date,'riteadmin',NULL,NULL,NULL,NULL,NULL,NULL,NULL,NULL,NULL,NULL,NULL,NULL,NULL,NULL,NULL),
	(713,'Enable Object','Y','','',NULL,NULL,NULL,NULL,current_date,'riteadmin',current_date,'riteadmin',NULL,NULL,NULL,NULL,NULL,NULL,NULL,NULL,NULL,NULL,NULL,NULL,NULL,NULL,NULL);


INSERT INTO cr_objects (object_id,object_name,object_code,user_object_name,module_code,parent_object_id,fbdi_sheet,hdl_sheet,loader_endpoint,re_con_query,sequence_in_parent,interface_table_name,rejection_table_name,ctl_file_name,xlsm_file_name,immediate_parent,batch_size,base_tables,creation_date,created_by,last_update_date,last_update_by,attribute1,attribute2,attribute3,attribute4,attribute5,attribute6,attribute7,attribute8,attribute9,attribute10,attribute11,attribute12,attribute13,attribute14,attribute15,conversion_type,cld_template_code,cld_metadata_table_name,cld_template_name) VALUES
	(714,'Person National Identifier','PERSON_NATIONAL_IDENTIFIER','Person National Identifier','HCM',709,NULL,NULL,'HDL',NULL,NULL,NULL,NULL,NULL,NULL,'WORKER',NULL,NULL,current_date,'riteadmin',current_date,'riteadmin',NULL,NULL,NULL,NULL,NULL,NULL,NULL,NULL,NULL,NULL,NULL,NULL,NULL,NULL,NULL,NULL,'PERSON_NATIONAL_IDENTIFIER','CR_PERSON_NATIONAL_IDENTIFIER_CLD','CR_PERSON_NATIONAL_IDENTIFIER_C');

INSERT INTO cr_object_information (object_id,info_type,info_value,info_description,additional_information1,additional_information2,additional_information3,additional_information4,additional_information5,creation_date,created_by,last_update_date,last_update_by,attribute1,attribute2,attribute3,attribute4,attribute5,attribute6,attribute7,attribute8,attribute9,attribute10,attribute11,attribute12,attribute13,attribute14,attribute15) VALUES
	(714,'DocumentAccount','hcm$/dataloader$/import$','','',NULL,NULL,NULL,NULL,current_date,'riteadmin',current_date,'riteadmin',NULL,NULL,NULL,NULL,NULL,NULL,NULL,NULL,NULL,NULL,NULL,NULL,NULL,NULL,NULL),
	(714,'DocumentSecurityGroup','FAFusionImportExport','','',NULL,NULL,NULL,NULL,current_date,'riteadmin',current_date,'riteadmin',NULL,NULL,NULL,NULL,NULL,NULL,NULL,NULL,NULL,NULL,NULL,NULL,NULL,NULL,NULL),
	(714,'Enable Object','Y','','',NULL,NULL,NULL,NULL,current_date,'riteadmin',current_date,'riteadmin',NULL,NULL,NULL,NULL,NULL,NULL,NULL,NULL,NULL,NULL,NULL,NULL,NULL,NULL,NULL);


INSERT INTO cr_objects (object_id,object_name,object_code,user_object_name,module_code,parent_object_id,fbdi_sheet,hdl_sheet,loader_endpoint,re_con_query,sequence_in_parent,interface_table_name,rejection_table_name,ctl_file_name,xlsm_file_name,immediate_parent,batch_size,base_tables,creation_date,created_by,last_update_date,last_update_by,attribute1,attribute2,attribute3,attribute4,attribute5,attribute6,attribute7,attribute8,attribute9,attribute10,attribute11,attribute12,attribute13,attribute14,attribute15,conversion_type,cld_template_code,cld_metadata_table_name,cld_template_name) VALUES
	(715,'Work Relationship','WORK_RELATIONSHIP','Work Relationship','HCM',709,'','','HDL',NULL,NULL,NULL,NULL,NULL,NULL,'WORKER',NULL,NULL,current_date,'riteadmin',current_date,'riteadmin',NULL,NULL,NULL,NULL,NULL,NULL,NULL,NULL,NULL,NULL,NULL,NULL,NULL,NULL,NULL,NULL,'WORK_RELATIONSHIP','CR_WORK_RELATIONSHIP_CLD','CR_WORK_RELATIONSHIP_C');

INSERT INTO cr_object_information (object_id,info_type,info_value,info_description,additional_information1,additional_information2,additional_information3,additional_information4,additional_information5,creation_date,created_by,last_update_date,last_update_by,attribute1,attribute2,attribute3,attribute4,attribute5,attribute6,attribute7,attribute8,attribute9,attribute10,attribute11,attribute12,attribute13,attribute14,attribute15) VALUES
	(715,'DocumentAccount','hcm$/dataloader$/import$','','',NULL,NULL,NULL,NULL,current_date,'riteadmin',current_date,'riteadmin',NULL,NULL,NULL,NULL,NULL,NULL,NULL,NULL,NULL,NULL,NULL,NULL,NULL,NULL,NULL),
	(715,'DocumentSecurityGroup','FAFusionImportExport','','',NULL,NULL,NULL,NULL,current_date,'riteadmin',current_date,'riteadmin',NULL,NULL,NULL,NULL,NULL,NULL,NULL,NULL,NULL,NULL,NULL,NULL,NULL,NULL,NULL),
	(715,'Enable Object','Y','','',NULL,NULL,NULL,NULL,current_date,'riteadmin',current_date,'riteadmin',NULL,NULL,NULL,NULL,NULL,NULL,NULL,NULL,NULL,NULL,NULL,NULL,NULL,NULL,NULL);

INSERT INTO cr_objects (object_id,object_name,object_code,user_object_name,module_code,parent_object_id,fbdi_sheet,hdl_sheet,loader_endpoint,re_con_query,sequence_in_parent,interface_table_name,rejection_table_name,ctl_file_name,xlsm_file_name,immediate_parent,batch_size,base_tables,creation_date,created_by,last_update_date,last_update_by,attribute1,attribute2,attribute3,attribute4,attribute5,attribute6,attribute7,attribute8,attribute9,attribute10,attribute11,attribute12,attribute13,attribute14,attribute15,conversion_type,cld_template_code,cld_metadata_table_name,cld_template_name) VALUES
	(716,'Work Terms','WORK_TERMS','Work Terms','HCM',709,'','','HDL',NULL,NULL,NULL,NULL,NULL,NULL,'WORKER',NULL,NULL,current_date,'riteadmin',current_date,'riteadmin',NULL,NULL,NULL,NULL,NULL,NULL,NULL,NULL,NULL,NULL,NULL,NULL,NULL,NULL,NULL,NULL,'WORK_TERMS','CR_WORK_TERMS_CLD','CR_WORK_TERMS_C');

INSERT INTO cr_object_information (object_id,info_type,info_value,info_description,additional_information1,additional_information2,additional_information3,additional_information4,additional_information5,creation_date,created_by,last_update_date,last_update_by,attribute1,attribute2,attribute3,attribute4,attribute5,attribute6,attribute7,attribute8,attribute9,attribute10,attribute11,attribute12,attribute13,attribute14,attribute15) VALUES
	(716,'DocumentAccount','hcm$/dataloader$/import$','','',NULL,NULL,NULL,NULL,current_date,'riteadmin',current_date,'riteadmin',NULL,NULL,NULL,NULL,NULL,NULL,NULL,NULL,NULL,NULL,NULL,NULL,NULL,NULL,NULL),
	(716,'DocumentSecurityGroup','FAFusionImportExport','','',NULL,NULL,NULL,NULL,current_date,'riteadmin',current_date,'riteadmin',NULL,NULL,NULL,NULL,NULL,NULL,NULL,NULL,NULL,NULL,NULL,NULL,NULL,NULL,NULL),
	(716,'Enable Object','Y','','',NULL,NULL,NULL,NULL,current_date,'riteadmin',current_date,'riteadmin',NULL,NULL,NULL,NULL,NULL,NULL,NULL,NULL,NULL,NULL,NULL,NULL,NULL,NULL,NULL);

INSERT INTO cr_objects (object_id,object_name,object_code,user_object_name,module_code,parent_object_id,fbdi_sheet,hdl_sheet,loader_endpoint,re_con_query,sequence_in_parent,interface_table_name,rejection_table_name,ctl_file_name,xlsm_file_name,immediate_parent,batch_size,base_tables,creation_date,created_by,last_update_date,last_update_by,attribute1,attribute2,attribute3,attribute4,attribute5,attribute6,attribute7,attribute8,attribute9,attribute10,attribute11,attribute12,attribute13,attribute14,attribute15,conversion_type,cld_template_code,cld_metadata_table_name,cld_template_name) VALUES
	(717,'Person Address','PERSON_ADDRESS','Person Address','HCM',709,'','','HDL',NULL,NULL,NULL,NULL,NULL,NULL,'WORKER',NULL,NULL,current_date,'riteadmin',current_date,'riteadmin',NULL,NULL,NULL,NULL,NULL,NULL,NULL,NULL,NULL,NULL,NULL,NULL,NULL,NULL,NULL,NULL,'PERSON_ADDRESS','CR_PERSON_ADDRESS_CLD','CR_PERSON_ADDRESS_C');

INSERT INTO cr_object_information (object_id,info_type,info_value,info_description,additional_information1,additional_information2,additional_information3,additional_information4,additional_information5,creation_date,created_by,last_update_date,last_update_by,attribute1,attribute2,attribute3,attribute4,attribute5,attribute6,attribute7,attribute8,attribute9,attribute10,attribute11,attribute12,attribute13,attribute14,attribute15) VALUES
	(717,'DocumentAccount','hcm$/dataloader$/import$','','',NULL,NULL,NULL,NULL,current_date,'riteadmin',current_date,'riteadmin',NULL,NULL,NULL,NULL,NULL,NULL,NULL,NULL,NULL,NULL,NULL,NULL,NULL,NULL,NULL),
	(717,'DocumentSecurityGroup','FAFusionImportExport','','',NULL,NULL,NULL,NULL,current_date,'riteadmin',current_date,'riteadmin',NULL,NULL,NULL,NULL,NULL,NULL,NULL,NULL,NULL,NULL,NULL,NULL,NULL,NULL,NULL),
	(717,'Enable Object','Y','','',NULL,NULL,NULL,NULL,current_date,'riteadmin',current_date,'riteadmin',NULL,NULL,NULL,NULL,NULL,NULL,NULL,NULL,NULL,NULL,NULL,NULL,NULL,NULL,NULL);

INSERT INTO cr_objects (object_id,object_name,object_code,user_object_name,module_code,parent_object_id,fbdi_sheet,hdl_sheet,loader_endpoint,re_con_query,sequence_in_parent,interface_table_name,rejection_table_name,ctl_file_name,xlsm_file_name,immediate_parent,batch_size,base_tables,creation_date,created_by,last_update_date,last_update_by,attribute1,attribute2,attribute3,attribute4,attribute5,attribute6,attribute7,attribute8,attribute9,attribute10,attribute11,attribute12,attribute13,attribute14,attribute15,conversion_type,cld_template_code,cld_metadata_table_name,cld_template_name) VALUES
	(718,'Worker','WORKER','Worker','HCM',709,'','','HDL',NULL,NULL,NULL,NULL,NULL,NULL,'WORKER',NULL,NULL,current_date,'riteadmin',current_date,'riteadmin',NULL,NULL,NULL,NULL,NULL,NULL,NULL,NULL,NULL,NULL,NULL,NULL,NULL,NULL,NULL,NULL,'WORKER','CR_WORKER_CLD','CR_WORKER_C');

INSERT INTO cr_object_information (object_id,info_type,info_value,info_description,additional_information1,additional_information2,additional_information3,additional_information4,additional_information5,creation_date,created_by,last_update_date,last_update_by,attribute1,attribute2,attribute3,attribute4,attribute5,attribute6,attribute7,attribute8,attribute9,attribute10,attribute11,attribute12,attribute13,attribute14,attribute15) VALUES
	(718,'DocumentAccount','hcm$/dataloader$/import$','','',NULL,NULL,NULL,NULL,current_date,'riteadmin',current_date,'riteadmin',NULL,NULL,NULL,NULL,NULL,NULL,NULL,NULL,NULL,NULL,NULL,NULL,NULL,NULL,NULL),
	(718,'DocumentSecurityGroup','FAFusionImportExport','','',NULL,NULL,NULL,NULL,current_date,'riteadmin',current_date,'riteadmin',NULL,NULL,NULL,NULL,NULL,NULL,NULL,NULL,NULL,NULL,NULL,NULL,NULL,NULL,NULL),
	(718,'Enable Object','Y','','',NULL,NULL,NULL,NULL,current_date,'riteadmin',current_date,'riteadmin',NULL,NULL,NULL,NULL,NULL,NULL,NULL,NULL,NULL,NULL,NULL,NULL,NULL,NULL,NULL);

INSERT INTO cr_objects (object_id,object_name,object_code,user_object_name,module_code,parent_object_id,fbdi_sheet,hdl_sheet,loader_endpoint,re_con_query,sequence_in_parent,interface_table_name,rejection_table_name,ctl_file_name,xlsm_file_name,immediate_parent,batch_size,base_tables,creation_date,created_by,last_update_date,last_update_by,attribute1,attribute2,attribute3,attribute4,attribute5,attribute6,attribute7,attribute8,attribute9,attribute10,attribute11,attribute12,attribute13,attribute14,attribute15,conversion_type,cld_template_code,cld_metadata_table_name,cld_template_name) VALUES
	(719,'Person Phone','PERSON_PHONE','Person Phone','HCM',709,NULL,NULL,'HDL',NULL,NULL,NULL,NULL,NULL,NULL,'WORKER',NULL,NULL,current_date,'riteadmin',current_date,'riteadmin',NULL,NULL,NULL,NULL,NULL,NULL,NULL,NULL,NULL,NULL,NULL,NULL,NULL,NULL,NULL,NULL,'PERSON_PHONE','CR_PERSON_PHONE_CLD','CR_PERSON_PHONE_C');

INSERT INTO cr_object_information (object_id,info_type,info_value,info_description,additional_information1,additional_information2,additional_information3,additional_information4,additional_information5,creation_date,created_by,last_update_date,last_update_by,attribute1,attribute2,attribute3,attribute4,attribute5,attribute6,attribute7,attribute8,attribute9,attribute10,attribute11,attribute12,attribute13,attribute14,attribute15) VALUES
	(719,'DocumentAccount','hcm$/dataloader$/import$','','',NULL,NULL,NULL,NULL,current_date,'riteadmin',current_date,'riteadmin',NULL,NULL,NULL,NULL,NULL,NULL,NULL,NULL,NULL,NULL,NULL,NULL,NULL,NULL,NULL),
	(719,'DocumentSecurityGroup','FAFusionImportExport','','',NULL,NULL,NULL,NULL,current_date,'riteadmin',current_date,'riteadmin',NULL,NULL,NULL,NULL,NULL,NULL,NULL,NULL,NULL,NULL,NULL,NULL,NULL,NULL,NULL),
	(719,'Enable Object','Y','','',NULL,NULL,NULL,NULL,current_date,'riteadmin',current_date,'riteadmin',NULL,NULL,NULL,NULL,NULL,NULL,NULL,NULL,NULL,NULL,NULL,NULL,NULL,NULL,NULL);

INSERT INTO cr_objects (object_id,object_name,object_code,user_object_name,module_code,parent_object_id,fbdi_sheet,hdl_sheet,loader_endpoint,re_con_query,sequence_in_parent,interface_table_name,rejection_table_name,ctl_file_name,xlsm_file_name,immediate_parent,batch_size,base_tables,creation_date,created_by,last_update_date,last_update_by,attribute1,attribute2,attribute3,attribute4,attribute5,attribute6,attribute7,attribute8,attribute9,attribute10,attribute11,attribute12,attribute13,attribute14,attribute15,conversion_type,cld_template_code,cld_metadata_table_name,cld_template_name) VALUES
	(720,'Person Legislative','PERSON_LEGISLATIVE','Person Legislative','HCM',709,'','','HDL',NULL,NULL,NULL,NULL,NULL,NULL,'WORKER',NULL,NULL,current_date,'riteadmin',current_date,'riteadmin',NULL,NULL,NULL,NULL,NULL,NULL,NULL,NULL,NULL,NULL,NULL,NULL,NULL,NULL,NULL,NULL,'PERSON_LEGISLATIVE','CR_PERSON_LEGISLATIVE_CLD','CR_PERSON_LEGISLATIVE_C');

INSERT INTO cr_object_information (object_id,info_type,info_value,info_description,additional_information1,additional_information2,additional_information3,additional_information4,additional_information5,creation_date,created_by,last_update_date,last_update_by,attribute1,attribute2,attribute3,attribute4,attribute5,attribute6,attribute7,attribute8,attribute9,attribute10,attribute11,attribute12,attribute13,attribute14,attribute15) VALUES
	(720,'DocumentAccount','hcm$/dataloader$/import$','','',NULL,NULL,NULL,NULL,current_date,'riteadmin',current_date,'riteadmin',NULL,NULL,NULL,NULL,NULL,NULL,NULL,NULL,NULL,NULL,NULL,NULL,NULL,NULL,NULL),
	(720,'DocumentSecurityGroup','FAFusionImportExport','','',NULL,NULL,NULL,NULL,current_date,'riteadmin',current_date,'riteadmin',NULL,NULL,NULL,NULL,NULL,NULL,NULL,NULL,NULL,NULL,NULL,NULL,NULL,NULL,NULL),
	(720,'Enable Object','Y','','',NULL,NULL,NULL,NULL,current_date,'riteadmin',current_date,'riteadmin',NULL,NULL,NULL,NULL,NULL,NULL,NULL,NULL,NULL,NULL,NULL,NULL,NULL,NULL,NULL);

INSERT INTO cr_objects (object_id,object_name,object_code,user_object_name,module_code,parent_object_id,fbdi_sheet,hdl_sheet,loader_endpoint,re_con_query,sequence_in_parent,interface_table_name,rejection_table_name,ctl_file_name,xlsm_file_name,immediate_parent,batch_size,base_tables,creation_date,created_by,last_update_date,last_update_by,attribute1,attribute2,attribute3,attribute4,attribute5,attribute6,attribute7,attribute8,attribute9,attribute10,attribute11,attribute12,attribute13,attribute14,attribute15,conversion_type,cld_template_code,cld_metadata_table_name,cld_template_name) VALUES
	(721,'Citizenship','CITIZENSHIP','Citizenship','HCM',709,NULL,NULL,'HDL',NULL,NULL,NULL,NULL,NULL,NULL,'WORKER',NULL,NULL,current_date,'riteadmin',current_date,'riteadmin',NULL,NULL,NULL,NULL,NULL,NULL,NULL,NULL,NULL,NULL,NULL,NULL,NULL,NULL,NULL,NULL,'CITIZENSHIP','CR_CITIZENSHIP_CLD','CR_CITIZENSHIP_C');

INSERT INTO cr_object_information (object_id,info_type,info_value,info_description,additional_information1,additional_information2,additional_information3,additional_information4,additional_information5,creation_date,created_by,last_update_date,last_update_by,attribute1,attribute2,attribute3,attribute4,attribute5,attribute6,attribute7,attribute8,attribute9,attribute10,attribute11,attribute12,attribute13,attribute14,attribute15) VALUES
	(721,'DocumentAccount','hcm$/dataloader$/import$','','',NULL,NULL,NULL,NULL,current_date,'riteadmin',current_date,'riteadmin',NULL,NULL,NULL,NULL,NULL,NULL,NULL,NULL,NULL,NULL,NULL,NULL,NULL,NULL,NULL),
	(721,'DocumentSecurityGroup','FAFusionImportExport','','',NULL,NULL,NULL,NULL,current_date,'riteadmin',current_date,'riteadmin',NULL,NULL,NULL,NULL,NULL,NULL,NULL,NULL,NULL,NULL,NULL,NULL,NULL,NULL,NULL),
	(721,'Enable Object','Y','','',NULL,NULL,NULL,NULL,current_date,'riteadmin',current_date,'riteadmin',NULL,NULL,NULL,NULL,NULL,NULL,NULL,NULL,NULL,NULL,NULL,NULL,NULL,NULL,NULL);

INSERT INTO cr_objects (object_id,object_name,object_code,user_object_name,module_code,parent_object_id,fbdi_sheet,hdl_sheet,loader_endpoint,re_con_query,sequence_in_parent,interface_table_name,rejection_table_name,ctl_file_name,xlsm_file_name,immediate_parent,batch_size,base_tables,creation_date,created_by,last_update_date,last_update_by,attribute1,attribute2,attribute3,attribute4,attribute5,attribute6,attribute7,attribute8,attribute9,attribute10,attribute11,attribute12,attribute13,attribute14,attribute15,conversion_type,cld_template_code,cld_metadata_table_name,cld_template_name) VALUES
	(722,'Driverslicense','DRIVERSLICENSE','Driverslicense','HCM',709,NULL,NULL,'HDL',NULL,NULL,NULL,NULL,NULL,NULL,'WORKER',NULL,NULL,current_date,'riteadmin',current_date,'riteadmin',NULL,NULL,NULL,NULL,NULL,NULL,NULL,NULL,NULL,NULL,NULL,NULL,NULL,NULL,NULL,NULL,'DRIVERSLICENSE','CR_DRIVERSLICENSE_CLD','CR_DRIVERSLICENSE_C');

INSERT INTO cr_object_information (object_id,info_type,info_value,info_description,additional_information1,additional_information2,additional_information3,additional_information4,additional_information5,creation_date,created_by,last_update_date,last_update_by,attribute1,attribute2,attribute3,attribute4,attribute5,attribute6,attribute7,attribute8,attribute9,attribute10,attribute11,attribute12,attribute13,attribute14,attribute15) VALUES
	(722,'DocumentAccount','hcm$/dataloader$/import$','','',NULL,NULL,NULL,NULL,current_date,'riteadmin',current_date,'riteadmin',NULL,NULL,NULL,NULL,NULL,NULL,NULL,NULL,NULL,NULL,NULL,NULL,NULL,NULL,NULL),
	(722,'DocumentSecurityGroup','FAFusionImportExport','','',NULL,NULL,NULL,NULL,current_date,'riteadmin',current_date,'riteadmin',NULL,NULL,NULL,NULL,NULL,NULL,NULL,NULL,NULL,NULL,NULL,NULL,NULL,NULL,NULL),
	(722,'Enable Object','Y','','',NULL,NULL,NULL,NULL,current_date,'riteadmin',current_date,'riteadmin',NULL,NULL,NULL,NULL,NULL,NULL,NULL,NULL,NULL,NULL,NULL,NULL,NULL,NULL,NULL);

INSERT INTO cr_objects (object_id,object_name,object_code,user_object_name,module_code,parent_object_id,fbdi_sheet,hdl_sheet,loader_endpoint,re_con_query,sequence_in_parent,interface_table_name,rejection_table_name,ctl_file_name,xlsm_file_name,immediate_parent,batch_size,base_tables,creation_date,created_by,last_update_date,last_update_by,attribute1,attribute2,attribute3,attribute4,attribute5,attribute6,attribute7,attribute8,attribute9,attribute10,attribute11,attribute12,attribute13,attribute14,attribute15,conversion_type,cld_template_code,cld_metadata_table_name,cld_template_name) VALUES
	(723,'Passport','PASSPORT','Passport','HCM',709,NULL,NULL,'HDL',NULL,NULL,NULL,NULL,NULL,NULL,'WORKER',NULL,NULL,current_date,'riteadmin',current_date,'riteadmin',NULL,NULL,NULL,NULL,NULL,NULL,NULL,NULL,NULL,NULL,NULL,NULL,NULL,NULL,NULL,NULL,'PASSPORT','CR_PASSPORT_CLD','CR_PASSPORT_C');

INSERT INTO cr_object_information (object_id,info_type,info_value,info_description,additional_information1,additional_information2,additional_information3,additional_information4,additional_information5,creation_date,created_by,last_update_date,last_update_by,attribute1,attribute2,attribute3,attribute4,attribute5,attribute6,attribute7,attribute8,attribute9,attribute10,attribute11,attribute12,attribute13,attribute14,attribute15) VALUES
	(723,'DocumentAccount','hcm$/dataloader$/import$','','',NULL,NULL,NULL,NULL,current_date,'riteadmin',current_date,'riteadmin',NULL,NULL,NULL,NULL,NULL,NULL,NULL,NULL,NULL,NULL,NULL,NULL,NULL,NULL,NULL),
	(723,'DocumentSecurityGroup','FAFusionImportExport','','',NULL,NULL,NULL,NULL,current_date,'riteadmin',current_date,'riteadmin',NULL,NULL,NULL,NULL,NULL,NULL,NULL,NULL,NULL,NULL,NULL,NULL,NULL,NULL,NULL),
	(723,'Enable Object','Y','','',NULL,NULL,NULL,NULL,current_date,'riteadmin',current_date,'riteadmin',NULL,NULL,NULL,NULL,NULL,NULL,NULL,NULL,NULL,NULL,NULL,NULL,NULL,NULL,NULL);

INSERT INTO cr_objects (object_id,object_name,object_code,user_object_name,module_code,parent_object_id,fbdi_sheet,hdl_sheet,loader_endpoint,re_con_query,sequence_in_parent,interface_table_name,rejection_table_name,ctl_file_name,xlsm_file_name,immediate_parent,batch_size,base_tables,creation_date,created_by,last_update_date,last_update_by,attribute1,attribute2,attribute3,attribute4,attribute5,attribute6,attribute7,attribute8,attribute9,attribute10,attribute11,attribute12,attribute13,attribute14,attribute15,conversion_type,cld_template_code,cld_metadata_table_name,cld_template_name) VALUES
	(724,'Visa','VISA','Visa','HCM',709,NULL,NULL,'HDL',NULL,NULL,NULL,NULL,NULL,NULL,'WORKER',NULL,NULL,current_date,'riteadmin',current_date,'riteadmin',NULL,NULL,NULL,NULL,NULL,NULL,NULL,NULL,NULL,NULL,NULL,NULL,NULL,NULL,NULL,NULL,'VISA','CR_VISA_CLD','CR_VISA_C');
INSERT INTO cr_object_information (object_id,info_type,info_value,info_description,additional_information1,additional_information2,additional_information3,additional_information4,additional_information5,creation_date,created_by,last_update_date,last_update_by,attribute1,attribute2,attribute3,attribute4,attribute5,attribute6,attribute7,attribute8,attribute9,attribute10,attribute11,attribute12,attribute13,attribute14,attribute15) VALUES
	(724,'DocumentAccount','hcm$/dataloader$/import$','','',NULL,NULL,NULL,NULL,current_date,'riteadmin',current_date,'riteadmin',NULL,NULL,NULL,NULL,NULL,NULL,NULL,NULL,NULL,NULL,NULL,NULL,NULL,NULL,NULL),
	(724,'DocumentSecurityGroup','FAFusionImportExport','','',NULL,NULL,NULL,NULL,current_date,'riteadmin',current_date,'riteadmin',NULL,NULL,NULL,NULL,NULL,NULL,NULL,NULL,NULL,NULL,NULL,NULL,NULL,NULL,NULL),
	(724,'Enable Object','Y','','',NULL,NULL,NULL,NULL,current_date,'riteadmin',current_date,'riteadmin',NULL,NULL,NULL,NULL,NULL,NULL,NULL,NULL,NULL,NULL,NULL,NULL,NULL,NULL,NULL);


INSERT INTO cr_objects (object_id,object_name,object_code,user_object_name,module_code,parent_object_id,fbdi_sheet,hdl_sheet,loader_endpoint,re_con_query,sequence_in_parent,interface_table_name,rejection_table_name,ctl_file_name,xlsm_file_name,immediate_parent,batch_size,base_tables,creation_date,created_by,last_update_date,last_update_by,attribute1,attribute2,attribute3,attribute4,attribute5,attribute6,attribute7,attribute8,attribute9,attribute10,attribute11,attribute12,attribute13,attribute14,attribute15,conversion_type,cld_template_code,cld_metadata_table_name,cld_template_name) VALUES
	(725,'WorkMeasure','WORKMEASURE','WorkMeasure','HCM',709,NULL,NULL,'HDL',NULL,NULL,NULL,NULL,NULL,NULL,'WORKER',NULL,NULL,current_date,'riteadmin',current_date,'riteadmin',NULL,NULL,NULL,NULL,NULL,NULL,NULL,NULL,NULL,NULL,NULL,NULL,NULL,NULL,NULL,NULL,'WORKMEASURE','CR_WORKMEASURE_CLD','CR_WORKMEASURE_C');

INSERT INTO cr_object_information (object_id,info_type,info_value,info_description,additional_information1,additional_information2,additional_information3,additional_information4,additional_information5,creation_date,created_by,last_update_date,last_update_by,attribute1,attribute2,attribute3,attribute4,attribute5,attribute6,attribute7,attribute8,attribute9,attribute10,attribute11,attribute12,attribute13,attribute14,attribute15) VALUES
	(725,'DocumentAccount','hcm$/dataloader$/import$','','',NULL,NULL,NULL,NULL,current_date,'riteadmin',current_date,'riteadmin',NULL,NULL,NULL,NULL,NULL,NULL,NULL,NULL,NULL,NULL,NULL,NULL,NULL,NULL,NULL),
	(725,'DocumentSecurityGroup','FAFusionImportExport','','',NULL,NULL,NULL,NULL,current_date,'riteadmin',current_date,'riteadmin',NULL,NULL,NULL,NULL,NULL,NULL,NULL,NULL,NULL,NULL,NULL,NULL,NULL,NULL,NULL),
	(725,'Enable Object','Y','','',NULL,NULL,NULL,NULL,current_date,'riteadmin',current_date,'riteadmin',NULL,NULL,NULL,NULL,NULL,NULL,NULL,NULL,NULL,NULL,NULL,NULL,NULL,NULL,NULL);

INSERT INTO cr_objects (object_id,object_name,object_code,user_object_name,module_code,parent_object_id,fbdi_sheet,hdl_sheet,loader_endpoint,re_con_query,sequence_in_parent,interface_table_name,rejection_table_name,ctl_file_name,xlsm_file_name,immediate_parent,batch_size,base_tables,creation_date,created_by,last_update_date,last_update_by,attribute1,attribute2,attribute3,attribute4,attribute5,attribute6,attribute7,attribute8,attribute9,attribute10,attribute11,attribute12,attribute13,attribute14,attribute15,conversion_type,cld_template_code,cld_metadata_table_name,cld_template_name) VALUES
	(726,'WorkHourpattern','WORKHOURPATTERN','WorkHourpattern','HCM',709,NULL,NULL,'HDL',NULL,NULL,NULL,NULL,NULL,NULL,'WORKER',NULL,NULL,current_date,'riteadmin',current_date,'riteadmin',NULL,NULL,NULL,NULL,NULL,NULL,NULL,NULL,NULL,NULL,NULL,NULL,NULL,NULL,NULL,NULL,'WORKHOURPATTERN','CR_WORKHOURPATTERN_CLD','CR_WORKHOURPATTERN_C');

INSERT INTO cr_object_information (object_id,info_type,info_value,info_description,additional_information1,additional_information2,additional_information3,additional_information4,additional_information5,creation_date,created_by,last_update_date,last_update_by,attribute1,attribute2,attribute3,attribute4,attribute5,attribute6,attribute7,attribute8,attribute9,attribute10,attribute11,attribute12,attribute13,attribute14,attribute15) VALUES
	(726,'DocumentAccount','hcm$/dataloader$/import$','','',NULL,NULL,NULL,NULL,current_date,'riteadmin',current_date,'riteadmin',NULL,NULL,NULL,NULL,NULL,NULL,NULL,NULL,NULL,NULL,NULL,NULL,NULL,NULL,NULL),
	(726,'DocumentSecurityGroup','FAFusionImportExport','','',NULL,NULL,NULL,NULL,current_date,'riteadmin',current_date,'riteadmin',NULL,NULL,NULL,NULL,NULL,NULL,NULL,NULL,NULL,NULL,NULL,NULL,NULL,NULL,NULL),
	(726,'Enable Object','Y','','',NULL,NULL,NULL,NULL,current_date,'riteadmin',current_date,'riteadmin',NULL,NULL,NULL,NULL,NULL,NULL,NULL,NULL,NULL,NULL,NULL,NULL,NULL,NULL,NULL);

INSERT INTO cr_objects (object_id,object_name,object_code,user_object_name,module_code,parent_object_id,fbdi_sheet,hdl_sheet,loader_endpoint,re_con_query,sequence_in_parent,interface_table_name,rejection_table_name,ctl_file_name,xlsm_file_name,immediate_parent,batch_size,base_tables,creation_date,created_by,last_update_date,last_update_by,attribute1,attribute2,attribute3,attribute4,attribute5,attribute6,attribute7,attribute8,attribute9,attribute10,attribute11,attribute12,attribute13,attribute14,attribute15,conversion_type,cld_template_code,cld_metadata_table_name,cld_template_name) VALUES
	(727,'Contract','CONTRACT','Contract','HCM',709,NULL,NULL,'HDL',NULL,NULL,NULL,NULL,NULL,NULL,'WORKER',NULL,NULL,current_date,'riteadmin',current_date,'riteadmin',NULL,NULL,NULL,NULL,NULL,NULL,NULL,NULL,NULL,NULL,NULL,NULL,NULL,NULL,NULL,NULL,'CONTRACT','CR_CONTRACT_CLD','CR_CONTRACT_C');

INSERT INTO cr_object_information (object_id,info_type,info_value,info_description,additional_information1,additional_information2,additional_information3,additional_information4,additional_information5,creation_date,created_by,last_update_date,last_update_by,attribute1,attribute2,attribute3,attribute4,attribute5,attribute6,attribute7,attribute8,attribute9,attribute10,attribute11,attribute12,attribute13,attribute14,attribute15) VALUES
	(727,'DocumentAccount','hcm$/dataloader$/import$','','',NULL,NULL,NULL,NULL,current_date,'riteadmin',current_date,'riteadmin',NULL,NULL,NULL,NULL,NULL,NULL,NULL,NULL,NULL,NULL,NULL,NULL,NULL,NULL,NULL),
	(727,'DocumentSecurityGroup','FAFusionImportExport','','',NULL,NULL,NULL,NULL,current_date,'riteadmin',current_date,'riteadmin',NULL,NULL,NULL,NULL,NULL,NULL,NULL,NULL,NULL,NULL,NULL,NULL,NULL,NULL,NULL),
	(727,'Enable Object','Y','','',NULL,NULL,NULL,NULL,current_date,'riteadmin',current_date,'riteadmin',NULL,NULL,NULL,NULL,NULL,NULL,NULL,NULL,NULL,NULL,NULL,NULL,NULL,NULL,NULL);

	
-- User
INSERT INTO cr_objects (object_id,object_name,object_code,user_object_name,module_code,parent_object_id,fbdi_sheet,hdl_sheet,loader_endpoint,re_con_query,sequence_in_parent,interface_table_name,rejection_table_name,ctl_file_name,xlsm_file_name,immediate_parent,batch_size,base_tables,creation_date,created_by,last_update_date,last_update_by,attribute1,attribute2,attribute3,attribute4,attribute5,attribute6,attribute7,attribute8,attribute9,attribute10,attribute11,attribute12,attribute13,attribute14,attribute15,conversion_type,cld_template_code,cld_metadata_table_name,cld_template_name) VALUES
	(728,'User_Parent','User_Parent','User_Parent','HCM',NULL,NULL,NULL,NULL,NULL,NULL,NULL,NULL,NULL,NULL,NULL,NULL,NULL,current_date,'rite_admin',current_date,'rite_admin',NULL,NULL,NULL,NULL,NULL,NULL,NULL,NULL,NULL,NULL,NULL,NULL,NULL,NULL,NULL,NULL,NULL,NULL,NULL);
INSERT INTO cr_objects (object_id,object_name,object_code,user_object_name,module_code,parent_object_id,fbdi_sheet,hdl_sheet,loader_endpoint,re_con_query,sequence_in_parent,interface_table_name,rejection_table_name,ctl_file_name,xlsm_file_name,immediate_parent,batch_size,base_tables,creation_date,created_by,last_update_date,last_update_by,attribute1,attribute2,attribute3,attribute4,attribute5,attribute6,attribute7,attribute8,attribute9,attribute10,attribute11,attribute12,attribute13,attribute14,attribute15,conversion_type,cld_template_code,cld_metadata_table_name,cld_template_name) VALUES
	(729,'User','User','User','HCM',728,'',NULL,'HDL',NULL,NULL,NULL,NULL,NULL,NULL,NULL,NULL,NULL,current_date,'rite_admin',current_date,'riteadmin',NULL,NULL,NULL,NULL,NULL,NULL,NULL,NULL,NULL,NULL,NULL,NULL,NULL,NULL,NULL,NULL,'User','CR_User_CLD','CR_User_C');

INSERT INTO cr_object_information (object_id,info_type,info_value,info_description,additional_information1,additional_information2,additional_information3,additional_information4,additional_information5,creation_date,created_by,last_update_date,last_update_by,attribute1,attribute2,attribute3,attribute4,attribute5,attribute6,attribute7,attribute8,attribute9,attribute10,attribute11,attribute12,attribute13,attribute14,attribute15) VALUES
	(729,'Sequence','1','','',NULL,NULL,NULL,NULL,current_date,'riteadmin',current_date,'riteadmin',NULL,NULL,NULL,NULL,NULL,NULL,NULL,NULL,NULL,NULL,NULL,NULL,NULL,NULL,NULL),
	(729,'DocumentAccount','hcm$/dataloader$/import$','','',NULL,NULL,NULL,NULL,current_date,'riteadmin',current_date,'riteadmin',NULL,NULL,NULL,NULL,NULL,NULL,NULL,NULL,NULL,NULL,NULL,NULL,NULL,NULL,NULL),
	(729,'DocumentSecurityGroup','FAFusionImportExport','','',NULL,NULL,NULL,NULL,current_date,'riteadmin',current_date,'riteadmin',NULL,NULL,NULL,NULL,NULL,NULL,NULL,NULL,NULL,NULL,NULL,NULL,NULL,NULL,NULL),
	(729,'Enable Object','Y','','',NULL,NULL,NULL,NULL,current_date,'riteadmin',current_date,'riteadmin',NULL,NULL,NULL,NULL,NULL,NULL,NULL,NULL,NULL,NULL,NULL,NULL,NULL,NULL,NULL);

INSERT INTO cr_objects (object_id,object_name,object_code,user_object_name,module_code,parent_object_id,fbdi_sheet,hdl_sheet,loader_endpoint,re_con_query,sequence_in_parent,interface_table_name,rejection_table_name,ctl_file_name,xlsm_file_name,immediate_parent,batch_size,base_tables,creation_date,created_by,last_update_date,last_update_by,attribute1,attribute2,attribute3,attribute4,attribute5,attribute6,attribute7,attribute8,attribute9,attribute10,attribute11,attribute12,attribute13,attribute14,attribute15,conversion_type,cld_template_code,cld_metadata_table_name,cld_template_name) VALUES
	(730,'UserRole','UserRole','UserRole','HCM',728,'',NULL,'HDL',NULL,NULL,NULL,NULL,NULL,NULL,NULL,NULL,NULL,current_date,'rite_admin',current_date,'riteadmin',NULL,NULL,NULL,NULL,NULL,NULL,NULL,NULL,NULL,NULL,NULL,NULL,NULL,NULL,NULL,NULL,'UserRole','CR_UserRole_CLD','CR_UserRole_C');

INSERT INTO cr_object_information (object_id,info_type,info_value,info_description,additional_information1,additional_information2,additional_information3,additional_information4,additional_information5,creation_date,created_by,last_update_date,last_update_by,attribute1,attribute2,attribute3,attribute4,attribute5,attribute6,attribute7,attribute8,attribute9,attribute10,attribute11,attribute12,attribute13,attribute14,attribute15) VALUES
	(730,'Sequence','2','','',NULL,NULL,NULL,NULL,current_date,'riteadmin',current_date,'riteadmin',NULL,NULL,NULL,NULL,NULL,NULL,NULL,NULL,NULL,NULL,NULL,NULL,NULL,NULL,NULL),
	(730,'DocumentAccount','hcm$/dataloader$/import$','','',NULL,NULL,NULL,NULL,current_date,'riteadmin',current_date,'riteadmin',NULL,NULL,NULL,NULL,NULL,NULL,NULL,NULL,NULL,NULL,NULL,NULL,NULL,NULL,NULL),
	(730,'DocumentSecurityGroup','FAFusionImportExport','','',NULL,NULL,NULL,NULL,current_date,'riteadmin',current_date,'riteadmin',NULL,NULL,NULL,NULL,NULL,NULL,NULL,NULL,NULL,NULL,NULL,NULL,NULL,NULL,NULL),
	(730,'Enable Object','Y','','',NULL,NULL,NULL,NULL,current_date,'riteadmin',current_date,'riteadmin',NULL,NULL,NULL,NULL,NULL,NULL,NULL,NULL,NULL,NULL,NULL,NULL,NULL,NULL,NULL);


--Script to set the sequence to max value

select setval('cr_objects_object_id_seq', (SELECT max(object_id ) from cr_objects )+ 1);
select setval('cr_object_information_obj_info_id_seq', (SELECT MAX(obj_info_id) FROM cr_object_information )+ 1);
